{
    "version": "5.4.1",
    "flags": {},
    "shapes": [
        {
            "label": "multiple osteochondromas",
            "points": [
                [
                    215.17988302332003,
                    68.61239551171023
                ],
                [
                    256.5645254411728,
                    116.1661771719758
                ]
            ],
            "group_id": null,
            "description": "",
            "shape_type": "rectangle",
            "flags": {},
            "mask": null
        },
        {
            "label": "multiple osteochondromas",
            "points": [
                [
                    163.68470684706853,
                    317.83160013418313
                ],
                [
                    283.2974621582951,
                    390.1787785224791
                ]
            ],
            "group_id": null,
            "description": "",
            "shape_type": "rectangle",
            "flags": {},
            "mask": null
        },
        {
            "label": "multiple osteochondromas",
            "points": [
                [
                    216.72216783392327,
                    114.62389236137261
                ],
                [
                    254.7651931621357,
                    74.26743981725532
                ],
                [
                    248.85310138815674,
                    72.72515500665212
                ],
                [
                    244.74034189321486,
                    72.72515500665212
                ],
                [
                    240.1134874614052,
                    72.72515500665212
                ],
                [
                    235.7436804980295,
                    70.4117277907473
                ],
                [
                    229.8315887240505,
                    72.46810753821825
                ],
                [
                    226.23292416597636,
                    79.15134171749882
                ]
            ],
            "group_id": null,
            "description": "",
            "shape_type": "polygon",
            "flags": {},
            "mask": null
        },
        {
            "label": "multiple osteochondromas",
            "points": [
                [
                    190.5033260536687,
                    150.61053794211412
                ],
                [
                    218.7785475813942,
                    138.0152119888546
                ],
                [
                    232.40206340838918,
                    137.75816452042073
                ],
                [
                    251.6806235409293,
                    141.61387654692876
                ],
                [
                    265.81823430479204,
                    147.5259683209077
                ],
                [
                    270.1880412681678,
                    152.66691768958506
                ],
                [
                    265.56118683635816,
                    167.31862339031554
                ],
                [
                    262.47661721515175,
                    177.3434746592364
                ],
                [
                    260.93433240454857,
                    186.34013605442175
                ],
                [
                    259.9061425308131,
                    198.93546200768128
                ],
                [
                    259.9061425308131,
                    205.1046012500941
                ],
                [
                    261.7054748098501,
                    210.75964555563922
                ],
                [
                    268.3887089891307,
                    215.129452519015
                ],
                [
                    268.64575645756463,
                    221.04154429299396
                ],
                [
                    261.1913798729824,
                    229.26706328287773
                ],
                [
                    250.1383387303261,
                    238.77781961493082
                ],
                [
                    245.2544368300826,
                    243.9187689836082
                ],
                [
                    239.34234505610362,
                    248.0315284785501
                ],
                [
                    225.20473429224091,
                    250.3449556944549
                ],
                [
                    212.60940833898138,
                    252.6583829103597
                ],
                [
                    187.16170896402843,
                    247.51743354168235
                ],
                [
                    164.0274368049803,
                    216.92878479805208
                ],
                [
                    160.68581971534002,
                    212.81602530311017
                ],
                [
                    161.19991465220775,
                    203.56231643949093
                ],
                [
                    164.2844842734142,
                    198.67841453924746
                ],
                [
                    164.7985792102819,
                    187.36832592815725
                ],
                [
                    168.91133870522378,
                    175.28709491176545
                ],
                [
                    169.93952857895928,
                    166.29043351658007
                ],
                [
                    182.53485453221882,
                    161.9206265532043
                ],
                [
                    188.70399377463164,
                    154.46624996862215
                ]
            ],
            "group_id": null,
            "description": "",
            "shape_type": "polygon",
            "flags": {},
            "mask": null
        },
        {
            "label": "multiple osteochondromas",
            "points": [
                [
                    165.56972161558352,
                    339.0263323041393
                ],
                [
                    186.39056655872682,
                    322.5752943243718
                ],
                [
                    236.2577754348972,
                    319.74777217159925
                ],
                [
                    247.05376910911966,
                    319.74777217159925
                ],
                [
                    255.5363355674373,
                    327.4591962246153
                ],
                [
                    259.13500012551145,
                    332.3430981248588
                ],
                [
                    263.7618545573211,
                    335.94176268293296
                ],
                [
                    269.15985139443234,
                    339.5404272410071
                ],
                [
                    274.0437532946758,
                    341.8538544569119
                ],
                [
                    279.441750131787,
                    346.73775635715543
                ],
                [
                    281.75517734769187,
                    355.47737028390696
                ],
                [
                    279.441750131787,
                    358.3048924366795
                ],
                [
                    278.92765519491934,
                    362.9317468684891
                ],
                [
                    280.4699400055225,
                    370.1290759846374
                ],
                [
                    280.72698747395634,
                    375.0129778848809
                ],
                [
                    281.2410824108241,
                    379.3827848482567
                ],
                [
                    277.64241785275,
                    382.7244019378969
                ],
                [
                    268.13166152069687,
                    384.00963928006627
                ],
                [
                    252.19471847779704,
                    379.3827848482567
                ],
                [
                    247.82491151442127,
                    378.8686899113889
                ],
                [
                    243.96919948791327,
                    385.0378291538017
                ],
                [
                    236.2577754348972,
                    388.37944624344203
                ],
                [
                    218.7785475813942,
                    381.43916459572756
                ],
                [
                    214.40874061801844,
                    379.8968797851244
                ],
                [
                    199.24293998042023,
                    374.24183547957927
                ],
                [
                    188.70399377463164,
                    354.44918041017144
                ],
                [
                    185.87647162185908,
                    367.55860130029873
                ],
                [
                    178.6791425057108,
                    368.58679117403415
                ],
                [
                    172.51000326329796,
                    357.79079749981173
                ],
                [
                    167.62610136305446,
                    354.44918041017144
                ]
            ],
            "group_id": null,
            "description": "",
            "shape_type": "polygon",
            "flags": {},
            "mask": null
        },
        {
            "label": "multiple osteochondromas",
            "points": [
                [
                    159.91467731003843,
                    135.7017847729498
                ],
                [
                    271.2162311419032,
                    254.4577151893968
                ]
            ],
            "group_id": null,
            "description": "",
            "shape_type": "rectangle",
            "flags": {},
            "mask": null
        }
    ],
    "imagePath": "IMG001563.jpeg",
    "imageData": null,
    "imageHeight": 512,
    "imageWidth": 512
}