{
    "version": "5.4.1",
    "flags": {},
    "shapes": [
        {
            "label": "other bt",
            "points": [
                [
                    281.48063410951744,
                    281.70257244062475
                ],
                [
                    313.9990709018059,
                    300.28453632193253
                ]
            ],
            "group_id": null,
            "description": "",
            "shape_type": "rectangle",
            "flags": {},
            "mask": null
        },
        {
            "label": "other bt",
            "points": [
                [
                    284.2997995752191,
                    298.3488587753148
                ],
                [
                    282.15555356127913,
                    294.6730084657034
                ],
                [
                    282.15555356127913,
                    290.38451643782344
                ],
                [
                    282.15555356127913,
                    289.00607257171913
                ],
                [
                    285.0656017230548,
                    286.4023452690777
                ],
                [
                    289.50725418050195,
                    284.8707409734063
                ],
                [
                    295.84934625380254,
                    283.5407458146141
                ],
                [
                    298.0842382362619,
                    283.3391366777348
                ],
                [
                    307.1207035807233,
                    282.8796553890334
                ],
                [
                    312.174997756439,
                    284.2580992551377
                ],
                [
                    312.4813186155733,
                    286.4023452690777
                ],
                [
                    310.4902330312004,
                    289.31239343085343
                ],
                [
                    308.3459870172604,
                    292.069281163062
                ],
                [
                    307.2738640102904,
                    294.51984803613624
                ],
                [
                    303.44485327111187,
                    296.66409405007624
                ],
                [
                    298.5437195249633,
                    297.8893774866134
                ],
                [
                    294.5615483562176,
                    299.4209817822848
                ],
                [
                    286.75036644829333,
                    298.8083400640162
                ]
            ],
            "group_id": null,
            "description": "",
            "shape_type": "polygon",
            "flags": {},
            "mask": null
        }
    ],
    "imagePath": "IMG001249.jpeg",
    "imageData": null,
    "imageHeight": 512,
    "imageWidth": 512
}