{
    "version": "5.4.1",
    "flags": {},
    "shapes": [
        {
            "label": "osteochondroma",
            "points": [
                [
                    201.19770474700053,
                    21.049556598852348
                ],
                [
                    218.7250912884716,
                    56.31298904538338
                ]
            ],
            "group_id": null,
            "description": "",
            "shape_type": "rectangle",
            "flags": {},
            "mask": null
        },
        {
            "label": "osteochondroma",
            "points": [
                [
                    207.56712023553754,
                    25.718150712182705
                ],
                [
                    209.2222487467176,
                    22.40789368982255
                ],
                [
                    217.2432561470518,
                    50.417760802100744
                ],
                [
                    213.80568154690857,
                    50.29044322431766
                ],
                [
                    211.25932999124694,
                    50.29044322431766
                ],
                [
                    209.47688390228376,
                    51.563619002148485
                ],
                [
                    209.3495663245007,
                    54.109970557810136
                ],
                [
                    209.73151905784994,
                    55.38314633564097
                ],
                [
                    205.5300389910082,
                    55.38314633564097
                ],
                [
                    203.23832259091273,
                    53.34606509111164
                ],
                [
                    202.09246439086496,
                    49.78117291318533
                ],
                [
                    202.09246439086496,
                    44.68846980186203
                ]
            ],
            "group_id": null,
            "description": "",
            "shape_type": "polygon",
            "flags": {},
            "mask": null
        }
    ],
    "imagePath": "IMG000592.jpeg",
    "imageData": null,
    "imageHeight": 512,
    "imageWidth": 512
}