{
    "version": "5.4.1",
    "flags": {},
    "shapes": [
        {
            "label": "other bt",
            "points": [
                [
                    225.14285714285714,
                    306.2857142857143
                ],
                [
                    272.38095238095235,
                    351.61904761904754
                ]
            ],
            "group_id": null,
            "description": "",
            "shape_type": "rectangle",
            "flags": {},
            "mask": null
        },
        {
            "label": "other bt",
            "points": [
                [
                    268.22621771820855,
                    342.5642366786531
                ],
                [
                    262.2111801242236,
                    347.010134030729
                ],
                [
                    258.5498528931023,
                    348.8407976462896
                ],
                [
                    255.2808107224583,
                    349.6253677672442
                ],
                [
                    245.08139915004904,
                    350.6714612618503
                ],
                [
                    230.82837528604117,
                    348.8407976462896
                ],
                [
                    227.82085648904868,
                    344.264138607388
                ],
                [
                    226.64400130761683,
                    339.55671788166063
                ],
                [
                    226.64400130761683,
                    331.0572082379863
                ],
                [
                    227.03628636809415,
                    324.25760052304673
                ],
                [
                    227.55933311539718,
                    318.24256292906176
                ],
                [
                    226.5132396207911,
                    312.8813337692056
                ],
                [
                    227.03628636809415,
                    309.08924485125857
                ],
                [
                    232.13599215429878,
                    307.52010460934946
                ],
                [
                    240.11245505067015,
                    307.1278195488722
                ],
                [
                    262.6034651847009,
                    307.9123896698267
                ],
                [
                    266.6570774762994,
                    310.2661000326904
                ],
                [
                    269.14154952598886,
                    312.22752533507685
                ],
                [
                    270.8414514547237,
                    317.32723112128144
                ],
                [
                    271.1029748283753,
                    320.8577966655769
                ],
                [
                    271.6260215756783,
                    331.0572082379863
                ],
                [
                    271.36449820202677,
                    336.02615233736515
                ],
                [
                    270.8414514547237,
                    339.16443282118337
                ]
            ],
            "group_id": null,
            "description": "",
            "shape_type": "polygon",
            "flags": {},
            "mask": null
        }
    ],
    "imagePath": "IMG001808.jpeg",
    "imageData": null,
    "imageHeight": 512,
    "imageWidth": 512
}