{
    "version": "5.4.1",
    "flags": {},
    "shapes": [
        {
            "label": "multiple osteochondromas",
            "points": [
                [
                    185.3867436910915,
                    100.66686936252154
                ],
                [
                    207.5265362656667,
                    155.84338366947063
                ]
            ],
            "group_id": null,
            "description": "",
            "shape_type": "rectangle",
            "flags": {},
            "mask": null
        },
        {
            "label": "multiple osteochondromas",
            "points": [
                [
                    229.1474274517753,
                    117.61764805243067
                ],
                [
                    298.0880209612708,
                    207.598520205742
                ]
            ],
            "group_id": null,
            "description": "",
            "shape_type": "rectangle",
            "flags": {},
            "mask": null
        },
        {
            "label": "multiple osteochondromas",
            "points": [
                [
                    231.39306848886807,
                    366.5230640971245
                ],
                [
                    257.6899354637011,
                    447.70034910639185
                ]
            ],
            "group_id": null,
            "description": "",
            "shape_type": "rectangle",
            "flags": {},
            "mask": null
        },
        {
            "label": "multiple osteochondromas",
            "points": [
                [
                    188.50015202189115,
                    102.39654065741023
                ],
                [
                    196.11070571940138,
                    108.1044559305429
                ],
                [
                    204.2401608053782,
                    121.2499577716969
                ],
                [
                    206.66170061822237,
                    126.95787304482958
                ],
                [
                    205.62389784128914,
                    135.77919664876185
                ],
                [
                    201.81862099253402,
                    140.6222762744502
                ],
                [
                    200.95378534508967,
                    143.9086517347387
                ],
                [
                    200.78081821560082,
                    148.92469848991587
                ],
                [
                    201.64565386304514,
                    153.42184385662645
                ],
                [
                    197.32147562582344,
                    155.4974494104929
                ],
                [
                    193.8621330360461,
                    155.4974494104929
                ],
                [
                    190.92169183473533,
                    152.90294246815986
                ],
                [
                    187.98125063342457,
                    150.13546839633796
                ],
                [
                    186.25157933853586,
                    144.25458599371643
                ],
                [
                    186.5975135975136,
                    139.23853923853923
                ],
                [
                    189.53795479882436,
                    131.627985541029
                ],
                [
                    189.53795479882436,
                    127.47677443329617
                ],
                [
                    189.53795479882436,
                    118.482483699875
                ],
                [
                    189.19202053984662,
                    110.00709435492044
                ],
                [
                    188.67311915138004,
                    104.81808047025439
                ]
            ],
            "group_id": null,
            "description": "",
            "shape_type": "polygon",
            "flags": {},
            "mask": null
        },
        {
            "label": "multiple osteochondromas",
            "points": [
                [
                    258.7248065943718,
                    205.48494983277592
                ],
                [
                    255.43843113408332,
                    205.31198270328707
                ],
                [
                    252.1520556737948,
                    204.10121279686496
                ],
                [
                    247.30897604810647,
                    203.4093442789095
                ],
                [
                    239.87138948008513,
                    199.25813317117664
                ],
                [
                    243.33073206986248,
                    183.69109151717848
                ],
                [
                    241.60106077497383,
                    174.00493226580184
                ],
                [
                    235.0283098543968,
                    177.9831762440458
                ],
                [
                    230.35819735819734,
                    173.65899800682408
                ],
                [
                    231.91490152359717,
                    159.8216276477146
                ],
                [
                    236.58501401979663,
                    151.17327117327116
                ],
                [
                    238.3146853146853,
                    145.81129015911625
                ],
                [
                    239.87138948008513,
                    138.20073646160603
                ],
                [
                    242.98479781088477,
                    129.72534711665148
                ],
                [
                    249.03864734299518,
                    123.32556332556332
                ],
                [
                    256.1302996520388,
                    119.69325360629708
                ],
                [
                    259.07074085334955,
                    119.52028647680822
                ],
                [
                    272.7351440829702,
                    118.65545082936386
                ],
                [
                    282.59427046383564,
                    120.03918786527481
                ],
                [
                    289.6859227728793,
                    125.40116887942973
                ],
                [
                    293.1452653626567,
                    129.72534711665148
                ],
                [
                    295.5668051755008,
                    136.6440322962062
                ],
                [
                    296.60460795243404,
                    143.21678321678323
                ],
                [
                    295.5668051755008,
                    147.7139285834938
                ],
                [
                    293.8371338806121,
                    148.05986284247155
                ],
                [
                    297.2964764703895,
                    155.67041653998174
                ],
                [
                    292.9722982331678,
                    163.28097023749197
                ],
                [
                    288.9940542549238,
                    164.49174014391406
                ],
                [
                    285.7076787946353,
                    166.56734569778047
                ],
                [
                    281.72943481639135,
                    169.50778689909126
                ],
                [
                    278.09712509712506,
                    172.9671294888686
                ],
                [
                    277.57822370865847,
                    173.31306374784634
                ],
                [
                    274.8107496368366,
                    179.88581466842336
                ],
                [
                    273.7729468599034,
                    183.86405864666733
                ],
                [
                    271.5243741765481,
                    188.5341711428668
                ],
                [
                    269.1028343637039,
                    191.47461234417756
                ],
                [
                    268.2379987162596,
                    194.5880206749772
                ],
                [
                    267.5461301983041,
                    198.22033039424346
                ],
                [
                    266.5083274213709,
                    201.6796729840208
                ],
                [
                    264.77865612648225,
                    205.31198270328707
                ],
                [
                    262.7030505726158,
                    207.04165399817575
                ]
            ],
            "group_id": null,
            "description": "",
            "shape_type": "polygon",
            "flags": {},
            "mask": null
        }
    ],
    "imagePath": "IMG001245.jpeg",
    "imageData": null,
    "imageHeight": 512,
    "imageWidth": 512
}