{
    "version": "5.4.1",
    "flags": {},
    "shapes": [
        {
            "label": "osteochondroma",
            "points": [
                [
                    405.7951225900728,
                    235.39499713945006
                ],
                [
                    418.1471839092344,
                    242.4533178932567
                ]
            ],
            "group_id": null,
            "description": "",
            "shape_type": "rectangle",
            "flags": {},
            "mask": null
        },
        {
            "label": "osteochondroma",
            "points": [
                [
                    415.6708787987616,
                    237.5760149785726
                ],
                [
                    416.4703416596519,
                    241.57332928302432
                ],
                [
                    410.51070942392397,
                    241.42797239922606
                ],
                [
                    406.65875200327054,
                    238.59351316516032
                ],
                [
                    407.0948226546653,
                    237.35797965287523
                ],
                [
                    410.21999565632746,
                    238.15744251376557
                ],
                [
                    412.1823135876038,
                    238.66619160705943
                ],
                [
                    413.1998117741915,
                    238.95690537465592
                ]
            ],
            "group_id": null,
            "description": "",
            "shape_type": "polygon",
            "flags": {},
            "mask": null
        }
    ],
    "imagePath": "IMG000976.jpeg",
    "imageData": null,
    "imageHeight": 512,
    "imageWidth": 512
}