{
    "version": "5.4.1",
    "flags": {},
    "shapes": [
        {
            "label": "osteosarcoma",
            "points": [
                [
                    291.16483516483515,
                    353.49920165304786
                ],
                [
                    364.19949281487743,
                    402.79008171315866
                ]
            ],
            "group_id": null,
            "description": "",
            "shape_type": "rectangle",
            "flags": {},
            "mask": null
        },
        {
            "label": "osteosarcoma",
            "points": [
                [
                    295.2688755409159,
                    359.0454476953218
                ],
                [
                    299.67801244375556,
                    355.60080948997825
                ],
                [
                    303.53600723374024,
                    354.6363107924821
                ],
                [
                    310.7782250752548,
                    354.5734595437566
                ],
                [
                    313.1767066816572,
                    353.87712617415593
                ],
                [
                    317.5094476480615,
                    354.4187187949565
                ],
                [
                    321.4553367424655,
                    354.88294104135696
                ],
                [
                    329.8113371776738,
                    354.88294104135696
                ],
                [
                    335.84622638087984,
                    355.7340151597578
                ],
                [
                    342.7321897024868,
                    356.8172004013589
                ],
                [
                    350.0823752704941,
                    360.1441265005622
                ],
                [
                    354.64722736009867,
                    363.0842007277651
                ],
                [
                    359.13470907530314,
                    368.19064543817024
                ],
                [
                    362.1521536769062,
                    372.8328679021749
                ],
                [
                    362.61637592330663,
                    377.93931261258
                ],
                [
                    362.6937462977067,
                    383.7420906925858
                ],
                [
                    359.5989313217036,
                    391.94335037899396
                ],
                [
                    358.51574608010253,
                    394.49657273419655
                ],
                [
                    354.26037548809825,
                    397.51401733579956
                ],
                [
                    350.7787086400948,
                    398.90668407500095
                ],
                [
                    349.0765604032931,
                    400.1446100654022
                ],
                [
                    347.99337516169203,
                    400.91831380940295
                ],
                [
                    343.041671200087,
                    401.84675830220385
                ],
                [
                    336.6199301248807,
                    401.45990643020355
                ],
                [
                    321.61007749126566,
                    401.45990643020355
                ],
                [
                    318.1284106432621,
                    401.2277953070033
                ],
                [
                    313.25407705605727,
                    400.99568418380306
                ],
                [
                    306.0586322368501,
                    400.68620268620276
                ],
                [
                    303.3506691328474,
                    400.68620268620276
                ],
                [
                    300.33322453124435,
                    400.53146193740264
                ],
                [
                    296.928928057641,
                    400.53146193740264
                ],
                [
                    294.22096495363826,
                    400.1446100654022
                ],
                [
                    292.6735574656367,
                    399.37090632140143
                ],
                [
                    291.5903722240356,
                    390.39594289099244
                ],
                [
                    292.05459447043603,
                    382.968386948585
                ],
                [
                    292.44144634243645,
                    376.7787569965788
                ],
                [
                    293.21515008643723,
                    366.95271944776897
                ],
                [
                    293.21515008643723,
                    361.5367932397636
                ]
            ],
            "group_id": null,
            "description": "",
            "shape_type": "polygon",
            "flags": {},
            "mask": null
        }
    ],
    "imagePath": "IMG000174.jpeg",
    "imageData": null,
    "imageHeight": 512,
    "imageWidth": 512
}