{
    "version": "5.4.1",
    "flags": {},
    "shapes": [
        {
            "label": "simple bone cyst",
            "points": [
                [
                    183.966073352904,
                    232.7886737765226
                ],
                [
                    238.37951023744935,
                    334.0052766526699
                ]
            ],
            "group_id": null,
            "description": "",
            "shape_type": "rectangle",
            "flags": {},
            "mask": null
        },
        {
            "label": "simple bone cyst",
            "points": [
                [
                    214.66644491527794,
                    331.1345881853096
                ],
                [
                    207.51076985001035,
                    320.68730259001893
                ],
                [
                    198.63773276907855,
                    309.81067649081217
                ],
                [
                    192.3407387116431,
                    296.78734787202524
                ],
                [
                    186.32997165681832,
                    282.9053382454061
                ],
                [
                    184.46949613984873,
                    270.1682366292298
                ],
                [
                    185.90063115290226,
                    261.1520860469926
                ],
                [
                    185.61440415029153,
                    254.99820549086252
                ],
                [
                    184.46949613984873,
                    251.5634814595341
                ],
                [
                    185.7575176515969,
                    240.82996886163272
                ],
                [
                    189.6215821868414,
                    237.5383583316096
                ],
                [
                    194.48744123122333,
                    233.9605207989758
                ],
                [
                    198.7808462703839,
                    236.67967732377753
                ],
                [
                    205.9365213356515,
                    236.82279082508288
                ],
                [
                    214.95267191788864,
                    233.9605207989758
                ],
                [
                    227.11731952884355,
                    233.9605207989758
                ],
                [
                    233.7005405888897,
                    242.54733087729693
                ],
                [
                    235.56101610585927,
                    249.84611944386987
                ],
                [
                    235.56101610585927,
                    264.4436965770157
                ],
                [
                    236.7059241163021,
                    280.6155222245205
                ],
                [
                    236.84903761760742,
                    294.06819134722355
                ],
                [
                    235.27478910324857,
                    304.65859044381955
                ],
                [
                    233.414313586279,
                    310.38313049603363
                ],
                [
                    229.97958955495056,
                    314.2471950312781
                ],
                [
                    230.12270305625594,
                    317.96814606521724
                ],
                [
                    229.5502490510345,
                    320.68730259001893
                ],
                [
                    228.54845454189706,
                    323.83579961873664
                ],
                [
                    228.40534104059168,
                    328.27231815920254
                ],
                [
                    225.82929801709537,
                    330.5621341800882
                ],
                [
                    223.53948199620976,
                    332.7088366996685
                ],
                [
                    219.10296345574383,
                    332.7088366996685
                ]
            ],
            "group_id": null,
            "description": "",
            "shape_type": "polygon",
            "flags": {},
            "mask": null
        }
    ],
    "imagePath": "IMG001489.jpeg",
    "imageData": null,
    "imageHeight": 512,
    "imageWidth": 512
}