{
    "version": "5.4.1",
    "flags": {},
    "shapes": [
        {
            "label": "simple bone cyst",
            "points": [
                [
                    44.434433506022025,
                    199.0751880363397
                ],
                [
                    115.3260106263167,
                    266.6878883839254
                ]
            ],
            "group_id": null,
            "description": "",
            "shape_type": "rectangle",
            "flags": {},
            "mask": null
        },
        {
            "label": "simple bone cyst",
            "points": [
                [
                    51.331381200340964,
                    254.1377048745909
                ],
                [
                    47.71331027873103,
                    244.97946285426576
                ],
                [
                    45.678145385325436,
                    240.45687420225332
                ],
                [
                    45.56508066902512,
                    234.91670310353814
                ],
                [
                    48.61782800913351,
                    222.25345487790335
                ],
                [
                    51.21831648404065,
                    213.88666587168038
                ],
                [
                    60.941882085867356,
                    203.1455178231509
                ],
                [
                    64.89914715637822,
                    201.11035292974532
                ],
                [
                    78.12771896351455,
                    201.11035292974532
                ],
                [
                    84.79853722523288,
                    204.84148856765555
                ],
                [
                    91.13016133805024,
                    209.02488307076703
                ],
                [
                    95.53968527376236,
                    211.51230682937387
                ],
                [
                    100.2884033583754,
                    216.60021906288785
                ],
                [
                    99.83614449317416,
                    221.23587243120056
                ],
                [
                    99.49695034427323,
                    230.1679850189251
                ],
                [
                    107.18535105269434,
                    225.08007278541112
                ],
                [
                    113.29084573291112,
                    227.1152376788167
                ],
                [
                    114.76068704481514,
                    237.17799742954432
                ],
                [
                    113.51697516551172,
                    243.5096215423617
                ],
                [
                    110.12503367650243,
                    249.50205150627818
                ],
                [
                    107.7506746341959,
                    254.0246401582906
                ],
                [
                    104.6979272940875,
                    258.20803466140205
                ],
                [
                    103.00195654958286,
                    260.0170701222071
                ],
                [
                    97.34872073456734,
                    261.37384671781075
                ],
                [
                    91.35629077065087,
                    261.9391702993123
                ],
                [
                    87.85128456534125,
                    264.20046462531855
                ],
                [
                    84.120148927431,
                    265.89643536982317
                ],
                [
                    78.46691311241547,
                    266.3486942350245
                ],
                [
                    70.10012410619251,
                    265.44417650462196
                ],
                [
                    63.203176411873564,
                    260.5823937037086
                ]
            ],
            "group_id": null,
            "description": null,
            "shape_type": "polygon",
            "flags": {},
            "mask": null
        }
    ],
    "imagePath": "IMG000683.jpeg",
    "imageData": null,
    "imageHeight": 512,
    "imageWidth": 512
}