{
    "version": "5.4.1",
    "flags": {},
    "shapes": [
        {
            "label": "osteosarcoma",
            "points": [
                [
                    258.18246869409654,
                    38.85032796660702
                ],
                [
                    306.90243566808863,
                    169.19884408972064
                ]
            ],
            "group_id": null,
            "description": "",
            "shape_type": "rectangle",
            "flags": {},
            "mask": null
        },
        {
            "label": "osteosarcoma",
            "points": [
                [
                    260.1199944956653,
                    166.80335764414474
                ],
                [
                    260.40181643043894,
                    47.59267923489748
                ],
                [
                    262.0927480390808,
                    41.110774735103895
                ],
                [
                    272.37924865831843,
                    40.26530893078299
                ],
                [
                    290.2749415164442,
                    42.942617311132516
                ],
                [
                    296.7568460162378,
                    40.96986376771708
                ],
                [
                    302.6751066464841,
                    44.35172698500069
                ],
                [
                    305.63423696160726,
                    48.5790560066052
                ],
                [
                    306.0569698637677,
                    58.30191275629558
                ],
                [
                    306.33879179854137,
                    66.19292692995734
                ],
                [
                    306.1978808311545,
                    72.39300949497729
                ],
                [
                    304.08421632035225,
                    92.96601073345259
                ],
                [
                    305.63423696160726,
                    107.1980184395211
                ],
                [
                    304.50694922251273,
                    151.72588413375533
                ],
                [
                    304.3660382551259,
                    157.64414476400162
                ],
                [
                    301.54781890738957,
                    168.21246731801293
                ]
            ],
            "group_id": null,
            "description": "",
            "shape_type": "polygon",
            "flags": {},
            "mask": null
        }
    ],
    "imagePath": "IMG000219.jpeg",
    "imageData": null,
    "imageHeight": 512,
    "imageWidth": 512
}