{
    "version": "5.4.1",
    "flags": {},
    "shapes": [
        {
            "label": "multiple osteochondromas",
            "points": [
                [
                    189.30981521478282,
                    188.03743700503964
                ],
                [
                    211.96400287976965,
                    255.23206143508523
                ]
            ],
            "group_id": null,
            "description": "",
            "shape_type": "rectangle",
            "flags": {},
            "mask": null
        },
        {
            "label": "multiple osteochondromas",
            "points": [
                [
                    259.57619390448764,
                    114.69930405567555
                ],
                [
                    312.94792416606674,
                    329.7221022318215
                ]
            ],
            "group_id": null,
            "description": "",
            "shape_type": "rectangle",
            "flags": {},
            "mask": null
        },
        {
            "label": "multiple osteochondromas",
            "points": [
                [
                    208.17801205274208,
                    203.18687791689953
                ],
                [
                    200.63825159721486,
                    246.8788231207238
                ],
                [
                    197.3516893473697,
                    246.2988415472217
                ],
                [
                    199.09163406787596,
                    234.11922850367776
                ],
                [
                    199.09163406787596,
                    224.45286894530958
                ],
                [
                    196.7717077738676,
                    216.13979972511294
                ],
                [
                    194.45178147985925,
                    210.72663837242672
                ],
                [
                    191.55187361234877,
                    203.3802051080669
                ],
                [
                    191.74520080351613,
                    194.48715431436818
                ],
                [
                    196.96503496503496,
                    191.78057363802506
                ],
                [
                    204.1181410382274,
                    192.74720959386187
                ],
                [
                    205.8580857587337,
                    197.96704375538073
                ]
            ],
            "group_id": null,
            "description": "",
            "shape_type": "polygon",
            "flags": {},
            "mask": null
        },
        {
            "label": "multiple osteochondromas",
            "points": [
                [
                    276.9405523286292,
                    128.5072867956971
                ],
                [
                    265.93591813625784,
                    252.51072574388223
                ],
                [
                    264.05707815219444,
                    304.58143387363964
                ],
                [
                    266.2043238482669,
                    317.1965023380654
                ],
                [
                    283.65069512885566,
                    322.83302229025566
                ],
                [
                    293.0448950491728,
                    324.98026798632816
                ],
                [
                    299.2182264253811,
                    325.51707941034624
                ],
                [
                    305.1231520895804,
                    325.51707941034624
                ],
                [
                    310.22286061775253,
                    310.21795382582985
                ],
                [
                    311.2964834657887,
                    270.7623141604982
                ],
                [
                    311.2964834657887,
                    226.7437773910126
                ],
                [
                    298.4130092893539,
                    214.3971146385959
                ],
                [
                    300.29184927341737,
                    203.12407473421544
                ],
                [
                    307.807209209671,
                    195.6087147979618
                ],
                [
                    309.95445490574343,
                    180.5779949254545
                ],
                [
                    302.9759063935079,
                    171.4522007171465
                ],
                [
                    295.4605464572543,
                    161.52118937281134
                ],
                [
                    289.01880936903694,
                    155.8846694206211
                ],
                [
                    283.1138837048376,
                    135.21742959592356
                ]
            ],
            "group_id": null,
            "description": "",
            "shape_type": "polygon",
            "flags": {},
            "mask": null
        }
    ],
    "imagePath": "IMG001515.jpeg",
    "imageData": null,
    "imageHeight": 512,
    "imageWidth": 512
}