{
    "version": "5.4.1",
    "flags": {},
    "shapes": [
        {
            "label": "osteochondroma",
            "points": [
                [
                    290.77205181910796,
                    140.2284890901606
                ],
                [
                    304.15775318310085,
                    185.15521090953897
                ]
            ],
            "group_id": null,
            "description": "",
            "shape_type": "rectangle",
            "flags": {},
            "mask": null
        },
        {
            "label": "osteochondroma",
            "points": [
                [
                    302.926464896473,
                    143.32086341931205
                ],
                [
                    301.03317449087007,
                    183.33240065772122
                ],
                [
                    296.1106194363024,
                    183.58483937846827
                ],
                [
                    293.20757414771117,
                    180.9342328106241
                ],
                [
                    291.06184502136114,
                    175.88545839568292
                ],
                [
                    291.5667224628553,
                    169.1958322958858
                ],
                [
                    292.8289160665906,
                    165.15681276393283
                ],
                [
                    293.20757414771117,
                    159.85559962824453
                ],
                [
                    293.08135478733766,
                    153.544631609568
                ],
                [
                    292.1978192647229,
                    147.35988295126504
                ],
                [
                    291.5667224628553,
                    142.43732789669735
                ],
                [
                    291.5667224628553,
                    140.5440374910944
                ],
                [
                    294.9746451929406,
                    142.18488917595027
                ],
                [
                    296.489277517423,
                    143.32086341931205
                ],
                [
                    299.7709808871347,
                    143.95196022117972
                ]
            ],
            "group_id": null,
            "description": "",
            "shape_type": "polygon",
            "flags": {},
            "mask": null
        }
    ],
    "imagePath": "IMG000493.jpeg",
    "imageData": null,
    "imageHeight": 512,
    "imageWidth": 512
}