{
    "version": "5.4.1",
    "flags": {},
    "shapes": [
        {
            "label": "osteosarcoma",
            "points": [
                [
                    228.66814247009847,
                    308.51780876230754
                ],
                [
                    284.29113532870997,
                    442.0974177656993
                ]
            ],
            "group_id": null,
            "description": "",
            "shape_type": "rectangle",
            "flags": {},
            "mask": null
        },
        {
            "label": "osteosarcoma",
            "points": [
                [
                    261.65565320822043,
                    440.04493491046054
                ],
                [
                    252.5629419150202,
                    425.0313883565717
                ],
                [
                    248.12231546950372,
                    416.1501354655389
                ],
                [
                    241.14418819797794,
                    412.7668010308597
                ],
                [
                    233.9546025242847,
                    405.365756954999
                ],
                [
                    232.89731051344742,
                    390.98658560761254
                ],
                [
                    230.9941848939404,
                    369.6292869887002
                ],
                [
                    233.74314412211723,
                    357.3646996629882
                ],
                [
                    235.43481133945681,
                    346.58032115244833
                ],
                [
                    237.12647855679643,
                    337.0646930549131
                ],
                [
                    244.1046058283222,
                    327.76052335954535
                ],
                [
                    246.6421066543316,
                    320.14802088151725
                ],
                [
                    256.15773475186677,
                    313.5928104143263
                ],
                [
                    260.8098195995507,
                    313.80426881649373
                ],
                [
                    267.1535716645741,
                    315.07301922949847
                ],
                [
                    272.6514901209278,
                    315.2844776316659
                ],
                [
                    274.9775325447697,
                    315.2844776316659
                ],
                [
                    277.51503337077907,
                    320.993854490187
                ],
                [
                    279.2067005881187,
                    323.53135531619637
                ],
                [
                    279.4181589902861,
                    326.4917729465407
                ],
                [
                    279.4181589902861,
                    329.66364897905237
                ],
                [
                    283.22441022930025,
                    352.07823960880194
                ],
                [
                    282.8014934249653,
                    360.95949249983477
                ],
                [
                    281.9556598162955,
                    382.5282495209145
                ],
                [
                    280.6869094032908,
                    394.5813784444591
                ],
                [
                    279.4181589902861,
                    406.6345073680037
                ],
                [
                    275.18899094693717,
                    421.43659551972513
                ],
                [
                    273.4973237295976,
                    427.56888918258113
                ],
                [
                    272.0171149144254,
                    433.91264124760454
                ],
                [
                    270.1139892949184,
                    438.1418092909535
                ],
                [
                    266.30773805590434,
                    440.04493491046054
                ]
            ],
            "group_id": null,
            "description": "",
            "shape_type": "polygon",
            "flags": {},
            "mask": null
        }
    ],
    "imagePath": "IMG000038.jpeg",
    "imageData": null,
    "imageHeight": 512,
    "imageWidth": 512
}