{
    "version": "5.4.1",
    "flags": {},
    "shapes": [
        {
            "label": "giant cell tumor",
            "points": [
                [
                    187.9519276534983,
                    37.81818181818184
                ],
                [
                    287.05188434507807,
                    188.06660063204566
                ]
            ],
            "group_id": null,
            "description": "",
            "shape_type": "rectangle",
            "flags": {},
            "mask": null
        },
        {
            "label": "giant cell tumor",
            "points": [
                [
                    194.07513796519032,
                    87.99584925239374
                ],
                [
                    192.56577519928305,
                    77.88311872081506
                ],
                [
                    191.2073487099665,
                    69.27975095514363
                ],
                [
                    190.30173105042215,
                    62.48761850856092
                ],
                [
                    191.6601575397387,
                    55.0917409556153
                ],
                [
                    195.73543700768832,
                    49.959907551530584
                ],
                [
                    199.96165275222867,
                    41.96028489222206
                ],
                [
                    209.92344700721665,
                    38.48875053063534
                ],
                [
                    283.7312862600821,
                    38.48875053063534
                ],
                [
                    285.995330408943,
                    45.58275553039951
                ],
                [
                    285.0897127493986,
                    60.52544691288146
                ],
                [
                    282.37285977076556,
                    73.35503042309325
                ],
                [
                    275.12791849441066,
                    102.3347955285128
                ],
                [
                    270.14702136691665,
                    122.86212914485165
                ],
                [
                    263.50582519692466,
                    147.31380595254942
                ],
                [
                    258.82680062261215,
                    151.84189425027122
                ],
                [
                    256.2608839205698,
                    155.76623744163012
                ],
                [
                    248.56313381444272,
                    168.1430121220697
                ],
                [
                    241.92193764445074,
                    178.55761520682987
                ],
                [
                    235.58261402764023,
                    183.8403848875053
                ],
                [
                    230.60171690014624,
                    186.85911041931985
                ],
                [
                    224.71520211310786,
                    187.01004669591055
                ],
                [
                    220.03617753879536,
                    185.19881137682185
                ],
                [
                    213.99872647516625,
                    174.3313994622895
                ],
                [
                    208.86689307108156,
                    166.4827130795717
                ],
                [
                    202.82944200745249,
                    147.61567850573087
                ],
                [
                    200.56539785859158,
                    128.89958020848073
                ],
                [
                    197.09386349700486,
                    116.3718692514504
                ],
                [
                    198.15041743313995,
                    101.42917786896844
                ],
                [
                    198.15041743313995,
                    90.86363850761755
                ]
            ],
            "group_id": null,
            "description": "",
            "shape_type": "polygon",
            "flags": {},
            "mask": null
        }
    ],
    "imagePath": "IMG000465.jpeg",
    "imageData": null,
    "imageHeight": 512,
    "imageWidth": 512
}