{
    "version": "5.4.1",
    "flags": {},
    "shapes": [
        {
            "label": "other mt",
            "points": [
                [
                    206.1828774563049,
                    237.72542049307137
                ],
                [
                    218.19038214673643,
                    316.61683288897666
                ]
            ],
            "group_id": null,
            "description": "",
            "shape_type": "rectangle",
            "flags": {},
            "mask": null
        },
        {
            "label": "other mt",
            "points": [
                [
                    213.55590665218392,
                    238.67338138968438
                ],
                [
                    215.66248642243508,
                    240.7799611599355
                ],
                [
                    217.76906619268618,
                    310.2970935782232
                ],
                [
                    213.66123564069648,
                    316.0901879464139
                ],
                [
                    207.97347026101838,
                    315.77420098087623
                ],
                [
                    206.81485138738026,
                    314.2995951417004
                ],
                [
                    206.81485138738026,
                    300.606826635068
                ],
                [
                    207.02550936440537,
                    244.57180474638758
                ],
                [
                    212.6079457555709,
                    238.14673644712158
                ]
            ],
            "group_id": null,
            "description": "",
            "shape_type": "polygon",
            "flags": {},
            "mask": null
        }
    ],
    "imagePath": "IMG001492.jpeg",
    "imageData": null,
    "imageHeight": 512,
    "imageWidth": 512
}