{
    "version": "5.4.1",
    "flags": {},
    "shapes": [
        {
            "label": "simple bone cyst",
            "points": [
                [
                    229.65785970048046,
                    176.9308094966385
                ],
                [
                    285.5461228675151,
                    300.77411992359026
                ]
            ],
            "group_id": null,
            "description": "",
            "shape_type": "rectangle",
            "flags": {},
            "mask": null
        },
        {
            "label": "simple bone cyst",
            "points": [
                [
                    247.0170929569079,
                    277.6990415705343
                ],
                [
                    233.6801210647746,
                    259.2813184813978
                ],
                [
                    232.40993326552385,
                    238.11152182721804
                ],
                [
                    230.92804749973124,
                    224.1394560354594
                ],
                [
                    231.139745466273,
                    197.46551225119288
                ],
                [
                    241.30124786027935,
                    182.85835255980882
                ],
                [
                    245.95860312419887,
                    179.25948712859824
                ],
                [
                    252.9446360200782,
                    185.39872815831038
                ],
                [
                    263.5295343471681,
                    193.6549488534405
                ],
                [
                    272.84424487500723,
                    198.52400208390185
                ],
                [
                    280.25367370397015,
                    201.91116954857063
                ],
                [
                    284.4876330348061,
                    207.20361871211557
                ],
                [
                    284.4876330348061,
                    230.27869706517154
                ],
                [
                    283.42914320209707,
                    238.95831369338524
                ],
                [
                    279.6185798043448,
                    248.90811812084976
                ],
                [
                    271.99745300884,
                    258.01113068214704
                ],
                [
                    266.7050038452951,
                    263.303579845692
                ],
                [
                    262.04764858137554,
                    273.6767802062401
                ],
                [
                    257.8136892505396,
                    280.66281310211946
                ],
                [
                    257.1785953509142,
                    288.0722419310824
                ],
                [
                    256.12010551820515,
                    296.1167646596707
                ],
                [
                    251.03935432120204,
                    294.8465768604199
                ]
            ],
            "group_id": null,
            "description": "",
            "shape_type": "polygon",
            "flags": {},
            "mask": null
        }
    ],
    "imagePath": "IMG001490.jpeg",
    "imageData": null,
    "imageHeight": 512,
    "imageWidth": 512
}