{
    "version": "5.4.1",
    "flags": {},
    "shapes": [
        {
            "label": "osteochondroma",
            "points": [
                [
                    194.10170063827485,
                    275.67489057606
                ],
                [
                    206.10015849777375,
                    299.02672791551487
                ]
            ],
            "group_id": null,
            "description": "",
            "shape_type": "rectangle",
            "flags": {},
            "mask": null
        },
        {
            "label": "osteochondroma",
            "points": [
                [
                    199.30670540711182,
                    277.1061868245708
                ],
                [
                    205.58363829174252,
                    287.46312608421147
                ],
                [
                    201.3467085946168,
                    288.8754359832534
                ],
                [
                    201.66055523884836,
                    291.2292858149899
                ],
                [
                    202.75901849365871,
                    294.83852222365255
                ],
                [
                    199.62055205134334,
                    297.82006534385215
                ],
                [
                    197.73747218595415,
                    295.30929218999984
                ],
                [
                    196.79593225325954,
                    292.01390242556874
                ],
                [
                    196.482085609028,
                    287.1492794399799
                ],
                [
                    196.6390089311438,
                    280.7154232332334
                ],
                [
                    197.58054886383837,
                    278.83234336784426
                ],
                [
                    198.52208879653298,
                    278.67542004572846
                ]
            ],
            "group_id": null,
            "description": "",
            "shape_type": "polygon",
            "flags": {},
            "mask": null
        }
    ],
    "imagePath": "IMG000364.jpeg",
    "imageData": null,
    "imageHeight": 512,
    "imageWidth": 512
}