{
    "version": "5.4.1",
    "flags": {},
    "shapes": [
        {
            "label": "simple bone cyst",
            "points": [
                [
                    236.53655264922872,
                    135.16834339369552
                ],
                [
                    277.09993293091884,
                    326.39570757880614
                ]
            ],
            "group_id": null,
            "description": "",
            "shape_type": "rectangle",
            "flags": {},
            "mask": null
        },
        {
            "label": "simple bone cyst",
            "points": [
                [
                    239.75586854460093,
                    142.25083836351445
                ],
                [
                    242.9751844399732,
                    138.1730382293763
                ],
                [
                    248.3407109322602,
                    136.24144869215297
                ],
                [
                    258.64252179745137,
                    139.46076458752518
                ],
                [
                    264.8665325285043,
                    148.9040912139504
                ],
                [
                    268.0858484238766,
                    158.7766599597586
                ],
                [
                    271.7344064386318,
                    169.07847082494973
                ],
                [
                    273.8806170355466,
                    185.17505030181087
                ],
                [
                    275.8122065727699,
                    191.61368209255536
                ],
                [
                    276.02682763246145,
                    203.63246143527837
                ],
                [
                    275.382964453387,
                    216.72434607645877
                ],
                [
                    273.4513749161636,
                    232.60630449362847
                ],
                [
                    271.0905432595573,
                    249.34674714956407
                ],
                [
                    269.588195841717,
                    257.7169684775319
                ],
                [
                    269.158953722334,
                    268.23340040241453
                ],
                [
                    269.158953722334,
                    273.3843058350101
                ],
                [
                    267.44198524480214,
                    289.05164319248826
                ],
                [
                    268.30046948356807,
                    303.4312541918176
                ],
                [
                    267.8712273641851,
                    304.93360160965796
                ],
                [
                    262.50570087189806,
                    307.9382964453387
                ],
                [
                    258.85714285714283,
                    312.0160965794768
                ],
                [
                    253.70623742454728,
                    314.59154929577466
                ],
                [
                    254.5647216633132,
                    321.4594232059021
                ],
                [
                    252.63313212608986,
                    324.03487592219983
                ],
                [
                    247.48222669349428,
                    320.38631790744466
                ],
                [
                    242.5459423205902,
                    315.2354124748491
                ],
                [
                    241.25821596244128,
                    307.0798122065728
                ],
                [
                    240.39973172367542,
                    293.1294433266265
                ],
                [
                    242.9751844399732,
                    283.4714956405097
                ],
                [
                    239.97048960429242,
                    246.7712944332663
                ],
                [
                    238.03890006706908,
                    222.5191146881288
                ],
                [
                    238.46814218645204,
                    195.90610328638502
                ],
                [
                    238.6827632461435,
                    165.644533869886
                ],
                [
                    238.03890006706908,
                    145.89939637826964
                ]
            ],
            "group_id": null,
            "description": "",
            "shape_type": "polygon",
            "flags": {},
            "mask": null
        }
    ],
    "imagePath": "IMG000756.jpeg",
    "imageData": null,
    "imageHeight": 512,
    "imageWidth": 512
}