{
    "version": "5.4.1",
    "flags": {},
    "shapes": [
        {
            "label": "osteochondroma",
            "points": [
                [
                    195.54804939254248,
                    77.2593108480085
                ],
                [
                    207.15109607667563,
                    97.49389226058216
                ]
            ],
            "group_id": null,
            "description": "",
            "shape_type": "rectangle",
            "flags": {},
            "mask": null
        },
        {
            "label": "osteochondroma",
            "points": [
                [
                    196.97422618330722,
                    78.10831426392066
                ],
                [
                    196.20342045043958,
                    93.010558432695
                ],
                [
                    197.48809667188564,
                    93.1390260548396
                ],
                [
                    198.6443052711871,
                    93.010558432695
                ],
                [
                    200.95672246979,
                    93.90983178770725
                ],
                [
                    202.88373680195912,
                    95.0660403870087
                ],
                [
                    204.6822835119836,
                    95.57991087558712
                ],
                [
                    205.83849211128506,
                    95.70837849773173
                ],
                [
                    206.8662330884419,
                    93.010558432695
                ],
                [
                    206.7377654662973,
                    89.67040025693522
                ],
                [
                    206.22389497771889,
                    86.97258019189849
                ],
                [
                    203.78301015697136,
                    84.27476012686178
                ],
                [
                    201.21365771407923,
                    81.32000481753582
                ],
                [
                    198.90124051547633,
                    78.62218475249908
                ]
            ],
            "group_id": null,
            "description": "",
            "shape_type": "polygon",
            "flags": {},
            "mask": null
        }
    ],
    "imagePath": "IMG001272.jpeg",
    "imageData": null,
    "imageHeight": 512,
    "imageWidth": 512
}