{
    "version": "5.4.1",
    "flags": {},
    "shapes": [
        {
            "label": "osteochondroma",
            "points": [
                [
                    192.94644828540027,
                    382.25697087787404
                ],
                [
                    215.12988561175558,
                    408.3256429902012
                ]
            ],
            "group_id": null,
            "description": "",
            "shape_type": "rectangle",
            "flags": {},
            "mask": null
        },
        {
            "label": "osteochondroma",
            "points": [
                [
                    193.44776890294503,
                    404.189747895457
                ],
                [
                    193.19710859417262,
                    400.0538528007128
                ],
                [
                    194.7010704468069,
                    394.78998631649284
                ],
                [
                    196.20503229944114,
                    391.15541183929344
                ],
                [
                    198.46097507839255,
                    387.1448468989353
                ],
                [
                    201.9702194012058,
                    384.01159303928074
                ],
                [
                    202.09554955559202,
                    383.88626288489445
                ],
                [
                    205.98078434156383,
                    382.883621649805
                ],
                [
                    211.87130159771468,
                    383.25961211296357
                ],
                [
                    214.12724437666606,
                    387.52083736209397
                ],
                [
                    214.62856499421082,
                    389.5261198322729
                ],
                [
                    214.62856499421082,
                    393.7873450814034
                ],
                [
                    214.62856499421082,
                    396.16861801474096
                ],
                [
                    212.87394283280418,
                    399.30187187439566
                ],
                [
                    210.99399051701135,
                    404.44040820422936
                ],
                [
                    210.36733974508041,
                    406.6963509831807
                ],
                [
                    210.11667943630806,
                    407.3230017551117
                ],
                [
                    205.73012403279148,
                    407.69899221827023
                ]
            ],
            "group_id": null,
            "description": "",
            "shape_type": "polygon",
            "flags": {},
            "mask": null
        }
    ],
    "imagePath": "IMG001181.jpeg",
    "imageData": null,
    "imageHeight": 512,
    "imageWidth": 512
}