{
    "version": "5.4.1",
    "flags": {},
    "shapes": [
        {
            "label": "osteochondroma",
            "points": [
                [
                    165.22602734075292,
                    302.44119758107763
                ],
                [
                    182.54458753743475,
                    324.8286046645931
                ]
            ],
            "group_id": null,
            "description": "",
            "shape_type": "rectangle",
            "flags": {},
            "mask": null
        },
        {
            "label": "osteochondroma",
            "points": [
                [
                    181.66774909492554,
                    303.2151476405896
                ],
                [
                    173.17963266515665,
                    323.9049314381514
                ],
                [
                    172.64912538829608,
                    321.0401921431044
                ],
                [
                    171.8003137453192,
                    320.08527904475534
                ],
                [
                    170.42099482548176,
                    320.29748195549956
                ],
                [
                    169.0416759056443,
                    321.78290233070913
                ],
                [
                    168.0867628072953,
                    323.26832270591865
                ],
                [
                    166.81354534282994,
                    323.79882998277924
                ],
                [
                    165.54032787836462,
                    321.46459796459277
                ],
                [
                    166.49524097671363,
                    319.23646740177844
                ],
                [
                    173.7101399420172,
                    312.3398728025912
                ],
                [
                    173.81624139738932,
                    310.43004660589315
                ],
                [
                    174.98335740648255,
                    307.56530731084615
                ],
                [
                    176.78708214780843,
                    305.7615825695203
                ],
                [
                    178.90911125525065,
                    304.2761621943107
                ]
            ],
            "group_id": null,
            "description": "",
            "shape_type": "polygon",
            "flags": {},
            "mask": null
        }
    ],
    "imagePath": "IMG000641.jpeg",
    "imageData": null,
    "imageHeight": 512,
    "imageWidth": 512
}