{
    "version": "5.4.1",
    "flags": {},
    "shapes": [
        {
            "label": "other mt",
            "points": [
                [
                    139.54761385922862,
                    206.629258371468
                ],
                [
                    269.0166339798068,
                    289.37786010023973
                ]
            ],
            "group_id": null,
            "description": "",
            "shape_type": "rectangle",
            "flags": {},
            "mask": null
        },
        {
            "label": "other mt",
            "points": [
                [
                    142.4524484014569,
                    273.9418588965331
                ],
                [
                    141.41643059490085,
                    259.7829488736004
                ],
                [
                    143.31579657358694,
                    248.21408336705787
                ],
                [
                    142.97045730473494,
                    235.26386078510723
                ],
                [
                    140.20774315391878,
                    225.9397005261028
                ],
                [
                    139.68973425064078,
                    217.30621880480237
                ],
                [
                    140.89842169162281,
                    208.84540671792797
                ],
                [
                    145.04249291784703,
                    208.50006744907597
                ],
                [
                    147.45986779981115,
                    209.708754890058
                ],
                [
                    150.3952515850533,
                    212.12612977202213
                ],
                [
                    162.82746526372588,
                    213.16214757857819
                ],
                [
                    166.62619722109807,
                    211.4354512343181
                ],
                [
                    171.6336166194523,
                    209.88142452448403
                ],
                [
                    185.10184810468098,
                    209.363415621206
                ],
                [
                    191.6632942128693,
                    208.67273708350194
                ],
                [
                    201.33279374072575,
                    208.50006744907597
                ],
                [
                    213.41966815054633,
                    214.02549575070822
                ],
                [
                    216.8730608390665,
                    216.44287063267234
                ],
                [
                    221.36247133414273,
                    221.27762039660058
                ],
                [
                    227.060569270201,
                    226.2850397949548
                ],
                [
                    235.86672062592743,
                    231.63779846216107
                ],
                [
                    248.47160393902604,
                    234.7458518818292
                ],
                [
                    256.0690678537704,
                    238.0265749359234
                ],
                [
                    261.5944961554027,
                    241.82530689329553
                ],
                [
                    266.08390665047887,
                    244.41535140968568
                ],
                [
                    267.29259409146096,
                    268.9344394981789
                ],
                [
                    258.8317820045865,
                    268.58910022932685
                ],
                [
                    251.9249966275462,
                    269.1071091326049
                ],
                [
                    247.953595035748,
                    269.97045730473496
                ],
                [
                    242.42816673411573,
                    272.042492917847
                ],
                [
                    233.96735464724134,
                    274.45986779981115
                ],
                [
                    228.6145959800351,
                    276.01389450964524
                ],
                [
                    221.70781060299475,
                    279.6399568325914
                ],
                [
                    219.46310535545663,
                    283.4386887899636
                ],
                [
                    216.18238230136245,
                    285.68339403750167
                ],
                [
                    211.86564144071224,
                    287.23742074733576
                ],
                [
                    197.53406178335356,
                    288.10076891946585
                ],
                [
                    188.0372318899231,
                    287.9280992850398
                ],
                [
                    184.92917847025495,
                    287.58276001618776
                ],
                [
                    176.29569674895453,
                    287.23742074733576
                ],
                [
                    168.00755429650613,
                    280.67597463914746
                ],
                [
                    162.48212599487388,
                    275.15054633751515
                ],
                [
                    146.2511803588291,
                    274.6325374342372
                ]
            ],
            "group_id": null,
            "description": "",
            "shape_type": "polygon",
            "flags": {},
            "mask": null
        }
    ],
    "imagePath": "IMG001600.jpeg",
    "imageData": null,
    "imageHeight": 512,
    "imageWidth": 512
}