{
    "version": "5.4.1",
    "flags": {},
    "shapes": [
        {
            "label": "osteosarcoma",
            "points": [
                [
                    132.57142857142858,
                    110.47619047619048
                ],
                [
                    380.1904761904762,
                    328.38095238095235
                ]
            ],
            "group_id": null,
            "description": "",
            "shape_type": "rectangle",
            "flags": {},
            "mask": null
        },
        {
            "label": "osteosarcoma",
            "points": [
                [
                    134.86524822695037,
                    207.63120567375887
                ],
                [
                    138.8368794326241,
                    169.33333333333334
                ],
                [
                    143.94326241134752,
                    145.5035460992908
                ],
                [
                    164.93617021276594,
                    124.22695035460994
                ],
                [
                    195.57446808510636,
                    116.00000000000001
                ],
                [
                    236.1418439716312,
                    113.1631205673759
                ],
                [
                    272.73758865248226,
                    115.43262411347519
                ],
                [
                    308.48226950354604,
                    131.88652482269504
                ],
                [
                    337.98581560283685,
                    159.12056737588654
                ],
                [
                    363.5177304964539,
                    187.20567375886526
                ],
                [
                    371.46099290780137,
                    208.19858156028369
                ],
                [
                    377.70212765957444,
                    227.48936170212767
                ],
                [
                    377.98581560283685,
                    248.7659574468085
                ],
                [
                    376.2836879432624,
                    258.6950354609929
                ],
                [
                    362.0992907801418,
                    266.63829787234044
                ],
                [
                    353.5886524822695,
                    272.02836879432624
                ],
                [
                    347.63120567375887,
                    276.8510638297872
                ],
                [
                    337.70212765957444,
                    284.2269503546099
                ],
                [
                    322.3829787234042,
                    295.5744680851064
                ],
                [
                    298.55319148936167,
                    306.0709219858156
                ],
                [
                    288.0567375886525,
                    317.41843971631204
                ],
                [
                    284.0851063829787,
                    323.0921985815603
                ],
                [
                    270.7517730496454,
                    325.64539007092196
                ],
                [
                    266.7801418439716,
                    327.063829787234
                ],
                [
                    251.4609929078014,
                    324.79432624113474
                ],
                [
                    234.72340425531914,
                    321.9574468085106
                ],
                [
                    221.6737588652482,
                    320.25531914893617
                ],
                [
                    194.43971631205673,
                    302.95035460992904
                ],
                [
                    160.11347517730496,
                    271.74468085106383
                ],
                [
                    148.19858156028369,
                    227.48936170212767
                ]
            ],
            "group_id": null,
            "description": "",
            "shape_type": "polygon",
            "flags": {},
            "mask": null
        }
    ],
    "imagePath": "IMG001482.jpeg",
    "imageData": null,
    "imageHeight": 512,
    "imageWidth": 512
}