{
    "version": "5.4.1",
    "flags": {},
    "shapes": [
        {
            "label": "osteochondroma",
            "points": [
                [
                    266.56036106971123,
                    355.61474649194344
                ],
                [
                    296.0758415117685,
                    402.31759511824754
                ]
            ],
            "group_id": null,
            "description": "",
            "shape_type": "rectangle",
            "flags": {},
            "mask": null
        },
        {
            "label": "osteochondroma",
            "points": [
                [
                    267.73018194089025,
                    357.7744157925818
                ],
                [
                    285.7274261128765,
                    356.78456736312256
                ],
                [
                    288.24704029695454,
                    362.72365793987797
                ],
                [
                    288.24704029695454,
                    367.7628863080341
                ],
                [
                    288.7869576221141,
                    376.2215910688676
                ],
                [
                    288.96693006383396,
                    380.5409296701443
                ],
                [
                    289.14690250555384,
                    381.89072298304325
                ],
                [
                    290.76665448103256,
                    386.03008914260005
                ],
                [
                    292.6563651190911,
                    389.44956553527743
                ],
                [
                    294.54607575714965,
                    393.49894547397435
                ],
                [
                    294.99600686144936,
                    396.1985320997723
                ],
                [
                    294.9060206405894,
                    399.07809116729004
                ],
                [
                    289.7768060515733,
                    401.05778802620847
                ],
                [
                    283.8377154748179,
                    399.79798093416946
                ],
                [
                    280.41823908214053,
                    395.0287112285931
                ],
                [
                    279.9683079778409,
                    392.3291246027953
                ],
                [
                    275.73895559742414,
                    391.6992210567757
                ],
                [
                    271.05967211270774,
                    389.44956553527743
                ],
                [
                    268.72003037034955,
                    385.40018559658057
                ],
                [
                    268.6300441494896,
                    375.8616461854279
                ],
                [
                    268.18011304518996,
                    368.84272095835325
                ]
            ],
            "group_id": null,
            "description": "",
            "shape_type": "polygon",
            "flags": {},
            "mask": null
        }
    ],
    "imagePath": "IMG001569.jpeg",
    "imageData": null,
    "imageHeight": 512,
    "imageWidth": 512
}