{
    "version": "5.4.1",
    "flags": {},
    "shapes": [
        {
            "label": "multiple osteochondromas",
            "points": [
                [
                    208.4285799283047,
                    237.72217346680748
                ],
                [
                    247.26896131133884,
                    447.91717859852145
                ]
            ],
            "group_id": null,
            "description": "",
            "shape_type": "rectangle",
            "flags": {},
            "mask": null
        },
        {
            "label": "multiple osteochondromas",
            "points": [
                [
                    285.7285546415981,
                    175.27293281173306
                ],
                [
                    310.09899001918814,
                    262.8541849499472
                ]
            ],
            "group_id": null,
            "description": "",
            "shape_type": "rectangle",
            "flags": {},
            "mask": null
        },
        {
            "label": "multiple osteochondromas",
            "points": [
                [
                    209.88737359527317,
                    444.43779480644145
                ],
                [
                    209.46367984641103,
                    285.552638983135
                ],
                [
                    211.58214859072177,
                    254.622995316198
                ],
                [
                    218.9967891958094,
                    241.27664222704024
                ],
                [
                    237.8511610201751,
                    240.64110160374702
                ],
                [
                    244.63026100196953,
                    259.4954734281127
                ],
                [
                    246.96057662071132,
                    281.31570149451346
                ],
                [
                    246.96057662071132,
                    293.60282021151585
                ],
                [
                    242.08809850879658,
                    302.50038893762104
                ],
                [
                    238.91039539233049,
                    308.6439482961221
                ],
                [
                    237.0037735224508,
                    326.86277949719465
                ],
                [
                    235.3089985270022,
                    346.5645388192847
                ],
                [
                    234.24976415484682,
                    370.5032356299962
                ],
                [
                    234.88530477814004,
                    391.6879230731037
                ],
                [
                    238.0630078946062,
                    395.501166812863
                ],
                [
                    239.96962976448586,
                    407.5764386554343
                ],
                [
                    243.78287350424523,
                    429.60851359626616
                ],
                [
                    241.66440475993446,
                    444.8614885553036
                ],
                [
                    230.2246735406564,
                    442.74301981099285
                ]
            ],
            "group_id": null,
            "description": "",
            "shape_type": "polygon",
            "flags": {},
            "mask": null
        },
        {
            "label": "multiple osteochondromas",
            "points": [
                [
                    286.99963588818457,
                    177.93442677214875
                ],
                [
                    287.84702338590887,
                    247.84389533440358
                ],
                [
                    293.56688899554786,
                    252.0808328230251
                ],
                [
                    298.8630608563248,
                    243.18326409691994
                ],
                [
                    304.79477334039495,
                    238.94632660829842
                ],
                [
                    307.97247645686105,
                    225.59997351914066
                ],
                [
                    306.91324208470564,
                    210.34699856010326
                ],
                [
                    301.40522334949765,
                    199.11911421525627
                ],
                [
                    299.498601479618,
                    185.98460800052962
                ],
                [
                    296.53274523758296,
                    179.2055080187352
                ]
            ],
            "group_id": null,
            "description": "",
            "shape_type": "polygon",
            "flags": {},
            "mask": null
        }
    ],
    "imagePath": "IMG001441.jpeg",
    "imageData": null,
    "imageHeight": 512,
    "imageWidth": 512
}