{
    "version": "5.4.1",
    "flags": {},
    "shapes": [
        {
            "label": "other bt",
            "points": [
                [
                    251.60952380952386,
                    163.8095238095238
                ],
                [
                    267.2285714285715,
                    183.23809523809524
                ]
            ],
            "group_id": null,
            "description": "",
            "shape_type": "rectangle",
            "flags": {},
            "mask": null
        },
        {
            "label": "other bt",
            "points": [
                [
                    265.9443535188216,
                    168.76595744680853
                ],
                [
                    266.3371522094926,
                    174.59247135842884
                ],
                [
                    264.176759410802,
                    180.35351882160396
                ],
                [
                    261.16530278232403,
                    182.7757774140753
                ],
                [
                    258.873977086743,
                    182.44844517184944
                ],
                [
                    256.25531914893617,
                    182.12111292962356
                ],
                [
                    253.37479541734862,
                    181.139116202946
                ],
                [
                    252.78559738134206,
                    173.87234042553192
                ],
                [
                    253.50572831423895,
                    169.87888707037644
                ],
                [
                    256.6481178396072,
                    166.54009819967268
                ],
                [
                    262.99836333878886,
                    164.8379705400982
                ],
                [
                    264.63502454991817,
                    165.62356792144027
                ],
                [
                    265.35515548281506,
                    168.24222585924716
                ]
            ],
            "group_id": null,
            "description": "",
            "shape_type": "polygon",
            "flags": {},
            "mask": null
        }
    ],
    "imagePath": "IMG001755.jpeg",
    "imageData": null,
    "imageHeight": 512,
    "imageWidth": 512
}