{
    "version": "5.4.1",
    "flags": {},
    "shapes": [
        {
            "label": "osteochondroma",
            "points": [
                [
                    176.5801238948568,
                    447.5509972617832
                ],
                [
                    196.62797517782207,
                    490.82670382432207
                ]
            ],
            "group_id": null,
            "description": "",
            "shape_type": "rectangle",
            "flags": {},
            "mask": null
        },
        {
            "label": "osteochondroma",
            "points": [
                [
                    195.58279995120918,
                    470.26874755243404
                ],
                [
                    187.11887627032684,
                    489.57964138745683
                ],
                [
                    185.0645258623457,
                    485.3065925388561
                ],
                [
                    182.4349573401298,
                    481.280065739213
                ],
                [
                    179.88756283423317,
                    477.9109310701239
                ],
                [
                    177.83321242625203,
                    471.254835748265
                ],
                [
                    177.09364627937882,
                    462.9552601000211
                ],
                [
                    178.73712660576373,
                    457.77829707190864
                ],
                [
                    181.5310431606181,
                    453.3409001906694
                ],
                [
                    186.95452823768835,
                    449.72524347262254
                ],
                [
                    189.5840967599042,
                    448.8213292931108
                ],
                [
                    195.33627790225142,
                    452.1904639621999
                ],
                [
                    195.91149601648615,
                    456.79220887607767
                ],
                [
                    194.9254078206552,
                    462.05134592050945
                ],
                [
                    194.67888577169748,
                    465.50265460591777
                ],
                [
                    193.6927975758665,
                    466.89961288334496
                ],
                [
                    194.35018970642048,
                    469.11831132396463
                ]
            ],
            "group_id": null,
            "description": "",
            "shape_type": "polygon",
            "flags": {},
            "mask": null
        }
    ],
    "imagePath": "IMG000872.jpeg",
    "imageData": null,
    "imageHeight": 512,
    "imageWidth": 512
}