{
    "version": "5.4.1",
    "flags": {},
    "shapes": [
        {
            "label": "multiple osteochondromas",
            "points": [
                [
                    195.11713013121465,
                    1.7565908270133854
                ],
                [
                    290.6510172143975,
                    73.02178885277479
                ]
            ],
            "group_id": null,
            "description": "",
            "shape_type": "rectangle",
            "flags": {},
            "mask": null
        },
        {
            "label": "multiple osteochondromas",
            "points": [
                [
                    264.45624172384737,
                    150.450463464548
                ],
                [
                    314.53448898519315,
                    197.06175514626221
                ]
            ],
            "group_id": null,
            "description": "",
            "shape_type": "rectangle",
            "flags": {},
            "mask": null
        },
        {
            "label": "multiple osteochondromas",
            "points": [
                [
                    259.063199711087,
                    381.9660527266161
                ],
                [
                    322.62405200433363,
                    441.2895148669797
                ]
            ],
            "group_id": null,
            "description": "",
            "shape_type": "rectangle",
            "flags": {},
            "mask": null
        },
        {
            "label": "multiple osteochondromas",
            "points": [
                [
                    234.90353441403136,
                    2.5511559925591287
                ],
                [
                    279.9739569492426,
                    2.5511559925591287
                ],
                [
                    283.6589600496058,
                    13.322703516697668
                ],
                [
                    283.6589600496058,
                    17.29116839401187
                ],
                [
                    285.92665426521387,
                    20.69270971742404
                ],
                [
                    289.6116573655771,
                    21.25963327132607
                ],
                [
                    289.0447338116751,
                    29.480024802905483
                ],
                [
                    286.21011604216494,
                    35.43272211887678
                ],
                [
                    286.21011604216494,
                    43.369651873505184
                ],
                [
                    286.21011604216494,
                    55.841970059349805
                ],
                [
                    287.62742492692,
                    68.88121179909646
                ],
                [
                    209.39197448844007,
                    66.33005580653735
                ],
                [
                    206.8408184958809,
                    61.51120559837009
                ],
                [
                    198.6204269643015,
                    63.21197626007618
                ],
                [
                    196.6361945256444,
                    56.97581716715386
                ],
                [
                    196.06927097174238,
                    44.22003720435823
                ],
                [
                    200.32119762600757,
                    35.43272211887678
                ],
                [
                    200.32119762600757,
                    28.06271591815041
                ],
                [
                    200.32119762600757,
                    15.306935955354769
                ],
                [
                    205.9904331650279,
                    12.472318185844626
                ],
                [
                    209.39197448844007,
                    13.606165293648685
                ],
                [
                    210.24235981929309,
                    21.25963327132607
                ],
                [
                    209.67543626539106,
                    26.645407033395337
                ],
                [
                    213.07697758880323,
                    28.62963947205244
                ],
                [
                    215.34467180441135,
                    28.346177695101428
                ],
                [
                    223.8485251129418,
                    22.393480379130125
                ],
                [
                    229.23429887501106,
                    15.306935955354769
                ],
                [
                    233.48622552927628,
                    5.385773762069271
                ]
            ],
            "group_id": null,
            "description": "",
            "shape_type": "polygon",
            "flags": {},
            "mask": null
        },
        {
            "label": "multiple osteochondromas",
            "points": [
                [
                    265.9971108703503,
                    175.86920122131392
                ],
                [
                    266.62746643028333,
                    165.67845300239665
                ],
                [
                    267.3628812502052,
                    159.05971962309994
                ],
                [
                    272.7209035096359,
                    153.28146032371384
                ],
                [
                    275.13726648937916,
                    151.60051216389246
                ],
                [
                    278.0789257690666,
                    154.8573492235464
                ],
                [
                    281.020585048754,
                    155.48770478347944
                ],
                [
                    286.1684887882071,
                    155.48770478347944
                ],
                [
                    294.5732295873141,
                    153.7016973636692
                ],
                [
                    296.569355527102,
                    152.23086772382547
                ],
                [
                    302.2425555664992,
                    152.12580846383665
                ],
                [
                    306.86516300600806,
                    154.33205292360222
                ],
                [
                    311.06753340556156,
                    156.95853442332316
                ],
                [
                    313.37883712531595,
                    162.52667520273152
                ],
                [
                    313.69401490528253,
                    166.51892708230739
                ],
                [
                    313.1687186053383,
                    172.40224564168227
                ],
                [
                    309.07140746577363,
                    174.29331232148135
                ],
                [
                    306.6550444860304,
                    176.3944975212581
                ],
                [
                    305.91962966610856,
                    179.02097902097904
                ],
                [
                    304.55385928625367,
                    181.54240126071116
                ],
                [
                    302.2425555664992,
                    181.33228274073346
                ],
                [
                    300.7717259266555,
                    181.2272234807446
                ],
                [
                    300.35148888670017,
                    184.16888276043207
                ],
                [
                    297.7250073869792,
                    190.47243835976232
                ],
                [
                    295.2035851472471,
                    195.09504579927116
                ],
                [
                    290.7910962277159,
                    196.2506976591484
                ],
                [
                    284.59259988837454,
                    194.46469023933813
                ],
                [
                    280.2851702288322,
                    194.46469023933813
                ],
                [
                    276.18785908926753,
                    195.83046061919302
                ],
                [
                    271.98548868971403,
                    196.2506976591484
                ],
                [
                    271.14501460980335,
                    191.41797169966185
                ],
                [
                    270.3045405298926,
                    188.37125315998554
                ],
                [
                    269.77924422994846,
                    184.69417906037623
                ],
                [
                    268.7286516300601,
                    180.49180866082276
                ],
                [
                    268.41347385009357,
                    179.2310975409567
                ],
                [
                    270.094422009915,
                    171.98200860172693
                ],
                [
                    267.6780590301717,
                    174.18825306149253
                ]
            ],
            "group_id": null,
            "description": "",
            "shape_type": "polygon",
            "flags": {},
            "mask": null
        },
        {
            "label": "multiple osteochondromas",
            "points": [
                [
                    260.7441478709084,
                    422.44328441511544
                ],
                [
                    260.4289700909419,
                    410.36146951639915
                ],
                [
                    261.16438491086376,
                    398.5948323976493
                ],
                [
                    262.950392330674,
                    390.61032863849766
                ],
                [
                    266.837584950261,
                    386.51301749893304
                ],
                [
                    276.50303686923405,
                    383.57135821924555
                ],
                [
                    289.8455628878164,
                    383.36123969926786
                ],
                [
                    295.938999967169,
                    387.98384713877675
                ],
                [
                    298.67054072687876,
                    388.0889063987656
                ],
                [
                    302.13749630651034,
                    394.81269903805116
                ],
                [
                    303.5032666863653,
                    401.0111953773926
                ],
                [
                    303.92350372632063,
                    404.7933287369907
                ],
                [
                    306.86516300600806,
                    402.58708427722513
                ],
                [
                    308.44105190584065,
                    395.86329163793954
                ],
                [
                    314.3243704652155,
                    396.8088249778391
                ],
                [
                    317.1609704849142,
                    398.2796546176828
                ],
                [
                    319.36721494467974,
                    401.85166945730333
                ],
                [
                    319.2621556846909,
                    408.3653435766112
                ],
                [
                    319.36721494467974,
                    411.8322991562428
                ],
                [
                    320.73298532453464,
                    415.71949177582985
                ],
                [
                    320.1026297646016,
                    424.649528874881
                ],
                [
                    316.63567418496996,
                    428.74684001444564
                ],
                [
                    316.63567418496996,
                    431.5834400341443
                ],
                [
                    316.63567418496996,
                    436.31110673364196
                ],
                [
                    316.32049640500344,
                    439.14770675334063
                ],
                [
                    309.9118815456843,
                    440.51347713319547
                ],
                [
                    297.6199481269904,
                    440.828654913162
                ],
                [
                    290.47591844774945,
                    439.8831215732625
                ],
                [
                    298.5654814668899,
                    417.08526215568475
                ],
                [
                    299.6160740667783,
                    414.14360287599726
                ],
                [
                    296.14911848714667,
                    418.7662103155061
                ],
                [
                    295.2035851472471,
                    420.3420992153387
                ],
                [
                    291.42145178764895,
                    423.0736399750485
                ],
                [
                    286.903903608129,
                    426.8557733346466
                ],
                [
                    281.23070356873177,
                    428.2215437145015
                ],
                [
                    276.50303686923405,
                    429.27213631438985
                ],
                [
                    268.7286516300601,
                    428.6417807544568
                ],
                [
                    261.16438491086376,
                    426.54059555468007
                ]
            ],
            "group_id": null,
            "description": "",
            "shape_type": "polygon",
            "flags": {},
            "mask": null
        }
    ],
    "imagePath": "IMG000668.jpeg",
    "imageData": null,
    "imageHeight": 512,
    "imageWidth": 512
}