{
    "version": "5.4.1",
    "flags": {},
    "shapes": [
        {
            "label": "osteochondroma",
            "points": [
                [
                    305.5387393895611,
                    336.10113780025284
                ],
                [
                    315.7103124435615,
                    357.1378002528445
                ]
            ],
            "group_id": null,
            "description": "",
            "shape_type": "rectangle",
            "flags": {},
            "mask": null
        },
        {
            "label": "osteochondroma",
            "points": [
                [
                    313.3632206981153,
                    337.00814096130256
                ],
                [
                    306.22593955615037,
                    347.99955391992864
                ],
                [
                    306.22593955615037,
                    349.99799263967884
                ],
                [
                    307.08241329318616,
                    349.99799263967884
                ],
                [
                    309.0094792015167,
                    349.99799263967884
                ],
                [
                    309.2235976357756,
                    351.35407605665216
                ],
                [
                    309.36634325861496,
                    352.78153228504516
                ],
                [
                    309.65183450429356,
                    354.42310694769714
                ],
                [
                    309.7232073157132,
                    354.92271662763466
                ],
                [
                    310.2941898070703,
                    356.3501728560277
                ],
                [
                    311.5075276012044,
                    356.3501728560277
                ],
                [
                    312.7922382067581,
                    354.20898851343816
                ],
                [
                    313.434593509535,
                    353.5666332106613
                ],
                [
                    314.0769488123118,
                    351.42544886807184
                ],
                [
                    314.5765584922494,
                    346.0011152001784
                ],
                [
                    314.5765584922494,
                    341.00501840080295
                ],
                [
                    314.5765584922494,
                    338.50697000111523
                ]
            ],
            "group_id": null,
            "description": "",
            "shape_type": "polygon",
            "flags": {},
            "mask": null
        }
    ],
    "imagePath": "IMG000440.jpeg",
    "imageData": null,
    "imageHeight": 512,
    "imageWidth": 512
}