{
    "version": "5.4.1",
    "flags": {},
    "shapes": [
        {
            "label": "multiple osteochondromas",
            "points": [
                [
                    154.4933333333334,
                    212.952380952381
                ],
                [
                    240.28582781456953,
                    301.7748344370861
                ]
            ],
            "group_id": null,
            "description": "",
            "shape_type": "rectangle",
            "flags": {},
            "mask": null
        },
        {
            "label": "multiple osteochondromas",
            "points": [
                [
                    343.44571428571436,
                    217.90476190476198
                ],
                [
                    423.1026048565122,
                    310.8167770419426
                ]
            ],
            "group_id": null,
            "description": "",
            "shape_type": "rectangle",
            "flags": {},
            "mask": null
        },
        {
            "label": "multiple osteochondromas",
            "points": [
                [
                    160.32114790286974,
                    232.26490066225168
                ],
                [
                    226.440353200883,
                    215.87637969094925
                ],
                [
                    229.8310816777042,
                    216.158940397351
                ],
                [
                    233.50437086092714,
                    218.7019867549669
                ],
                [
                    237.1776600441501,
                    223.22295805739518
                ],
                [
                    238.30790286975719,
                    232.83002207505518
                ],
                [
                    237.74278145695362,
                    240.74172185430464
                ],
                [
                    231.5264459161148,
                    240.17660044150114
                ],
                [
                    226.440353200883,
                    240.17660044150114
                ],
                [
                    220.5065783664459,
                    244.69757174392936
                ],
                [
                    213.44256070640174,
                    266.45474613686537
                ],
                [
                    202.14013245033112,
                    278.32229580573954
                ],
                [
                    190.83770419426048,
                    288.2119205298014
                ],
                [
                    187.44697571743927,
                    295.5584988962473
                ],
                [
                    184.9039293598234,
                    298.9492273730684
                ],
                [
                    175.29686534216336,
                    298.9492273730684
                ],
                [
                    167.10260485651213,
                    298.9492273730684
                ],
                [
                    158.34322295805737,
                    294.99337748344374
                ],
                [
                    154.38737306843265,
                    287.36423841059604
                ],
                [
                    154.9524944812362,
                    274.93156732891833
                ],
                [
                    158.9083443708609,
                    259.10816777041947
                ],
                [
                    160.03858719646797,
                    251.19646799116998
                ],
                [
                    160.32114790286974,
                    242.71964679911702
                ]
            ],
            "group_id": null,
            "description": "",
            "shape_type": "polygon",
            "flags": {},
            "mask": null
        },
        {
            "label": "multiple osteochondromas",
            "points": [
                [
                    349.35426048565125,
                    259.95584988962474
                ],
                [
                    349.63682119205293,
                    247.8057395143488
                ],
                [
                    349.63682119205293,
                    234.24282560706402
                ],
                [
                    349.63682119205293,
                    228.87417218543047
                ],
                [
                    371.67655629139074,
                    220.11479028697573
                ],
                [
                    413.77810154525383,
                    221.2450331125828
                ],
                [
                    420.5595584988962,
                    226.89624724061812
                ],
                [
                    421.6898013245033,
                    239.3289183222958
                ],
                [
                    419.4293156732892,
                    246.67549668874176
                ],
                [
                    417.4513907284768,
                    250.3487858719647
                ],
                [
                    407.2792052980132,
                    251.7615894039735
                ],
                [
                    406.9966445916114,
                    257.13024282560707
                ],
                [
                    405.01871964679907,
                    264.1942604856512
                ],
                [
                    402.758233995585,
                    269.28035320088304
                ],
                [
                    399.6500662251655,
                    280.01766004415015
                ],
                [
                    394.8465342163355,
                    289.34216335540845
                ],
                [
                    391.1732450331126,
                    295.841059602649
                ],
                [
                    386.36971302428253,
                    304.03532008830024
                ],
                [
                    379.58825607064017,
                    309.121412803532
                ],
                [
                    364.8950993377484,
                    308.2737306843267
                ],
                [
                    351.6147461368653,
                    306.5783664459162
                ],
                [
                    344.55072847682123,
                    299.51434878587196
                ],
                [
                    342.8553642384106,
                    291.3200883002208
                ],
                [
                    345.68097130242825,
                    270.41059602649005
                ]
            ],
            "group_id": null,
            "description": "",
            "shape_type": "polygon",
            "flags": {},
            "mask": null
        }
    ],
    "imagePath": "IMG001664.jpeg",
    "imageData": null,
    "imageHeight": 512,
    "imageWidth": 512
}