{
    "version": "5.4.1",
    "flags": {},
    "shapes": [
        {
            "label": "osteochondroma",
            "points": [
                [
                    289.6403189116367,
                    167.14055816898193
                ],
                [
                    300.00568328216906,
                    198.9904959620722
                ]
            ],
            "group_id": null,
            "description": "",
            "shape_type": "rectangle",
            "flags": {},
            "mask": null
        },
        {
            "label": "osteochondroma",
            "points": [
                [
                    290.576391611954,
                    168.48655224765986
                ],
                [
                    291.4343665899181,
                    196.54233402708655
                ],
                [
                    293.2361140436428,
                    197.91509399182914
                ],
                [
                    293.9224940260141,
                    198.1724864852184
                ],
                [
                    295.981633973128,
                    198.68727147199687
                ],
                [
                    297.7833814268526,
                    195.85595404471528
                ],
                [
                    298.89874889820595,
                    187.70519175405613
                ],
                [
                    299.0703438937988,
                    181.27037941932522
                ],
                [
                    298.21236891583465,
                    173.0338196308697
                ],
                [
                    296.32482396431357,
                    170.54569219477375
                ],
                [
                    292.20654407008584,
                    168.7439447410491
                ]
            ],
            "group_id": null,
            "description": "",
            "shape_type": "polygon",
            "flags": {},
            "mask": null
        }
    ],
    "imagePath": "IMG000865.jpeg",
    "imageData": null,
    "imageHeight": 512,
    "imageWidth": 512
}