{
    "version": "5.4.1",
    "flags": {},
    "shapes": [
        {
            "label": "osteosarcoma",
            "points": [
                [
                    158.9659081437026,
                    87.91531216137368
                ],
                [
                    203.13695090439276,
                    143.39584896224056
                ]
            ],
            "group_id": null,
            "description": "",
            "shape_type": "rectangle",
            "flags": {},
            "mask": null
        },
        {
            "label": "osteosarcoma",
            "points": [
                [
                    187.36585365853657,
                    142.05281401651226
                ],
                [
                    183.25165437700886,
                    142.61750803554546
                ],
                [
                    180.9122077267284,
                    142.61750803554546
                ],
                [
                    173.81319720173946,
                    142.29482573895507
                ],
                [
                    168.73095103044054,
                    142.21415516480747
                ],
                [
                    165.26211634209363,
                    141.48811999747903
                ],
                [
                    161.47059935715635,
                    135.11514463981848
                ],
                [
                    160.82523476397552,
                    127.2900989475011
                ],
                [
                    159.93785844835193,
                    117.60963004978885
                ],
                [
                    159.93785844835193,
                    110.10726665406187
                ],
                [
                    161.87395222789436,
                    101.39484464612086
                ],
                [
                    167.6822335665217,
                    94.69918699186991
                ],
                [
                    172.280456292935,
                    89.93962311716139
                ],
                [
                    176.0719732778723,
                    88.64889393079974
                ],
                [
                    181.23489002331883,
                    88.64889393079974
                ],
                [
                    189.54395916052184,
                    88.64889393079974
                ],
                [
                    197.20766370454402,
                    92.11772861914663
                ],
                [
                    200.9185101153337,
                    95.98991617823152
                ],
                [
                    202.20923930169533,
                    100.66880947879245
                ],
                [
                    202.77393332072856,
                    110.42994895065229
                ],
                [
                    202.53192159828575,
                    119.4650532551837
                ],
                [
                    202.53192159828575,
                    123.98260540744941
                ],
                [
                    201.7252158568097,
                    128.66149870801033
                ],
                [
                    200.9991806894813,
                    131.968992248062
                ],
                [
                    199.78912207726728,
                    135.2764857881137
                ],
                [
                    196.2396168147728,
                    140.3587319594126
                ]
            ],
            "group_id": null,
            "description": "",
            "shape_type": "polygon",
            "flags": {},
            "mask": null
        }
    ],
    "imagePath": "IMG000203.jpeg",
    "imageData": null,
    "imageHeight": 512,
    "imageWidth": 512
}