{
    "version": "5.4.1",
    "flags": {},
    "shapes": [
        {
            "label": "osteochondroma",
            "points": [
                [
                    253.8765877211213,
                    477.7110109106097
                ],
                [
                    274.2845583798442,
                    511.27878128881133
                ]
            ],
            "group_id": null,
            "description": "",
            "shape_type": "rectangle",
            "flags": {},
            "mask": null
        },
        {
            "label": "osteochondroma",
            "points": [
                [
                    273.71717138169475,
                    501.40553227009946
                ],
                [
                    270.2595579232178,
                    510.98482201571596
                ],
                [
                    258.69639160306525,
                    511.15486857924765
                ],
                [
                    256.5424684649976,
                    508.6608523141167
                ],
                [
                    257.56274784618756,
                    507.0737510544879
                ],
                [
                    257.10929034343644,
                    500.27188851322177
                ],
                [
                    257.05260815559257,
                    498.23132975084195
                ],
                [
                    256.372421901466,
                    496.81427505474477
                ],
                [
                    254.61527407830556,
                    494.26357660176996
                ],
                [
                    254.61527407830556,
                    491.0893740825124
                ],
                [
                    254.61527407830556,
                    488.0852181267866
                ],
                [
                    256.0323287744027,
                    484.68428685615345
                ],
                [
                    258.9798025422847,
                    481.2833555855203
                ],
                [
                    261.5305009952595,
                    480.2630762043304
                ],
                [
                    264.70470351451706,
                    478.6759749447016
                ],
                [
                    267.1420375918041,
                    478.10915306626276
                ],
                [
                    269.2959607298717,
                    478.39256400548226
                ],
                [
                    272.3001166855976,
                    478.9027036960772
                ],
                [
                    273.2070316910998,
                    480.7165337070815
                ],
                [
                    273.88721794522644,
                    482.58704590592964
                ],
                [
                    274.0005823209142,
                    483.7773718506512
                ],
                [
                    273.8305357573825,
                    486.4981168671577
                ],
                [
                    271.9600235585343,
                    490.5225522040736
                ],
                [
                    269.7494182326228,
                    492.27970002723396
                ],
                [
                    268.7291388514329,
                    493.3566615962678
                ],
                [
                    267.9922704094624,
                    494.8870806680527
                ],
                [
                    267.1420375918041,
                    496.7575928669009
                ],
                [
                    266.91530884042857,
                    497.4944613088714
                ],
                [
                    266.97199102827244,
                    499.1382447563441
                ],
                [
                    267.8222238459307,
                    500.6119816402851
                ],
                [
                    270.03282917184225,
                    501.1788035187239
                ],
                [
                    272.1867523099099,
                    501.3488500822556
                ]
            ],
            "group_id": null,
            "description": "",
            "shape_type": "polygon",
            "flags": {},
            "mask": null
        }
    ],
    "imagePath": "IMG001108.jpeg",
    "imageData": null,
    "imageHeight": 512,
    "imageWidth": 512
}