{
    "version": "5.4.1",
    "flags": {},
    "shapes": [
        {
            "label": "osteochondroma",
            "points": [
                [
                    207.0384045434305,
                    112.10523472687589
                ],
                [
                    230.02419172342303,
                    160.69307754637234
                ]
            ],
            "group_id": null,
            "description": "",
            "shape_type": "rectangle",
            "flags": {},
            "mask": null
        },
        {
            "label": "osteochondroma",
            "points": [
                [
                    212.17615886923866,
                    113.40059683414167
                ],
                [
                    228.43036528007738,
                    114.27582333318682
                ],
                [
                    228.80546235109674,
                    120.65247354051586
                ],
                [
                    228.9304947081032,
                    127.02912374784492
                ],
                [
                    229.6806888501419,
                    135.6563563812901
                ],
                [
                    228.55539763708381,
                    148.28462443894173
                ],
                [
                    226.92997699599997,
                    156.78682471538045
                ],
                [
                    225.67965342593544,
                    159.41250421251593
                ],
                [
                    219.8031326466322,
                    159.2874718555095
                ],
                [
                    215.17693543739347,
                    157.9121159284385
                ],
                [
                    210.55073822815478,
                    150.9103039360772
                ],
                [
                    208.92531758707088,
                    138.5321005924385
                ],
                [
                    208.0500910880257,
                    130.02990031599975
                ],
                [
                    209.80054408611608,
                    120.0273117554836
                ]
            ],
            "group_id": null,
            "description": "",
            "shape_type": "polygon",
            "flags": {},
            "mask": null
        }
    ],
    "imagePath": "IMG000984.jpeg",
    "imageData": null,
    "imageHeight": 512,
    "imageWidth": 512
}