{
    "version": "5.4.1",
    "flags": {},
    "shapes": [
        {
            "label": "osteochondroma",
            "points": [
                [
                    282.4366528289049,
                    351.29967834809764
                ],
                [
                    291.3577222730805,
                    412.0479131346264
                ]
            ],
            "group_id": null,
            "description": "",
            "shape_type": "rectangle",
            "flags": {},
            "mask": null
        },
        {
            "label": "osteochondroma",
            "points": [
                [
                    284.84392553606347,
                    353.5653467783644
                ],
                [
                    283.4278827671467,
                    410.915078919493
                ],
                [
                    287.5344067970053,
                    407.23336772030945
                ],
                [
                    290.79130516551385,
                    395.9050255689754
                ],
                [
                    290.5080966117305,
                    386.1343304634498
                ],
                [
                    288.6672410121387,
                    375.65561397346585
                ],
                [
                    287.676011073897,
                    364.75208465280684
                ],
                [
                    288.6672410121387,
                    356.25582803930627
                ]
            ],
            "group_id": null,
            "description": "",
            "shape_type": "polygon",
            "flags": {},
            "mask": null
        }
    ],
    "imagePath": "IMG000855.jpeg",
    "imageData": null,
    "imageHeight": 512,
    "imageWidth": 512
}