{
    "version": "5.4.1",
    "flags": {},
    "shapes": [
        {
            "label": "osteochondroma",
            "points": [
                [
                    198.58741681790684,
                    130.7284438276218
                ],
                [
                    225.9174050745525,
                    190.85441799224228
                ]
            ],
            "group_id": null,
            "description": "",
            "shape_type": "rectangle",
            "flags": {},
            "mask": null
        },
        {
            "label": "osteochondroma",
            "points": [
                [
                    213.61891035906197,
                    135.7389416746735
                ],
                [
                    218.40165830397493,
                    140.52168961958648
                ],
                [
                    220.9069072275008,
                    144.39343795594462
                ],
                [
                    224.77865556385893,
                    155.0976833564642
                ],
                [
                    225.00640546599766,
                    163.97992953987404
                ],
                [
                    225.00640546599766,
                    166.9406782676773
                ],
                [
                    225.00640546599766,
                    175.59517454894845
                ],
                [
                    224.77865556385893,
                    179.01142308102914
                ],
                [
                    222.27340664033306,
                    183.56642112380342
                ],
                [
                    217.4906586954201,
                    187.6659193623003
                ],
                [
                    208.38066260987156,
                    190.17116828582613
                ],
                [
                    203.59791466495855,
                    187.6659193623003
                ],
                [
                    201.77591544784883,
                    185.61617024305187
                ],
                [
                    199.4984164264617,
                    176.50617415750327
                ],
                [
                    199.9539162307391,
                    166.7129283655386
                ],
                [
                    204.50891427351343,
                    158.96943169282233
                ],
                [
                    208.15291270773284,
                    149.40393580299633
                ],
                [
                    209.97491192484256,
                    143.25468844525105
                ]
            ],
            "group_id": null,
            "description": "",
            "shape_type": "polygon",
            "flags": {},
            "mask": null
        }
    ],
    "imagePath": "IMG001118.jpeg",
    "imageData": null,
    "imageHeight": 512,
    "imageWidth": 512
}