{
    "version": "5.4.1",
    "flags": {},
    "shapes": [
        {
            "label": "multiple osteochondromas",
            "points": [
                [
                    212.34313580611794,
                    146.40461061031476
                ],
                [
                    231.3845623368307,
                    207.69026156346976
                ]
            ],
            "group_id": null,
            "description": "",
            "shape_type": "rectangle",
            "flags": {},
            "mask": null
        },
        {
            "label": "multiple osteochondromas",
            "points": [
                [
                    221.17028717797155,
                    147.53953007241023
                ],
                [
                    216.25230284222454,
                    151.19649278360671
                ],
                [
                    213.85636175557858,
                    154.22294468252795
                ],
                [
                    213.09974878084824,
                    159.5192355056401
                ],
                [
                    213.09974878084824,
                    162.04127875474114
                ],
                [
                    215.49568986749424,
                    175.02980148761142
                ],
                [
                    216.25230284222454,
                    179.44337717353824
                ],
                [
                    218.64824392887053,
                    196.4671691049702
                ],
                [
                    220.03536771587608,
                    201.63735776562729
                ],
                [
                    222.43130880252204,
                    206.17703561400913
                ],
                [
                    223.6923304270726,
                    206.5553421013743
                ],
                [
                    225.83606718880844,
                    197.34988424215555
                ],
                [
                    226.2143736761736,
                    189.9098566573075
                ],
                [
                    227.47539530072413,
                    181.71321609772917
                ],
                [
                    229.61913206245998,
                    168.8507955273139
                ],
                [
                    230.50184719964534,
                    162.41958524210628
                ],
                [
                    230.6279493621004,
                    158.13211171863455
                ],
                [
                    226.2143736761736,
                    161.2846657800108
                ],
                [
                    225.07945421407814,
                    166.20265011575785
                ],
                [
                    224.07063691443773,
                    170.86843012659475
                ],
                [
                    224.07063691443773,
                    173.7687798630609
                ],
                [
                    223.5662282646175,
                    181.71321609772917
                ],
                [
                    223.06181961479734,
                    186.0006896212009
                ],
                [
                    221.92690015270188,
                    186.50509827102113
                ],
                [
                    222.17910447761196,
                    179.8216836609034
                ],
                [
                    223.18792177725237,
                    174.77759716270134
                ],
                [
                    223.31402393970743,
                    166.32875227821287
                ],
                [
                    224.07063691443773,
                    160.14974631791534
                ],
                [
                    225.96216935126353,
                    154.34904684498298
                ],
                [
                    224.57504556425795,
                    151.32259494606174
                ],
                [
                    222.68351312743215,
                    148.17004088468545
                ]
            ],
            "group_id": null,
            "description": "",
            "shape_type": "polygon",
            "flags": {},
            "mask": null
        },
        {
            "label": "multiple osteochondromas",
            "points": [
                [
                    250.80429535490865,
                    147.91783655977537
                ],
                [
                    255.09176887838038,
                    150.94428845869658
                ],
                [
                    253.83074725382986,
                    159.26703118073002
                ],
                [
                    251.9392148170041,
                    167.08536525294318
                ],
                [
                    251.43480616718386,
                    173.7687798630609
                ],
                [
                    251.687010492094,
                    187.13560908329634
                ],
                [
                    252.1914191419142,
                    191.67528693167822
                ],
                [
                    253.2002364415546,
                    201.76345992808234
                ],
                [
                    253.2002364415546,
                    210.84281562484605
                ],
                [
                    253.2002364415546,
                    215.13028914831781
                ],
                [
                    253.9568494162849,
                    227.3621989064578
                ],
                [
                    254.58736022856016,
                    232.2801832422048
                ],
                [
                    254.71346239101524,
                    237.70257622777203
                ],
                [
                    249.5432737303581,
                    237.19816757795178
                ],
                [
                    240.4639180335944,
                    234.04561351657551
                ],
                [
                    236.68085315994284,
                    232.784591892025
                ],
                [
                    234.41101423575196,
                    236.81986109058664
                ],
                [
                    232.51948179892617,
                    236.6937589281316
                ],
                [
                    230.88015368701048,
                    226.73168809418252
                ],
                [
                    232.26727747401605,
                    221.93980592089056
                ],
                [
                    238.06797694694842,
                    210.9689177873011
                ],
                [
                    239.07679424658886,
                    203.402788039998
                ],
                [
                    240.59002019604944,
                    198.2325993793409
                ],
                [
                    240.33781587113936,
                    193.69292153095904
                ],
                [
                    238.82458992167875,
                    189.9098566573075
                ],
                [
                    235.2937293729373,
                    175.28200581252153
                ],
                [
                    235.2937293729373,
                    169.48130633958917
                ],
                [
                    237.8157726220383,
                    170.36402147677452
                ],
                [
                    241.0944288458697,
                    175.28200581252153
                ],
                [
                    241.47273533323482,
                    182.34372691000442
                ],
                [
                    242.22934830796513,
                    187.00950692084132
                ],
                [
                    243.74257425742576,
                    188.3966307078469
                ],
                [
                    245.6341066942515,
                    173.2643712132407
                ],
                [
                    245.6341066942515,
                    168.22028471503864
                ],
                [
                    245.6341066942515,
                    162.41958524210628
                ],
                [
                    245.25580020688636,
                    157.2493965814492
                ],
                [
                    244.75139155706614,
                    152.33141224570215
                ],
                [
                    248.03004778089752,
                    152.4575144081572
                ],
                [
                    249.5432737303581,
                    156.4927836067189
                ]
            ],
            "group_id": null,
            "description": "",
            "shape_type": "polygon",
            "flags": {},
            "mask": null
        },
        {
            "label": "multiple osteochondromas",
            "points": [
                [
                    275.8986256834638,
                    210.716713462391
                ],
                [
                    280.31220136939066,
                    227.3621989064578
                ],
                [
                    282.96034678094674,
                    225.09235998226686
                ],
                [
                    285.7345943549579,
                    224.33574700753655
                ],
                [
                    286.7434116545983,
                    217.90453672232894
                ],
                [
                    284.2213684054973,
                    215.3824934732279
                ],
                [
                    279.5555883946604,
                    213.86926752376726
                ]
            ],
            "group_id": null,
            "description": "",
            "shape_type": "polygon",
            "flags": {},
            "mask": null
        },
        {
            "label": "multiple osteochondromas",
            "points": [
                [
                    230.12354071228017,
                    147.7917343973203
                ],
                [
                    255.8483818531107,
                    239.08970001477758
                ]
            ],
            "group_id": null,
            "description": "",
            "shape_type": "rectangle",
            "flags": {},
            "mask": null
        },
        {
            "label": "multiple osteochondromas",
            "points": [
                [
                    274.8898083838235,
                    209.20348751293037
                ],
                [
                    287.5000246293286,
                    228.74932269346337
                ]
            ],
            "group_id": null,
            "description": "",
            "shape_type": "rectangle",
            "flags": {},
            "mask": null
        }
    ],
    "imagePath": "IMG000480.jpeg",
    "imageData": null,
    "imageHeight": 512,
    "imageWidth": 512
}