{
    "version": "5.4.1",
    "flags": {},
    "shapes": [
        {
            "label": "simple bone cyst",
            "points": [
                [
                    280.0458015267176,
                    76.22900763358778
                ],
                [
                    331.1908396946565,
                    157.14503816793894
                ]
            ],
            "group_id": null,
            "description": "",
            "shape_type": "rectangle",
            "flags": {},
            "mask": null
        },
        {
            "label": "simple bone cyst",
            "points": [
                [
                    282.7241379310345,
                    148.5991379310345
                ],
                [
                    281.0,
                    144.82758620689657
                ],
                [
                    281.4310344827586,
                    139.9784482758621
                ],
                [
                    281.8620689655172,
                    128.98706896551724
                ],
                [
                    282.6163793103448,
                    115.73275862068967
                ],
                [
                    283.2629310344828,
                    103.44827586206897
                ],
                [
                    281.2155172413793,
                    92.34913793103449
                ],
                [
                    283.37068965517244,
                    85.3448275862069
                ],
                [
                    284.5560344827586,
                    80.0646551724138
                ],
                [
                    288.9741379310345,
                    80.28017241379311
                ],
                [
                    298.4568965517242,
                    80.0646551724138
                ],
                [
                    303.8448275862069,
                    78.98706896551725
                ],
                [
                    307.07758620689657,
                    78.98706896551725
                ],
                [
                    311.06465517241384,
                    81.78879310344828
                ],
                [
                    320.65517241379314,
                    83.83620689655173
                ],
                [
                    322.8103448275862,
                    82.65086206896552
                ],
                [
                    328.3060344827586,
                    88.25431034482759
                ],
                [
                    329.59913793103453,
                    92.88793103448276
                ],
                [
                    328.41379310344826,
                    100.43103448275863
                ],
                [
                    324.1034482758621,
                    110.3448275862069
                ],
                [
                    319.03879310344826,
                    123.06034482758622
                ],
                [
                    315.26724137931035,
                    132.21982758620692
                ],
                [
                    311.92672413793105,
                    140.84051724137933
                ],
                [
                    309.44827586206895,
                    146.76724137931035
                ],
                [
                    307.2931034482759,
                    151.50862068965517
                ],
                [
                    306.32327586206895,
                    152.9094827586207
                ],
                [
                    302.6594827586207,
                    155.2801724137931
                ],
                [
                    295.9784482758621,
                    155.38793103448276
                ],
                [
                    290.1594827586207,
                    155.2801724137931
                ],
                [
                    283.0474137931035,
                    153.44827586206898
                ]
            ],
            "group_id": null,
            "description": "",
            "shape_type": "polygon",
            "flags": {},
            "mask": null
        }
    ],
    "imagePath": "IMG001851.jpeg",
    "imageData": null,
    "imageHeight": 512,
    "imageWidth": 512
}