{
    "version": "5.4.1",
    "flags": {},
    "shapes": [
        {
            "label": "osteosarcoma",
            "points": [
                [
                    183.3492366412214,
                    220.12213740458014
                ],
                [
                    282.58587786259545,
                    463.63358778625957
                ]
            ],
            "group_id": null,
            "description": "",
            "shape_type": "rectangle",
            "flags": {},
            "mask": null
        },
        {
            "label": "osteosarcoma",
            "points": [
                [
                    225.77380952380952,
                    221.66666666666666
                ],
                [
                    217.4404761904762,
                    223.09523809523807
                ],
                [
                    209.82142857142856,
                    227.38095238095238
                ],
                [
                    208.15476190476193,
                    236.19047619047618
                ],
                [
                    207.67857142857144,
                    246.9047619047619
                ],
                [
                    208.15476190476193,
                    270.4761904761905
                ],
                [
                    209.34523809523807,
                    283.57142857142856
                ],
                [
                    211.25,
                    305.0
                ],
                [
                    210.53571428571428,
                    314.5238095238095
                ],
                [
                    210.0595238095238,
                    320.95238095238096
                ],
                [
                    206.72619047619048,
                    329.76190476190476
                ],
                [
                    195.77380952380952,
                    330.23809523809524
                ],
                [
                    191.25,
                    337.6190476190476
                ],
                [
                    188.6309523809524,
                    348.3333333333333
                ],
                [
                    187.20238095238096,
                    360.23809523809524
                ],
                [
                    185.53571428571428,
                    373.8095238095238
                ],
                [
                    184.82142857142856,
                    386.66666666666663
                ],
                [
                    185.29761904761904,
                    406.66666666666663
                ],
                [
                    185.29761904761904,
                    416.4285714285714
                ],
                [
                    188.39285714285717,
                    422.6190476190476
                ],
                [
                    191.01190476190476,
                    428.8095238095238
                ],
                [
                    191.48809523809524,
                    436.4285714285714
                ],
                [
                    190.77380952380952,
                    444.5238095238095
                ],
                [
                    189.82142857142856,
                    450.0
                ],
                [
                    189.82142857142856,
                    454.76190476190476
                ],
                [
                    192.4404761904762,
                    458.0952380952381
                ],
                [
                    204.34523809523807,
                    459.5238095238095
                ],
                [
                    208.8690476190476,
                    459.5238095238095
                ],
                [
                    225.53571428571428,
                    461.19047619047615
                ],
                [
                    234.10714285714283,
                    462.38095238095235
                ],
                [
                    254.10714285714283,
                    460.4761904761905
                ],
                [
                    265.0595238095238,
                    455.7142857142857
                ],
                [
                    265.29761904761904,
                    444.76190476190476
                ],
                [
                    266.7261904761905,
                    442.1428571428571
                ],
                [
                    272.44047619047615,
                    436.19047619047615
                ],
                [
                    277.44047619047615,
                    419.76190476190476
                ],
                [
                    280.0595238095238,
                    398.3333333333333
                ],
                [
                    273.8690476190476,
                    371.90476190476187
                ],
                [
                    266.48809523809524,
                    357.38095238095235
                ],
                [
                    267.20238095238096,
                    340.23809523809524
                ],
                [
                    260.0595238095238,
                    339.2857142857143
                ],
                [
                    243.15476190476193,
                    334.76190476190476
                ],
                [
                    237.91666666666669,
                    332.38095238095235
                ],
                [
                    234.10714285714283,
                    328.0952380952381
                ]
            ],
            "group_id": null,
            "description": "",
            "shape_type": "polygon",
            "flags": {},
            "mask": null
        }
    ],
    "imagePath": "IMG001373.jpeg",
    "imageData": null,
    "imageHeight": 512,
    "imageWidth": 512
}