{
    "version": "5.4.1",
    "flags": {},
    "shapes": [
        {
            "label": "osteochondroma",
            "points": [
                [
                    154.12474977980625,
                    325.20425974857875
                ],
                [
                    168.67835695411964,
                    347.9570822323644
                ]
            ],
            "group_id": null,
            "description": "",
            "shape_type": "rectangle",
            "flags": {},
            "mask": null
        },
        {
            "label": "osteochondroma",
            "points": [
                [
                    164.69388438449212,
                    325.9057185908015
                ],
                [
                    154.8974193394083,
                    340.6004161584272
                ],
                [
                    156.1219774700438,
                    340.90655569108606
                ],
                [
                    158.26495419865586,
                    342.13111382172156
                ],
                [
                    158.57109373131473,
                    343.35567195235706
                ],
                [
                    160.2548611609385,
                    345.4986486809691
                ],
                [
                    163.77546578651553,
                    346.11092774628685
                ],
                [
                    167.29607041209252,
                    345.95785797995745
                ],
                [
                    167.44914017842197,
                    341.5188347564038
                ],
                [
                    166.53072158044534,
                    337.84516036449736
                ],
                [
                    167.29607041209252,
                    332.4877185429671
                ],
                [
                    167.44914017842197,
                    330.0386022816962
                ],
                [
                    166.98993087943364,
                    327.74255578675474
                ]
            ],
            "group_id": null,
            "description": "",
            "shape_type": "polygon",
            "flags": {},
            "mask": null
        }
    ],
    "imagePath": "IMG001295.jpeg",
    "imageData": null,
    "imageHeight": 512,
    "imageWidth": 512
}