{
    "version": "5.4.1",
    "flags": {},
    "shapes": [
        {
            "label": "osteochondroma",
            "points": [
                [
                    239.9521042310496,
                    151.78537767328206
                ],
                [
                    269.8334709606386,
                    178.01853381044128
                ]
            ],
            "group_id": null,
            "description": "",
            "shape_type": "rectangle",
            "flags": {},
            "mask": null
        },
        {
            "label": "osteochondroma",
            "points": [
                [
                    241.13486791445496,
                    175.0463967802544
                ],
                [
                    242.1862134108153,
                    155.0708323494081
                ],
                [
                    257.82497766917527,
                    153.36239591782257
                ],
                [
                    265.5786507048327,
                    153.09955954373248
                ],
                [
                    268.7326871939137,
                    165.1900327518763
                ],
                [
                    268.4698508198236,
                    172.54945122639862
                ],
                [
                    264.6587233955174,
                    176.75483321183995
                ],
                [
                    252.43683200032854,
                    176.62341502479492
                ],
                [
                    244.81457715171612,
                    176.88625139888498
                ]
            ],
            "group_id": null,
            "description": "",
            "shape_type": "polygon",
            "flags": {},
            "mask": null
        }
    ],
    "imagePath": "IMG000801.jpeg",
    "imageData": null,
    "imageHeight": 512,
    "imageWidth": 512
}