{
    "version": "5.4.1",
    "flags": {},
    "shapes": [
        {
            "label": "osteochondroma",
            "points": [
                [
                    309.7105021826052,
                    348.3810571879241
                ],
                [
                    319.1012068522798,
                    376.78793881368983
                ]
            ],
            "group_id": null,
            "description": "",
            "shape_type": "rectangle",
            "flags": {},
            "mask": null
        },
        {
            "label": "osteochondroma",
            "points": [
                [
                    310.20329010454975,
                    353.804474318751
                ],
                [
                    314.2549412082336,
                    349.39532458827136
                ],
                [
                    315.62535261095024,
                    351.54031634904527
                ],
                [
                    316.3403498645415,
                    354.8769701991379
                ],
                [
                    316.5190991779393,
                    357.97529163136676
                ],
                [
                    316.5786822824053,
                    360.0011171832087
                ],
                [
                    316.63826538687124,
                    362.4440244663122
                ],
                [
                    316.63826538687124,
                    362.9802724065057
                ],
                [
                    317.6511781627922,
                    359.3457030340834
                ],
                [
                    317.88951058065595,
                    364.0527682868926
                ],
                [
                    317.82992747619005,
                    365.7806783164049
                ],
                [
                    317.77034437172404,
                    366.5552586744621
                ],
                [
                    317.3532626404625,
                    368.87899974863376
                ],
                [
                    316.99576401366687,
                    369.77274631562284
                ],
                [
                    316.1616005511437,
                    371.3219070317373
                ],
                [
                    314.43369052163143,
                    374.539394672898
                ],
                [
                    313.0036960144489,
                    375.73105676221684
                ],
                [
                    312.2291156563916,
                    371.2027408228054
                ],
                [
                    312.34828186532354,
                    368.10441939057654
                ],
                [
                    312.40786496978944,
                    366.4360924655302
                ],
                [
                    312.6461973876533,
                    363.2781879288354
                ],
                [
                    313.2420284323126,
                    361.1927792725275
                ],
                [
                    313.1824453278467,
                    359.1073706162196
                ],
                [
                    312.05036634299387,
                    356.18779849738854
                ],
                [
                    310.50120562687937,
                    354.4003053634104
                ]
            ],
            "group_id": null,
            "description": "",
            "shape_type": "polygon",
            "flags": {},
            "mask": null
        }
    ],
    "imagePath": "IMG001042.jpeg",
    "imageData": null,
    "imageHeight": 512,
    "imageWidth": 512
}