{
    "version": "5.4.1",
    "flags": {},
    "shapes": [
        {
            "label": "other bt",
            "points": [
                [
                    245.44025157232704,
                    271.55974842767296
                ],
                [
                    273.42767295597486,
                    388.85534591194966
                ]
            ],
            "group_id": null,
            "description": "",
            "shape_type": "rectangle",
            "flags": {},
            "mask": null
        },
        {
            "label": "other bt",
            "points": [
                [
                    258.3333333333333,
                    272.66037735849056
                ],
                [
                    252.35849056603772,
                    279.10691823899367
                ],
                [
                    250.78616352201257,
                    286.33962264150944
                ],
                [
                    247.9559748427673,
                    300.0188679245283
                ],
                [
                    249.52830188679243,
                    309.76729559748424
                ],
                [
                    250.1572327044025,
                    315.1132075471698
                ],
                [
                    250.62893081761004,
                    322.50314465408803
                ],
                [
                    250.78616352201257,
                    327.5345911949685
                ],
                [
                    251.41509433962264,
                    333.9811320754717
                ],
                [
                    250.94339622641508,
                    342.0
                ],
                [
                    250.1572327044025,
                    351.2767295597484
                ],
                [
                    248.74213836477986,
                    358.66666666666663
                ],
                [
                    247.64150943396226,
                    364.95597484276726
                ],
                [
                    246.38364779874212,
                    373.4465408805031
                ],
                [
                    245.91194968553458,
                    379.8930817610063
                ],
                [
                    249.84276729559747,
                    385.71069182389937
                ],
                [
                    260.5345911949685,
                    387.75471698113205
                ],
                [
                    265.0943396226415,
                    387.5974842767295
                ],
                [
                    271.0691823899371,
                    381.93710691823895
                ],
                [
                    272.1698113207547,
                    371.0880503144654
                ],
                [
                    272.1698113207547,
                    348.76100628930817
                ],
                [
                    272.0125786163522,
                    332.8805031446541
                ],
                [
                    270.75471698113205,
                    317.9433962264151
                ],
                [
                    268.71069182389937,
                    304.7358490566038
                ],
                [
                    266.66666666666663,
                    291.37106918238993
                ],
                [
                    265.566037735849,
                    283.66666666666663
                ],
                [
                    264.1509433962264,
                    277.062893081761
                ]
            ],
            "group_id": null,
            "description": "",
            "shape_type": "polygon",
            "flags": {},
            "mask": null
        }
    ],
    "imagePath": "IMG001791.jpeg",
    "imageData": null,
    "imageHeight": 512,
    "imageWidth": 512
}