{
    "version": "5.4.1",
    "flags": {},
    "shapes": [
        {
            "label": "multiple osteochondromas",
            "points": [
                [
                    210.08180141590822,
                    88.85144862871081
                ],
                [
                    322.48719270761035,
                    223.17102610374073
                ]
            ],
            "group_id": null,
            "description": "",
            "shape_type": "rectangle",
            "flags": {},
            "mask": null
        },
        {
            "label": "multiple osteochondromas",
            "points": [
                [
                    198.6593491581891,
                    313.49300969718604
                ],
                [
                    249.29888750074366,
                    389.26194300672256
                ]
            ],
            "group_id": null,
            "description": "",
            "shape_type": "rectangle",
            "flags": {},
            "mask": null
        },
        {
            "label": "multiple osteochondromas",
            "points": [
                [
                    249.0450552283499,
                    294.2440623739928
                ],
                [
                    320.28731301353116,
                    372.42440227127
                ]
            ],
            "group_id": null,
            "description": "",
            "shape_type": "rectangle",
            "flags": {},
            "mask": null
        },
        {
            "label": "multiple osteochondromas",
            "points": [
                [
                    225.8850485816643,
                    92.60203927425307
                ],
                [
                    221.56114711399132,
                    90.7814491826013
                ],
                [
                    213.82363922447126,
                    93.05718679716603
                ],
                [
                    210.4100328026242,
                    98.97410459503429
                ],
                [
                    212.45819665573245,
                    108.7597763376626
                ],
                [
                    217.91996693068776,
                    121.95905450213797
                ],
                [
                    225.65747482020785,
                    129.46898863020155
                ],
                [
                    227.93321243477254,
                    142.8958405561334
                ],
                [
                    227.02291738894667,
                    178.16977358188657
                ],
                [
                    221.1059995910784,
                    184.31426514121134
                ],
                [
                    216.32695060049247,
                    193.18964183801373
                ],
                [
                    214.96150803175365,
                    202.06501853481615
                ],
                [
                    215.41665555466656,
                    210.9403952316186
                ],
                [
                    219.96813078379603,
                    215.947017983661
                ],
                [
                    241.13249059924794,
                    222.09150954298573
                ],
                [
                    314.1836680267755,
                    214.58157541492213
                ],
                [
                    319.1902907788178,
                    210.25767394724917
                ],
                [
                    321.46602839338254,
                    207.07164128685855
                ],
                [
                    321.30264210310617,
                    199.14157098379837
                ],
                [
                    317.82484821007904,
                    188.86574037034075
                ],
                [
                    313.0457992194931,
                    190.00360917762313
                ],
                [
                    308.94947151327665,
                    190.68633046199253
                ],
                [
                    310.9976353663849,
                    177.71462605897364
                ],
                [
                    309.40461903618956,
                    169.7495444079971
                ],
                [
                    303.4877012383213,
                    163.83262661012884
                ],
                [
                    299.3913735321048,
                    163.60505284867236
                ],
                [
                    297.1156359175401,
                    172.2528557840183
                ],
                [
                    295.29504582588834,
                    172.70800330693123
                ],
                [
                    297.7983572019095,
                    165.19806917886766
                ],
                [
                    298.93622600919184,
                    157.91570881226056
                ],
                [
                    298.93622600919184,
                    147.44731578526284
                ],
                [
                    298.70865224773536,
                    141.30282422593808
                ],
                [
                    289.37812802802,
                    134.7031851437004
                ],
                [
                    283.6887839916082,
                    134.7031851437004
                ],
                [
                    277.7718661937399,
                    134.9307589051569
                ],
                [
                    275.6128330722298,
                    136.5296104600049
                ],
                [
                    271.17222711150225,
                    144.94400440924164
                ]
            ],
            "group_id": null,
            "description": "",
            "shape_type": "polygon",
            "flags": {},
            "mask": null
        },
        {
            "label": "multiple osteochondromas",
            "points": [
                [
                    221.1235052650366,
                    315.5659732550684
                ],
                [
                    216.2160813320906,
                    316.91974537450176
                ],
                [
                    210.9702143692863,
                    319.45806809843936
                ],
                [
                    209.95488527971128,
                    323.51938445673943
                ],
                [
                    208.43189164534874,
                    327.41147930011044
                ],
                [
                    208.43189164534874,
                    331.13435262855216
                ],
                [
                    204.70901831690696,
                    334.3495614122064
                ],
                [
                    202.50913862282772,
                    340.6107574645858
                ],
                [
                    200.98614498846518,
                    347.0411750318943
                ],
                [
                    200.816923473536,
                    357.87135198736127
                ],
                [
                    200.816923473536,
                    365.14787712931565
                ],
                [
                    203.86291074226108,
                    374.9627249952076
                ],
                [
                    207.9242271005612,
                    381.90080710730365
                ],
                [
                    209.95488527971128,
                    383.59302225659536
                ],
                [
                    216.2160813320906,
                    387.48511709996626
                ],
                [
                    220.10817617546155,
                    387.31589558503714
                ],
                [
                    225.1848216233367,
                    385.45445892081625
                ],
                [
                    228.0615873771326,
                    382.4084716520911
                ],
                [
                    236.86110615344955,
                    379.5317058982953
                ],
                [
                    241.0916440266788,
                    371.23985166676584
                ],
                [
                    244.47607432526226,
                    364.97865561438647
                ],
                [
                    247.52206159398736,
                    361.4250038008739
                ],
                [
                    247.86050462384569,
                    343.82596624824004
                ],
                [
                    247.35284007905818,
                    330.45746656883546
                ],
                [
                    246.67595401934148,
                    317.59663143421847
                ],
                [
                    241.0916440266788,
                    314.55064416549334
                ],
                [
                    232.79978979514942,
                    314.04297962070586
                ]
            ],
            "group_id": null,
            "description": "",
            "shape_type": "polygon",
            "flags": {},
            "mask": null
        },
        {
            "label": "multiple osteochondromas",
            "points": [
                [
                    250.2296058328541,
                    306.93567599368066
                ],
                [
                    250.39882734778325,
                    322.33483385223525
                ],
                [
                    254.79858673594174,
                    329.2729159643313
                ],
                [
                    256.66002340016263,
                    334.1803398972773
                ],
                [
                    258.8599030942419,
                    338.7493208003649
                ],
                [
                    260.04445369874605,
                    348.733390181186
                ],
                [
                    261.22900430325024,
                    360.7481177411572
                ],
                [
                    261.3982258181794,
                    364.97865561438647
                ],
                [
                    262.2443333928253,
                    367.3477568233949
                ],
                [
                    264.78265611676284,
                    368.1938643980408
                ],
                [
                    271.88995974378804,
                    365.14787712931565
                ],
                [
                    281.0279215499633,
                    363.45566198002393
                ],
                [
                    284.07390881868844,
                    354.99458623356537
                ],
                [
                    285.5969024530509,
                    352.28704199469865
                ],
                [
                    292.0273200203595,
                    355.16380774849455
                ],
                [
                    296.76552243837625,
                    356.5175798679279
                ],
                [
                    300.1499527369597,
                    356.85602289778626
                ],
                [
                    300.31917425188885,
                    360.0712316814405
                ],
                [
                    300.31917425188885,
                    367.51697833832407
                ],
                [
                    304.2112690952598,
                    371.07063015183667
                ],
                [
                    311.318572722285,
                    371.23985166676584
                ],
                [
                    316.90288271494774,
                    368.1938643980408
                ],
                [
                    319.2719839239561,
                    363.7941050098823
                ],
                [
                    317.07210422987686,
                    349.91794078569023
                ],
                [
                    316.73366120001856,
                    342.4721941288067
                ],
                [
                    317.57976877466433,
                    336.0417765614981
                ],
                [
                    318.93354089409775,
                    322.5040553671644
                ],
                [
                    313.0107878715768,
                    309.98166326240573
                ],
                [
                    311.82623726707254,
                    299.8283723666554
                ],
                [
                    309.62635757299336,
                    295.0901699486386
                ]
            ],
            "group_id": null,
            "description": "",
            "shape_type": "polygon",
            "flags": {},
            "mask": null
        }
    ],
    "imagePath": "IMG001478.jpeg",
    "imageData": null,
    "imageHeight": 512,
    "imageWidth": 512
}