{
    "version": "5.4.1",
    "flags": {},
    "shapes": [
        {
            "label": "osteochondroma",
            "points": [
                [
                    227.4516627445387,
                    105.84668045354063
                ],
                [
                    299.8660296180085,
                    195.90824597684758
                ]
            ],
            "group_id": null,
            "description": "",
            "shape_type": "rectangle",
            "flags": {},
            "mask": null
        },
        {
            "label": "osteochondroma",
            "points": [
                [
                    251.1841023081128,
                    111.47552829874732
                ],
                [
                    260.1598326558749,
                    109.19356295609596
                ],
                [
                    269.28769402648027,
                    108.73716988756568
                ],
                [
                    278.1112933513989,
                    107.52012170481828
                ],
                [
                    290.28177517887275,
                    106.9115976134446
                ],
                [
                    295.4542299555492,
                    109.64995602462623
                ],
                [
                    297.43193325251366,
                    117.25650716679743
                ],
                [
                    299.25750552663476,
                    121.51617580641329
                ],
                [
                    299.25750552663476,
                    128.5142028572108
                ],
                [
                    292.2594784758373,
                    143.11878105017948
                ],
                [
                    289.6732510874991,
                    152.7030354893152
                ],
                [
                    288.45620290475165,
                    161.0702417457035
                ],
                [
                    285.4135824478832,
                    171.8715443675866
                ],
                [
                    283.13161710523184,
                    177.95678528132356
                ],
                [
                    280.8496517625805,
                    182.97710903515656
                ],
                [
                    274.15588675746983,
                    188.45382585751977
                ],
                [
                    267.0057286838289,
                    191.95283938291857
                ],
                [
                    257.57360526753666,
                    194.2348047255699
                ],
                [
                    247.2286957141838,
                    194.38693574841332
                ],
                [
                    241.59984786897715,
                    194.99545983978703
                ],
                [
                    235.05821388670992,
                    191.4964463143883
                ],
                [
                    229.2772350186598,
                    184.80268130927763
                ],
                [
                    227.90805581306898,
                    177.8046542584801
                ],
                [
                    228.82084195012953,
                    165.32991038531938
                ],
                [
                    229.2772350186598,
                    156.96270412893105
                ],
                [
                    233.6890346811191,
                    146.4656635527348
                ],
                [
                    239.62214457201262,
                    135.36009888516486
                ],
                [
                    245.7073854857496,
                    121.21191376072645
                ]
            ],
            "group_id": null,
            "description": "",
            "shape_type": "polygon",
            "flags": {},
            "mask": null
        }
    ],
    "imagePath": "IMG000484.jpeg",
    "imageData": null,
    "imageHeight": 512,
    "imageWidth": 512
}