{
    "version": "5.4.1",
    "flags": {},
    "shapes": [
        {
            "label": "other bt",
            "points": [
                [
                    239.93949330010707,
                    331.713817299495
                ],
                [
                    264.6737928170153,
                    365.0659496797604
                ]
            ],
            "group_id": null,
            "description": "",
            "shape_type": "rectangle",
            "flags": {},
            "mask": null
        },
        {
            "label": "other bt",
            "points": [
                [
                    241.95405163180095,
                    332.1614969287603
                ],
                [
                    258.5181979146173,
                    332.72109646534193
                ],
                [
                    262.7711543926377,
                    338.8766913677399
                ],
                [
                    264.11419328043365,
                    344.0250071042909
                ],
                [
                    264.22611318774995,
                    347.49452423109705
                ],
                [
                    262.3234747633724,
                    352.41900015301553
                ],
                [
                    260.9804358755765,
                    354.993158021291
                ],
                [
                    257.73475856340303,
                    357.9030756115155
                ],
                [
                    249.00500579272955,
                    361.8202723675869
                ],
                [
                    244.08052987081118,
                    364.5063501431788
                ],
                [
                    242.0659715391173,
                    362.9394714407502
                ],
                [
                    240.49909283668873,
                    359.3580344066277
                ],
                [
                    240.61101274400502,
                    354.8812381139747
                ],
                [
                    242.28981135374994,
                    347.27068441646446
                ],
                [
                    241.95405163180095,
                    344.47268673355626
                ],
                [
                    240.946772465954,
                    341.67468905064806
                ],
                [
                    240.38717292937238,
                    337.9813321092093
                ]
            ],
            "group_id": null,
            "description": "",
            "shape_type": "polygon",
            "flags": {},
            "mask": null
        }
    ],
    "imagePath": "IMG001225.jpeg",
    "imageData": null,
    "imageHeight": 512,
    "imageWidth": 512
}