{
    "version": "5.4.1",
    "flags": {},
    "shapes": [
        {
            "label": "osteochondroma",
            "points": [
                [
                    255.6326530612245,
                    378.46530909144894
                ],
                [
                    281.2848124519858,
                    424.449179999332
                ]
            ],
            "group_id": null,
            "description": "",
            "shape_type": "rectangle",
            "flags": {},
            "mask": null
        },
        {
            "label": "osteochondroma",
            "points": [
                [
                    256.9999608646308,
                    382.3304627850592
                ],
                [
                    259.8624335863466,
                    379.7542373355149
                ],
                [
                    263.58364812457717,
                    379.7542373355149
                ],
                [
                    265.8736263019499,
                    380.2313161224676
                ],
                [
                    271.6939875027721,
                    386.91041913980456
                ],
                [
                    273.4114711358016,
                    393.39869064236046
                ],
                [
                    274.4610444670974,
                    397.50156821015315
                ],
                [
                    276.1785281001269,
                    401.986108807508
                ],
                [
                    277.8960117331564,
                    406.27981789008174
                ],
                [
                    280.2814056679196,
                    410.28727970048396
                ],
                [
                    281.0447317270438,
                    414.1039099961051
                ],
                [
                    280.1859899105291,
                    420.3059342264894
                ],
                [
                    278.27767476271856,
                    423.4546542203768
                ],
                [
                    275.2243705262216,
                    424.12256452211057
                ],
                [
                    270.7398299288668,
                    422.3096651316905
                ],
                [
                    265.5873790297783,
                    418.20678756389776
                ],
                [
                    264.06072691152985,
                    413.5314154517619
                ],
                [
                    264.82405297065407,
                    410.8597742448271
                ],
                [
                    257.95411843853606,
                    389.0095658023962
                ]
            ],
            "group_id": null,
            "description": "",
            "shape_type": "polygon",
            "flags": {},
            "mask": null
        }
    ],
    "imagePath": "IMG000992.jpeg",
    "imageData": null,
    "imageHeight": 512,
    "imageWidth": 512
}