{
    "version": "5.4.1",
    "flags": {},
    "shapes": [
        {
            "label": "osteochondroma",
            "points": [
                [
                    267.7817949555866,
                    90.96628145331393
                ],
                [
                    316.8727956362866,
                    173.87067732881425
                ]
            ],
            "group_id": null,
            "description": "",
            "shape_type": "rectangle",
            "flags": {},
            "mask": null
        },
        {
            "label": "osteochondroma",
            "points": [
                [
                    219.48851786934432,
                    173.48314072665696
                ],
                [
                    250.67000386203614,
                    210.7488191081667
                ]
            ],
            "group_id": null,
            "description": "",
            "shape_type": "rectangle",
            "flags": {},
            "mask": null
        },
        {
            "label": "osteochondroma",
            "points": [
                [
                    269.0837790605307,
                    143.19758512948152
                ],
                [
                    269.0837790605307,
                    130.82666949107661
                ],
                [
                    269.0837790605307,
                    124.38701477519461
                ],
                [
                    269.59217285388974,
                    114.55806810358523
                ],
                [
                    272.1341418206853,
                    103.88179844304399
                ],
                [
                    278.74326113435365,
                    95.74749774929829
                ],
                [
                    285.5218450458084,
                    91.51088280463908
                ],
                [
                    291.45310596833133,
                    92.18874119578456
                ],
                [
                    298.0622252819997,
                    97.10321453158926
                ],
                [
                    303.8240216067362,
                    99.13678970502568
                ],
                [
                    306.87438436689087,
                    100.15357729174387
                ],
                [
                    312.6361806916274,
                    102.18715246518032
                ],
                [
                    315.5170788539957,
                    107.77948419213047
                ],
                [
                    316.36440184292746,
                    112.18556373457608
                ],
                [
                    313.99189747391836,
                    119.30307684160354
                ],
                [
                    313.31403908277287,
                    125.74273155748556
                ],
                [
                    311.6193931049092,
                    129.30148811099932
                ],
                [
                    311.6193931049092,
                    131.67399248000845
                ],
                [
                    314.5002912672775,
                    135.06328443573582
                ],
                [
                    315.68654345178203,
                    138.28311179367682
                ],
                [
                    315.8560080495684,
                    141.50293915161785
                ],
                [
                    312.12778689826825,
                    146.0784832918498
                ],
                [
                    309.07742413811366,
                    148.95938145421806
                ],
                [
                    302.97669861780435,
                    152.00974421437272
                ],
                [
                    296.7065084997088,
                    155.06010697452734
                ],
                [
                    291.28364137054496,
                    158.11046973468197
                ],
                [
                    285.352380448022,
                    161.66922628819574
                ],
                [
                    283.8271990679447,
                    162.51654927712755
                ],
                [
                    279.9295133188582,
                    165.22798284170943
                ],
                [
                    275.01503998305355,
                    168.95620399300958
                ],
                [
                    270.94788963618066,
                    172.85388974209604
                ],
                [
                    269.4227082561034,
                    146.0784832918498
                ]
            ],
            "group_id": null,
            "description": "",
            "shape_type": "polygon",
            "flags": {},
            "mask": null
        },
        {
            "label": "osteochondroma",
            "points": [
                [
                    230.10692156966581,
                    175.05692951331886
                ],
                [
                    225.70084202722023,
                    180.14086744690988
                ],
                [
                    224.00619604935656,
                    185.0553407827146
                ],
                [
                    221.97262087592014,
                    190.30874331409203
                ],
                [
                    221.12529788698828,
                    193.86749986760577
                ],
                [
                    224.3451252449293,
                    200.30715458348774
                ],
                [
                    227.0565588095112,
                    205.39109251707882
                ],
                [
                    235.699253296616,
                    209.45824286395168
                ],
                [
                    239.5969390457025,
                    204.88269872371976
                ],
                [
                    247.5617751416618,
                    195.05375205211033
                ],
                [
                    249.25642111952553,
                    188.61409733622833
                ],
                [
                    249.25642111952553,
                    181.49658422920086
                ],
                [
                    248.7480273261664,
                    177.25996928454165
                ],
                [
                    239.25800985012975,
                    174.04014192660065
                ]
            ],
            "group_id": null,
            "description": "",
            "shape_type": "polygon",
            "flags": {},
            "mask": null
        }
    ],
    "imagePath": "IMG001549.jpeg",
    "imageData": null,
    "imageHeight": 512,
    "imageWidth": 512
}