{
    "version": "5.4.1",
    "flags": {},
    "shapes": [
        {
            "label": "other bt",
            "points": [
                [
                    250.28571428571428,
                    189.7142857142857
                ],
                [
                    276.1904761904762,
                    278.0952380952381
                ]
            ],
            "group_id": null,
            "description": "",
            "shape_type": "rectangle",
            "flags": {},
            "mask": null
        },
        {
            "label": "other bt",
            "points": [
                [
                    267.0403397027601,
                    191.4564755838641
                ],
                [
                    272.34819532908705,
                    198.0382165605095
                ],
                [
                    275.5329087048832,
                    215.66029723991505
                ],
                [
                    275.10828025477707,
                    236.04246284501056
                ],
                [
                    275.10828025477707,
                    247.29511677282375
                ],
                [
                    269.588110403397,
                    266.4033970276008
                ],
                [
                    264.28025477707007,
                    274.4713375796178
                ],
                [
                    253.23991507430998,
                    270.4373673036093
                ],
                [
                    252.1783439490446,
                    238.8025477707006
                ],
                [
                    251.75371549893845,
                    225.21443736730356
                ],
                [
                    251.75371549893845,
                    213.74946921443734
                ],
                [
                    256.4246284501062,
                    200.79830148619953
                ]
            ],
            "group_id": null,
            "description": "",
            "shape_type": "polygon",
            "flags": {},
            "mask": null
        }
    ],
    "imagePath": "IMG000832.jpeg",
    "imageData": null,
    "imageHeight": 512,
    "imageWidth": 512
}