{
    "version": "5.4.1",
    "flags": {},
    "shapes": [
        {
            "label": "osteochondroma",
            "points": [
                [
                    269.47564534231196,
                    80.16161616161615
                ],
                [
                    325.02371866816316,
                    144.13767302656188
                ]
            ],
            "group_id": null,
            "description": "",
            "shape_type": "rectangle",
            "flags": {},
            "mask": null
        },
        {
            "label": "osteochondroma",
            "points": [
                [
                    319.5302057613169,
                    81.54074074074074
                ],
                [
                    323.7441975308642,
                    90.98008230452675
                ],
                [
                    321.55292181069956,
                    97.55390946502058
                ],
                [
                    319.69876543209875,
                    103.62205761316872
                ],
                [
                    315.48477366255145,
                    112.72427983539094
                ],
                [
                    312.78781893004117,
                    117.27539094650204
                ],
                [
                    308.23670781893003,
                    123.3435390946502
                ],
                [
                    303.8541563786008,
                    130.2544855967078
                ],
                [
                    301.32576131687244,
                    133.45711934156378
                ],
                [
                    297.1117695473251,
                    137.67111111111112
                ],
                [
                    292.392098765432,
                    139.35670781893003
                ],
                [
                    284.9754732510288,
                    143.40213991769545
                ],
                [
                    280.2558024691358,
                    143.40213991769545
                ],
                [
                    276.8846090534979,
                    141.54798353909464
                ],
                [
                    274.86189300411525,
                    134.46847736625512
                ],
                [
                    270.64790123456794,
                    131.43440329218106
                ],
                [
                    272.1649382716049,
                    124.52345679012346
                ],
                [
                    277.0531687242798,
                    117.94962962962961
                ],
                [
                    279.41300411522633,
                    110.53300411522632
                ],
                [
                    280.2558024691358,
                    100.08230452674897
                ],
                [
                    288.85234567901233,
                    93.33991769547325
                ],
                [
                    294.24625514403294,
                    89.96872427983539
                ],
                [
                    298.9659259259259,
                    85.92329218106995
                ],
                [
                    305.202633744856,
                    81.87786008230454
                ],
                [
                    315.31621399176953,
                    81.54074074074074
                ],
                [
                    317.67604938271603,
                    81.37218106995884
                ]
            ],
            "group_id": null,
            "description": "",
            "shape_type": "polygon",
            "flags": {},
            "mask": null
        }
    ],
    "imagePath": "IMG001503.jpeg",
    "imageData": null,
    "imageHeight": 512,
    "imageWidth": 512
}