{
    "version": "5.4.1",
    "flags": {},
    "shapes": [
        {
            "label": "simple bone cyst",
            "points": [
                [
                    353.1315536497104,
                    182.68669817350911
                ],
                [
                    379.41611177379497,
                    305.60566116555185
                ]
            ],
            "group_id": null,
            "description": "",
            "shape_type": "rectangle",
            "flags": {},
            "mask": null
        },
        {
            "label": "simple bone cyst",
            "points": [
                [
                    356.2501799493531,
                    193.8157094852889
                ],
                [
                    358.1596943285185,
                    190.76048647862424
                ],
                [
                    366.1796547210132,
                    186.17765196862726
                ],
                [
                    370.5715377930936,
                    184.26813758946184
                ],
                [
                    372.86295504809215,
                    188.2781177857092
                ],
                [
                    374.3905665514244,
                    202.59947562944976
                ],
                [
                    375.5362751789237,
                    217.87559066277305
                ],
                [
                    375.5362751789237,
                    232.00599706859705
                ],
                [
                    376.1091294926733,
                    295.9747287706382
                ],
                [
                    373.6267607997583,
                    301.51232047021784
                ],
                [
                    370.95344066892676,
                    303.80373772521637
                ],
                [
                    363.3153831522651,
                    303.42183484938334
                ],
                [
                    356.0592285114365,
                    296.54758308438784
                ],
                [
                    354.7225684460208,
                    289.29142844355925
                ],
                [
                    353.5768598185215,
                    216.15702772152417
                ],
                [
                    355.67732563560344,
                    203.55423281903245
                ],
                [
                    355.67732563560344,
                    197.25283536778662
                ]
            ],
            "group_id": null,
            "description": "",
            "shape_type": "polygon",
            "flags": {},
            "mask": null
        }
    ],
    "imagePath": "IMG000411.jpeg",
    "imageData": null,
    "imageHeight": 512,
    "imageWidth": 512
}