{
    "version": "5.4.1",
    "flags": {},
    "shapes": [
        {
            "label": "other bt",
            "points": [
                [
                    219.25523809523813,
                    154.28571428571433
                ],
                [
                    305.7314285714285,
                    291.42857142857144
                ]
            ],
            "group_id": null,
            "description": "",
            "shape_type": "rectangle",
            "flags": {},
            "mask": null
        },
        {
            "label": "other bt",
            "points": [
                [
                    270.49333333333334,
                    154.85714285714286
                ],
                [
                    262.68380952380954,
                    157.14285714285714
                ],
                [
                    260.01714285714286,
                    162.28571428571428
                ],
                [
                    252.96952380952382,
                    169.71428571428572
                ],
                [
                    243.6361904761905,
                    177.52380952380952
                ],
                [
                    234.49333333333337,
                    184.0
                ],
                [
                    230.3028571428572,
                    192.76190476190476
                ],
                [
                    227.8266666666667,
                    197.71428571428572
                ],
                [
                    226.112380952381,
                    206.47619047619048
                ],
                [
                    226.112380952381,
                    212.95238095238096
                ],
                [
                    224.58857142857147,
                    228.76190476190476
                ],
                [
                    223.25523809523813,
                    236.57142857142856
                ],
                [
                    220.20761904761906,
                    255.04761904761904
                ],
                [
                    220.20761904761906,
                    259.99999999999994
                ],
                [
                    221.16000000000003,
                    271.42857142857144
                ],
                [
                    222.49333333333337,
                    280.1904761904762
                ],
                [
                    228.39809523809527,
                    283.42857142857144
                ],
                [
                    240.39809523809527,
                    286.0952380952381
                ],
                [
                    263.4457142857143,
                    290.4761904761905
                ],
                [
                    275.8266666666667,
                    290.0952380952381
                ],
                [
                    293.5409523809524,
                    290.66666666666663
                ],
                [
                    296.01714285714286,
                    281.9047619047619
                ],
                [
                    303.25523809523804,
                    275.42857142857144
                ],
                [
                    304.9695238095238,
                    262.8571428571429
                ],
                [
                    304.9695238095238,
                    248.00000000000003
                ],
                [
                    303.25523809523804,
                    238.09523809523807
                ],
                [
                    298.49333333333334,
                    231.23809523809524
                ],
                [
                    293.35047619047623,
                    225.71428571428572
                ],
                [
                    291.8266666666667,
                    216.0
                ],
                [
                    292.01714285714286,
                    206.85714285714283
                ],
                [
                    292.01714285714286,
                    194.28571428571428
                ],
                [
                    292.20761904761906,
                    183.8095238095238
                ],
                [
                    288.01714285714286,
                    167.61904761904762
                ],
                [
                    283.63619047619056,
                    160.38095238095238
                ],
                [
                    274.11238095238105,
                    156.76190476190476
                ]
            ],
            "group_id": null,
            "description": "",
            "shape_type": "polygon",
            "flags": {},
            "mask": null
        }
    ],
    "imagePath": "IMG001815.jpeg",
    "imageData": null,
    "imageHeight": 512,
    "imageWidth": 512
}