{
    "version": "5.4.1",
    "flags": {},
    "shapes": [
        {
            "label": "simple bone cyst",
            "points": [
                [
                    167.23809523809527,
                    204.57142857142858
                ],
                [
                    233.90476190476193,
                    325.7142857142857
                ]
            ],
            "group_id": null,
            "description": "",
            "shape_type": "rectangle",
            "flags": {},
            "mask": null
        },
        {
            "label": "simple bone cyst",
            "points": [
                [
                    169.80645161290323,
                    207.13978494623655
                ],
                [
                    227.26881720430106,
                    207.31182795698922
                ],
                [
                    231.74193548387095,
                    214.36559139784947
                ],
                [
                    229.67741935483872,
                    241.89247311827955
                ],
                [
                    228.1290322580645,
                    256.86021505376345
                ],
                [
                    225.89247311827955,
                    268.73118279569894
                ],
                [
                    226.23655913978496,
                    279.741935483871
                ],
                [
                    231.2258064516129,
                    288.34408602150535
                ],
                [
                    231.2258064516129,
                    294.19354838709677
                ],
                [
                    228.47311827956986,
                    305.2043010752688
                ],
                [
                    226.06451612903223,
                    313.4623655913978
                ],
                [
                    220.38709677419354,
                    318.96774193548384
                ],
                [
                    196.98924731182794,
                    322.752688172043
                ],
                [
                    186.15053763440858,
                    324.81720430107526
                ],
                [
                    180.81720430107526,
                    313.1182795698925
                ],
                [
                    177.72043010752688,
                    298.3225806451613
                ],
                [
                    173.41935483870967,
                    274.5806451612903
                ],
                [
                    172.21505376344086,
                    260.64516129032256
                ],
                [
                    170.83870967741936,
                    242.23655913978496
                ],
                [
                    170.1505376344086,
                    223.31182795698922
                ],
                [
                    169.9784946236559,
                    211.95698924731184
                ]
            ],
            "group_id": null,
            "description": "",
            "shape_type": "polygon",
            "flags": {},
            "mask": null
        }
    ],
    "imagePath": "IMG001412.jpeg",
    "imageData": null,
    "imageHeight": 512,
    "imageWidth": 512
}