{
    "version": "5.4.1",
    "flags": {},
    "shapes": [
        {
            "label": "osteochondroma",
            "points": [
                [
                    222.4746561853943,
                    299.92982341453046
                ],
                [
                    239.62820628059194,
                    337.37476813453503
                ]
            ],
            "group_id": null,
            "description": "",
            "shape_type": "rectangle",
            "flags": {},
            "mask": null
        },
        {
            "label": "osteochondroma",
            "points": [
                [
                    224.7114387450224,
                    301.8093637989057
                ],
                [
                    238.5163267403983,
                    322.085293042114
                ],
                [
                    238.8614489402827,
                    329.24657868971525
                ],
                [
                    235.58278804138095,
                    330.1956647393974
                ],
                [
                    234.20229924184335,
                    332.6115201385881
                ],
                [
                    234.11601869187226,
                    334.6822533378945
                ],
                [
                    233.68461594201673,
                    336.3215837873454
                ],
                [
                    229.19802734351958,
                    334.6822533378945
                ],
                [
                    228.1626607438664,
                    331.57615353893493
                ],
                [
                    225.66052479470451,
                    323.89718459150714
                ],
                [
                    224.53887764508022,
                    319.06547379312553
                ],
                [
                    223.84863324531142,
                    312.8532741952064
                ],
                [
                    223.84863324531142,
                    305.08802469780744
                ]
            ],
            "group_id": null,
            "description": "",
            "shape_type": "polygon",
            "flags": {},
            "mask": null
        }
    ],
    "imagePath": "IMG000886.jpeg",
    "imageData": null,
    "imageHeight": 512,
    "imageWidth": 512
}