{
    "version": "5.4.1",
    "flags": {},
    "shapes": [
        {
            "label": "osteosarcoma",
            "points": [
                [
                    161.7849254020539,
                    65.22003785789872
                ],
                [
                    243.8203091231574,
                    246.07944196861075
                ]
            ],
            "group_id": null,
            "description": "",
            "shape_type": "rectangle",
            "flags": {},
            "mask": null
        },
        {
            "label": "osteosarcoma",
            "points": [
                [
                    229.82816669576277,
                    244.50786841908374
                ],
                [
                    195.6709978302616,
                    244.8270942963314
                ],
                [
                    189.44609322393197,
                    238.28296381275405
                ],
                [
                    189.28648028530813,
                    226.15238047734246
                ],
                [
                    186.5730603287029,
                    214.66024889642614
                ],
                [
                    180.34815572237324,
                    212.42566775569244
                ],
                [
                    173.80402523879593,
                    199.49701972716164
                ],
                [
                    169.0156370800808,
                    185.92991994413546
                ],
                [
                    166.62144300072325,
                    170.28785195899943
                ],
                [
                    165.50415243035638,
                    156.4015262987256
                ],
                [
                    165.1849265531087,
                    138.365264234232
                ],
                [
                    163.908023044118,
                    122.40397037184829
                ],
                [
                    164.06763598274185,
                    104.8465471232262
                ],
                [
                    163.26957128962266,
                    86.49105918148491
                ],
                [
                    165.9829912462279,
                    79.6277028206599
                ],
                [
                    172.68673466842904,
                    71.96628176671572
                ],
                [
                    180.6673815996209,
                    66.53944185350527
                ],
                [
                    189.28648028530813,
                    65.58176422176224
                ],
                [
                    212.67287115423008,
                    67.52838531821715
                ],
                [
                    220.71973188458125,
                    72.63922929560235
                ],
                [
                    230.62623138888196,
                    91.91789909469539
                ],
                [
                    237.48958774970697,
                    111.39067760680352
                ],
                [
                    238.76649125869764,
                    124.95777738982967
                ],
                [
                    241.00107239943137,
                    132.93842432102156
                ],
                [
                    241.47991121530288,
                    142.1959747612041
                ],
                [
                    242.2779759084221,
                    148.5804923061576
                ],
                [
                    241.47991121530288,
                    158.955333316707
                ],
                [
                    241.47991121530288,
                    171.24552959074245
                ],
                [
                    241.63952415392671,
                    181.93959647853956
                ],
                [
                    239.42324601458665,
                    220.41873919488916
                ],
                [
                    240.9456250716801,
                    231.6190994006482
                ],
                [
                    239.96695282069143,
                    239.44847740855744
                ],
                [
                    239.31450465336567,
                    242.92820096762821
                ]
            ],
            "group_id": null,
            "description": "",
            "shape_type": "polygon",
            "flags": {},
            "mask": null
        }
    ],
    "imagePath": "IMG000207.jpeg",
    "imageData": null,
    "imageHeight": 512,
    "imageWidth": 512
}