{
    "version": "5.4.1",
    "flags": {},
    "shapes": [
        {
            "label": "osteochondroma",
            "points": [
                [
                    223.95408647264298,
                    289.5602136233271
                ],
                [
                    232.87515591681856,
                    300.7469514977695
                ]
            ],
            "group_id": null,
            "description": "",
            "shape_type": "rectangle",
            "flags": {},
            "mask": null
        },
        {
            "label": "osteochondroma",
            "points": [
                [
                    225.1572600671474,
                    290.3649516544207
                ],
                [
                    231.84135214369434,
                    294.6272712394651
                ],
                [
                    231.8897875935244,
                    297.67870457875824
                ],
                [
                    230.77577224743325,
                    297.436527329608
                ],
                [
                    230.38828864879284,
                    298.1630590770588
                ],
                [
                    230.38828864879284,
                    299.3255098729799
                ],
                [
                    229.90393415049232,
                    300.1004770702608
                ],
                [
                    227.04624261051939,
                    298.7927199248494
                ],
                [
                    226.99780716068932,
                    297.436527329608
                ],
                [
                    226.46501721255876,
                    296.51625378283705
                ],
                [
                    225.6416145654479,
                    295.450673886576
                ],
                [
                    224.62447011901685,
                    294.23978764082466
                ],
                [
                    224.81821191833706,
                    293.02890139507343
                ],
                [
                    225.2541309668075,
                    292.35080509745274
                ],
                [
                    225.2541309668075,
                    290.99461250221134
                ]
            ],
            "group_id": null,
            "description": "",
            "shape_type": "polygon",
            "flags": {},
            "mask": null
        }
    ],
    "imagePath": "IMG000923.jpeg",
    "imageData": null,
    "imageHeight": 512,
    "imageWidth": 512
}