{
    "version": "5.4.1",
    "flags": {},
    "shapes": [
        {
            "label": "multiple osteochondromas",
            "points": [
                [
                    251.97504456327985,
                    248.774806892454
                ],
                [
                    455.8015448603684,
                    473.13606654783126
                ]
            ],
            "group_id": null,
            "description": "",
            "shape_type": "rectangle",
            "flags": {},
            "mask": null
        },
        {
            "label": "multiple osteochondromas",
            "points": [
                [
                    172.49792038027329,
                    20.610814022578744
                ],
                [
                    195.6971030436377,
                    81.85991932526589
                ]
            ],
            "group_id": null,
            "description": "",
            "shape_type": "rectangle",
            "flags": {},
            "mask": null
        },
        {
            "label": "multiple osteochondromas",
            "points": [
                [
                    191.23799046571324,
                    47.595159515951636
                ],
                [
                    174.8096809680968,
                    79.7477081041438
                ],
                [
                    173.87092042537586,
                    72.00293362669605
                ],
                [
                    175.04437110377705,
                    60.972497249725016
                ],
                [
                    175.74844151081774,
                    51.35020168683539
                ],
                [
                    174.34030069673634,
                    40.08507517418413
                ],
                [
                    179.97286395306196,
                    29.7587092042538
                ],
                [
                    194.05427209387605,
                    24.360836083608405
                ],
                [
                    192.1767510084342,
                    33.27906123945732
                ],
                [
                    189.82984965163183,
                    42.19728639530624
                ]
            ],
            "group_id": null,
            "description": "",
            "shape_type": "polygon",
            "flags": {},
            "mask": null
        },
        {
            "label": "multiple osteochondromas",
            "points": [
                [
                    275.022368903557,
                    404.7935460212688
                ],
                [
                    256.4818481848185,
                    380.8551521818849
                ],
                [
                    254.6043270993766,
                    339.31499816648335
                ],
                [
                    253.90025669233592,
                    313.4990832416575
                ],
                [
                    259.53281994866154,
                    284.16281628162824
                ],
                [
                    266.33883388338836,
                    257.8775210854419
                ],
                [
                    269.38980564723136,
                    252.949028236157
                ],
                [
                    281.59369270260356,
                    253.41840850751746
                ],
                [
                    285.81811514484787,
                    257.40814081408143
                ],
                [
                    290.5119178584525,
                    252.01026769343605
                ],
                [
                    301.07297396406307,
                    252.71433810047677
                ],
                [
                    304.1239457279061,
                    254.12247891455817
                ],
                [
                    313.7462412907957,
                    254.82654932159886
                ],
                [
                    324.5419875320865,
                    250.83681701503488
                ],
                [
                    338.1540154015401,
                    251.07150715071512
                ],
                [
                    351.06197286395303,
                    254.82654932159886
                ],
                [
                    363.96993032636595,
                    258.81628162816287
                ],
                [
                    396.3571690502383,
                    268.20388705537226
                ],
                [
                    418.1833516685001,
                    286.7444077741108
                ],
                [
                    424.05060506050603,
                    293.3157315731574
                ],
                [
                    439.54015401540147,
                    303.8767876787679
                ],
                [
                    453.38687202053535,
                    315.8459845984599
                ],
                [
                    455.26439310597726,
                    328.28456178951234
                ],
                [
                    451.5093509350935,
                    339.5496883021636
                ],
                [
                    445.6420975430876,
                    348.4679134580125
                ],
                [
                    444.70333700036673,
                    352.69233590025675
                ],
                [
                    444.9380271360469,
                    362.54932159882657
                ],
                [
                    440.4789145581225,
                    368.1818848551522
                ],
                [
                    430.15254858819213,
                    371.23285661899524
                ],
                [
                    429.2137880454712,
                    375.6919691969198
                ],
                [
                    428.97909790979094,
                    378.50825082508254
                ],
                [
                    428.74440777411075,
                    383.67143381004774
                ],
                [
                    431.5606894022735,
                    395.4059405940595
                ],
                [
                    438.60139347268057,
                    407.1404473780712
                ],
                [
                    440.71360469380267,
                    436.4767143381005
                ],
                [
                    432.030069673634,
                    435.0685735240191
                ],
                [
                    427.1015768243491,
                    413.2423909057573
                ],
                [
                    422.1730839750642,
                    412.5383204987166
                ],
                [
                    417.7139713971397,
                    416.52805280528054
                ],
                [
                    410.9079574624128,
                    416.05867253392006
                ],
                [
                    407.1529152915291,
                    423.0993766043272
                ],
                [
                    405.040704070407,
                    440.2317565089843
                ],
                [
                    402.92849284928485,
                    443.98679867986806
                ],
                [
                    396.3571690502383,
                    453.3744041070774
                ],
                [
                    384.38797213054636,
                    461.1191785845252
                ],
                [
                    367.72497249724967,
                    466.0476714338101
                ],
                [
                    353.1741840850752,
                    470.5067840117345
                ],
                [
                    346.3681701503483,
                    470.5067840117345
                ],
                [
                    324.5419875320865,
                    458.7722772277228
                ],
                [
                    315.38907224055737,
                    435.77264393105975
                ],
                [
                    305.2973964063073,
                    415.58929226255964
                ],
                [
                    294.97103043637696,
                    395.4059405940595
                ],
                [
                    291.92005867253397,
                    388.8346167950129
                ],
                [
                    287.4609460946094,
                    401.0385038503851
                ],
                [
                    286.7568756875687,
                    411.59955995599563
                ],
                [
                    278.77741107444075,
                    408.3138980564724
                ]
            ],
            "group_id": null,
            "description": "",
            "shape_type": "polygon",
            "flags": {},
            "mask": null
        }
    ],
    "imagePath": "IMG001712.jpeg",
    "imageData": null,
    "imageHeight": 512,
    "imageWidth": 512
}