{
    "version": "5.4.1",
    "flags": {},
    "shapes": [
        {
            "label": "multiple osteochondromas",
            "points": [
                [
                    196.36755615860096,
                    321.61133725312834
                ],
                [
                    210.5190210563345,
                    361.7500376903362
                ]
            ],
            "group_id": null,
            "description": "",
            "shape_type": "rectangle",
            "flags": {},
            "mask": null
        },
        {
            "label": "multiple osteochondromas",
            "points": [
                [
                    205.4066402680475,
                    323.3441696895855
                ],
                [
                    197.5616352375414,
                    359.2610601906977
                ],
                [
                    200.30266109157367,
                    356.61455246956314
                ],
                [
                    202.19302374952693,
                    357.5597337985398
                ],
                [
                    204.27242267327554,
                    358.7884695262094
                ],
                [
                    206.63537599571714,
                    359.73365085518606
                ],
                [
                    209.3764018497494,
                    356.7090706024608
                ],
                [
                    209.47091998264705,
                    352.3612364891683
                ],
                [
                    207.2970029260008,
                    348.0134023758757
                ],
                [
                    207.67507545759145,
                    342.72038693360656
                ],
                [
                    208.52573865367043,
                    336.86026269395137
                ],
                [
                    208.71477491946575,
                    328.82622139765
                ],
                [
                    206.7298941286148,
                    324.1948328856645
                ]
            ],
            "group_id": null,
            "description": "",
            "shape_type": "polygon",
            "flags": {},
            "mask": null
        }
    ],
    "imagePath": "IMG001005.jpeg",
    "imageData": null,
    "imageHeight": 512,
    "imageWidth": 512
}