{
    "version": "5.4.1",
    "flags": {},
    "shapes": [
        {
            "label": "multiple osteochondromas",
            "points": [
                [
                    300.50692819198343,
                    2.272892752331076
                ],
                [
                    397.8894461161262,
                    63.5173669155615
                ]
            ],
            "group_id": null,
            "description": "",
            "shape_type": "rectangle",
            "flags": {},
            "mask": null
        },
        {
            "label": "multiple osteochondromas",
            "points": [
                [
                    238.8820535681118,
                    301.2676548163007
                ],
                [
                    328.6565622794309,
                    378.869348787102
                ]
            ],
            "group_id": null,
            "description": "",
            "shape_type": "rectangle",
            "flags": {},
            "mask": null
        },
        {
            "label": "multiple osteochondromas",
            "points": [
                [
                    376.58702032021995,
                    61.23496415171441
                ],
                [
                    325.23295813366025,
                    47.160147107990646
                ],
                [
                    324.4721572123779,
                    37.65013559196108
                ],
                [
                    321.04855306660727,
                    33.84613098554925
                ],
                [
                    320.28775214532493,
                    28.140124075931507
                ],
                [
                    312.6797429325012,
                    24.71651993016086
                ],
                [
                    305.0717337196776,
                    12.543705189643012
                ],
                [
                    305.0717337196776,
                    4.935695976819356
                ],
                [
                    395.60704335227905,
                    3.414094134254624
                ],
                [
                    396.36784427356145,
                    49.822950332478925
                ],
                [
                    387.23823321817304,
                    59.33296184850849
                ]
            ],
            "group_id": null,
            "description": "",
            "shape_type": "polygon",
            "flags": {},
            "mask": null
        },
        {
            "label": "multiple osteochondromas",
            "points": [
                [
                    315.3925988491791,
                    303.39439370743804
                ],
                [
                    320.3478153759524,
                    305.1962906262647
                ],
                [
                    323.2758978690457,
                    304.0701050519981
                ],
                [
                    325.97874324728565,
                    306.5477133153847
                ],
                [
                    319.2216298016857,
                    325.6928680779179
                ],
                [
                    320.57305249080576,
                    329.7471361452779
                ],
                [
                    324.1768463284591,
                    331.7742701789579
                ],
                [
                    327.3301659364057,
                    341.6847032325045
                ],
                [
                    325.528269017579,
                    350.9194249414911
                ],
                [
                    323.0506607541924,
                    364.433651832691
                ],
                [
                    318.3206813422724,
                    370.0645797040243
                ],
                [
                    312.46451635608577,
                    374.7945591159443
                ],
                [
                    311.11309366696577,
                    377.0469302644776
                ],
                [
                    241.2895880624329,
                    377.947878723891
                ],
                [
                    239.03721691389958,
                    366.6860229812243
                ],
                [
                    241.51482517728624,
                    361.73080645445106
                ],
                [
                    243.5419592109662,
                    358.12701261679774
                ],
                [
                    240.61387671787293,
                    349.5680022523711
                ],
                [
                    252.10096957539284,
                    335.60330113146455
                ],
                [
                    255.47952629819278,
                    338.53138362455786
                ],
                [
                    279.8051347023527,
                    324.1162082739446
                ]
            ],
            "group_id": null,
            "description": "",
            "shape_type": "polygon",
            "flags": {},
            "mask": null
        }
    ],
    "imagePath": "IMG001103.jpeg",
    "imageData": null,
    "imageHeight": 512,
    "imageWidth": 512
}