{
    "version": "5.4.1",
    "flags": {},
    "shapes": [
        {
            "label": "osteochondroma",
            "points": [
                [
                    62.177599426478174,
                    223.817522140915
                ],
                [
                    102.46401063113628,
                    265.4468137190617
                ]
            ],
            "group_id": null,
            "description": "",
            "shape_type": "rectangle",
            "flags": {},
            "mask": null
        },
        {
            "label": "osteochondroma",
            "points": [
                [
                    66.944615580965,
                    225.12065994883307
                ],
                [
                    88.62732267065793,
                    226.60577687278465
                ],
                [
                    99.46867621550442,
                    238.1896888796069
                ],
                [
                    100.06272298508503,
                    245.46676180696963
                ],
                [
                    100.65676975466566,
                    255.1200218126548
                ],
                [
                    98.28058267634316,
                    258.83281412253376
                ],
                [
                    94.71630205885938,
                    260.7634661236708
                ],
                [
                    92.34011498053687,
                    262.24858304762233
                ],
                [
                    84.91453036077901,
                    264.0307233563642
                ],
                [
                    79.71662112694851,
                    264.17923504875944
                ],
                [
                    72.58805989198098,
                    260.1694193540901
                ],
                [
                    66.79610388856985,
                    253.4863931963081
                ],
                [
                    65.16247527222312,
                    246.80336703852603
                ],
                [
                    63.23182327108607,
                    241.75396949709068
                ],
                [
                    62.7862881939006,
                    237.8926654948166
                ],
                [
                    62.7862881939006,
                    232.69475626098608
                ],
                [
                    64.56842850264249,
                    229.27898733589748
                ]
            ],
            "group_id": null,
            "description": "",
            "shape_type": "polygon",
            "flags": {},
            "mask": null
        }
    ],
    "imagePath": "IMG000564.jpeg",
    "imageData": null,
    "imageHeight": 512,
    "imageWidth": 512
}