{
    "version": "5.4.1",
    "flags": {},
    "shapes": [
        {
            "label": "osteosarcoma",
            "points": [
                [
                    209.0144246897014,
                    161.72589362257256
                ],
                [
                    307.1052965075105,
                    247.98479257519847
                ]
            ],
            "group_id": null,
            "description": "",
            "shape_type": "rectangle",
            "flags": {},
            "mask": null
        },
        {
            "label": "osteosarcoma",
            "points": [
                [
                    305.03702226211453,
                    196.0019946145407
                ],
                [
                    296.24298837582967,
                    237.98641445873918
                ],
                [
                    290.28573961415293,
                    247.6314838824064
                ],
                [
                    223.6212891858648,
                    245.9294128076416
                ],
                [
                    219.9334685238744,
                    237.70273594627838
                ],
                [
                    213.12518422481523,
                    238.27009297119997
                ],
                [
                    211.42311315005043,
                    233.44755825936636
                ],
                [
                    211.42311315005043,
                    218.69627561140476
                ],
                [
                    213.6925412497368,
                    209.05120618773753
                ],
                [
                    220.50082554879603,
                    198.55510122668792
                ],
                [
                    227.59278836031604,
                    185.2222111410303
                ],
                [
                    232.98268009707124,
                    177.8465698170495
                ],
                [
                    240.07464290859124,
                    167.6341433684607
                ],
                [
                    247.16660572011122,
                    165.3647152687743
                ],
                [
                    254.54224704409208,
                    161.9605731192447
                ],
                [
                    283.76113382755454,
                    165.0810367563135
                ],
                [
                    301.6328801125849,
                    164.51367973139187
                ]
            ],
            "group_id": null,
            "description": "",
            "shape_type": "polygon",
            "flags": {},
            "mask": null
        }
    ],
    "imagePath": "IMG000092.jpeg",
    "imageData": null,
    "imageHeight": 512,
    "imageWidth": 512
}