{
    "version": "5.4.1",
    "flags": {},
    "shapes": [
        {
            "label": "osteochondroma",
            "points": [
                [
                    239.77929628963614,
                    392.8259106076045
                ],
                [
                    258.7047493456413,
                    418.5713467468547
                ]
            ],
            "group_id": null,
            "description": "",
            "shape_type": "rectangle",
            "flags": {},
            "mask": null
        },
        {
            "label": "osteochondroma",
            "points": [
                [
                    247.89062422529622,
                    395.8982957644269
                ],
                [
                    256.89093523363937,
                    414.36047219179744
                ],
                [
                    252.50616833213886,
                    415.6297468211792
                ],
                [
                    248.3521786359805,
                    410.20648249563914
                ],
                [
                    246.50596099324343,
                    406.51404721016496
                ],
                [
                    243.73663452913786,
                    402.4754461166777
                ],
                [
                    241.8904168864008,
                    397.5137362018218
                ],
                [
                    241.77502828372974,
                    395.0905755457295
                ],
                [
                    243.39046872112465,
                    396.01368436709794
                ],
                [
                    244.19818893982213,
                    396.47523877778224
                ],
                [
                    245.81362937721704,
                    397.6291248044929
                ],
                [
                    246.62134959591452,
                    398.20606781784824
                ]
            ],
            "group_id": null,
            "description": "",
            "shape_type": "polygon",
            "flags": {},
            "mask": null
        }
    ],
    "imagePath": "IMG001232.jpeg",
    "imageData": null,
    "imageHeight": 512,
    "imageWidth": 512
}