{
    "version": "5.4.1",
    "flags": {},
    "shapes": [
        {
            "label": "other bt",
            "points": [
                [
                    78.47830101569713,
                    305.08864265927974
                ],
                [
                    128.27577716220372,
                    373.48137888581095
                ]
            ],
            "group_id": null,
            "description": "",
            "shape_type": "rectangle",
            "flags": {},
            "mask": null
        },
        {
            "label": "other bt",
            "points": [
                [
                    101.51141294095451,
                    372.28173552159967
                ],
                [
                    93.78456894925485,
                    367.35587247689114
                ],
                [
                    85.67138275797019,
                    361.46415393322013
                ],
                [
                    81.42161856253536,
                    354.8963365402754
                ],
                [
                    79.2001509149217,
                    346.87973589888696
                ],
                [
                    79.29673646481795,
                    337.5109375589511
                ],
                [
                    81.13186191284662,
                    330.1704357668364
                ],
                [
                    82.5806451612903,
                    320.7050518770043
                ],
                [
                    82.77381626108281,
                    316.7450443312582
                ],
                [
                    87.31333710620636,
                    311.8191812865497
                ],
                [
                    102.67043953970948,
                    307.9557592906998
                ],
                [
                    109.72118468213544,
                    305.8308771929824
                ],
                [
                    114.74363327674021,
                    305.25136389360495
                ],
                [
                    120.73193737030748,
                    306.31380494246366
                ],
                [
                    125.17487266553479,
                    309.69429918883225
                ],
                [
                    127.39634031314846,
                    314.3304055838521
                ],
                [
                    127.2997547632522,
                    321.28456517638176
                ],
                [
                    127.6860969628372,
                    327.3694548198453
                ],
                [
                    126.43048481418599,
                    335.3860554612337
                ],
                [
                    123.9192605168836,
                    341.9538728541784
                ],
                [
                    121.11827956989245,
                    346.39680814940573
                ],
                [
                    118.31729862290133,
                    351.99877004338805
                ],
                [
                    117.06168647425014,
                    354.99292209017165
                ],
                [
                    115.61290322580643,
                    358.7597585361253
                ],
                [
                    114.0675344274665,
                    362.5265949820788
                ],
                [
                    112.8119222788153,
                    365.6173325787587
                ],
                [
                    112.23240897943784,
                    367.35587247689114
                ],
                [
                    109.72118468213544,
                    370.83295227315597
                ],
                [
                    107.20996038483304,
                    372.5714921712884
                ],
                [
                    103.92605168836069,
                    373.24759102056214
                ]
            ],
            "group_id": null,
            "description": "",
            "shape_type": "polygon",
            "flags": {},
            "mask": null
        }
    ],
    "imagePath": "IMG000844.jpeg",
    "imageData": null,
    "imageHeight": 512,
    "imageWidth": 512
}