{
    "version": "5.4.1",
    "flags": {},
    "shapes": [
        {
            "label": "osteosarcoma",
            "points": [
                [
                    199.4256403288267,
                    353.2239961953937
                ],
                [
                    293.69291392078264,
                    470.4493511787485
                ]
            ],
            "group_id": null,
            "description": "",
            "shape_type": "rectangle",
            "flags": {},
            "mask": null
        },
        {
            "label": "osteosarcoma",
            "points": [
                [
                    251.9509477546029,
                    356.7024933759087
                ],
                [
                    255.95121951219517,
                    354.4414702085739
                ],
                [
                    264.47353760445685,
                    354.6153950675997
                ],
                [
                    268.29988450302335,
                    361.9202391466812
                ],
                [
                    279.43107548067127,
                    380.3562742034105
                ],
                [
                    284.64882125144374,
                    390.79176574495546
                ],
                [
                    287.6055438548815,
                    401.0533324274747
                ],
                [
                    289.1708675861132,
                    411.4888239690196
                ],
                [
                    292.3015150485767,
                    424.88103811400225
                ],
                [
                    292.6493647666282,
                    431.49018275698074
                ],
                [
                    292.6493647666282,
                    439.83857599021667
                ],
                [
                    288.8230178680617,
                    447.6651946463754
                ],
                [
                    280.4746246348258,
                    449.75229295468444
                ],
                [
                    272.6480059786671,
                    452.3611658400706
                ],
                [
                    267.2563353488688,
                    455.31788844350837
                ],
                [
                    262.0385895780963,
                    457.9267613288946
                ],
                [
                    255.25552007609215,
                    461.92703308648686
                ],
                [
                    246.73320198383044,
                    467.66655343433655
                ],
                [
                    240.64583191792923,
                    469.2318771655683
                ],
                [
                    233.5149126978735,
                    469.5797268836198
                ],
                [
                    227.42754263197227,
                    469.2318771655683
                ],
                [
                    221.51409742509682,
                    465.231605407976
                ],
                [
                    217.1659759494531,
                    461.5791833684353
                ],
                [
                    209.86113187037162,
                    453.05686527617365
                ],
                [
                    203.7737618044704,
                    444.88239690196343
                ],
                [
                    202.7302126503159,
                    438.4471771180107
                ],
                [
                    203.25198722739316,
                    433.22943134723823
                ],
                [
                    200.81703920103269,
                    417.2283443168693
                ],
                [
                    208.99150757524288,
                    407.31462735240166
                ],
                [
                    211.6003804606291,
                    397.2269855289082
                ],
                [
                    220.29662341191656,
                    384.70439567905424
                ],
                [
                    232.471363543719,
                    371.31218153407156
                ],
                [
                    236.12378558325975,
                    364.35518717304166
                ],
                [
                    243.2547048033155,
                    356.8764182349344
                ],
                [
                    249.1681500101909,
                    355.3110945037027
                ]
            ],
            "group_id": null,
            "description": "",
            "shape_type": "polygon",
            "flags": {},
            "mask": null
        }
    ],
    "imagePath": "IMG000126.jpeg",
    "imageData": null,
    "imageHeight": 512,
    "imageWidth": 512
}