{
    "version": "5.4.1",
    "flags": {},
    "shapes": [
        {
            "label": "osteochondroma",
            "points": [
                [
                    468.0676963695303,
                    158.5344093270733
                ],
                [
                    487.2902518681194,
                    186.0247306315071
                ]
            ],
            "group_id": null,
            "description": "",
            "shape_type": "rectangle",
            "flags": {},
            "mask": null
        },
        {
            "label": "osteochondroma",
            "points": [
                [
                    469.63857187264085,
                    161.757804520627
                ],
                [
                    475.89106976331095,
                    161.0757138416448
                ],
                [
                    482.2572494338114,
                    160.8483502819841
                ],
                [
                    486.57715706736525,
                    165.7366668146898
                ],
                [
                    486.80452062702597,
                    170.17025622807407
                ],
                [
                    487.3729295261778,
                    173.12598250366355
                ],
                [
                    487.03188418668674,
                    177.44589013721748
                ],
                [
                    485.89506638838304,
                    181.31107065144988
                ],
                [
                    482.2572494338114,
                    184.4941604867001
                ],
                [
                    479.1878413783915,
                    185.1762511656823
                ],
                [
                    475.4363426439894,
                    185.5172965051734
                ],
                [
                    472.4806163683999,
                    183.69838802788755
                ],
                [
                    469.52489009281044,
                    181.99316133043206
                ],
                [
                    468.0470269550157,
                    179.03743505484258
                ],
                [
                    469.18384475331936,
                    171.4207558062081
                ]
            ],
            "group_id": null,
            "description": "",
            "shape_type": "polygon",
            "flags": {},
            "mask": null
        }
    ],
    "imagePath": "IMG000258.jpeg",
    "imageData": null,
    "imageHeight": 512,
    "imageWidth": 512
}