{
    "version": "5.4.1",
    "flags": {},
    "shapes": [
        {
            "label": "simple bone cyst",
            "points": [
                [
                    250.1075565816053,
                    440.87892154841904
                ],
                [
                    262.64002143711093,
                    453.41138640392467
                ]
            ],
            "group_id": null,
            "description": "",
            "shape_type": "rectangle",
            "flags": {},
            "mask": null
        },
        {
            "label": "simple bone cyst",
            "points": [
                [
                    252.600333029124,
                    451.94613894359327
                ],
                [
                    251.01204028371518,
                    450.05043469907304
                ],
                [
                    250.34598203564047,
                    447.8473189554414
                ],
                [
                    250.6533935347519,
                    443.2361464687705
                ],
                [
                    252.1392157804569,
                    441.90402997262123
                ],
                [
                    254.18862577453285,
                    441.23797172454647
                ],
                [
                    258.7997982612037,
                    441.13550122484276
                ],
                [
                    261.3615607537986,
                    441.5966184735098
                ],
                [
                    262.2837952511328,
                    442.46761772099205
                ],
                [
                    262.23256000128083,
                    444.517027715068
                ],
                [
                    262.23256000128083,
                    446.36149670973634
                ],
                [
                    261.31032550394673,
                    448.82078870262745
                ],
                [
                    260.9516787549834,
                    449.9991994492211
                ],
                [
                    258.2874457626847,
                    452.3047856925565
                ],
                [
                    256.5454472677202,
                    452.9196086907793
                ],
                [
                    253.93244952527334,
                    452.45849144211223
                ]
            ],
            "group_id": null,
            "description": "",
            "shape_type": "polygon",
            "flags": {},
            "mask": null
        }
    ],
    "imagePath": "IMG000658.jpeg",
    "imageData": null,
    "imageHeight": 512,
    "imageWidth": 512
}