{
    "version": "5.4.1",
    "flags": {},
    "shapes": [
        {
            "label": "multiple osteochondromas",
            "points": [
                [
                    334.2575682605371,
                    100.15755776468298
                ],
                [
                    434.44199541181234,
                    203.41277195507777
                ]
            ],
            "group_id": null,
            "description": "",
            "shape_type": "rectangle",
            "flags": {},
            "mask": null
        },
        {
            "label": "multiple osteochondromas",
            "points": [
                [
                    135.80795585743635,
                    352.7297917322658
                ],
                [
                    220.63844781311386,
                    471.72278949814836
                ]
            ],
            "group_id": null,
            "description": "",
            "shape_type": "rectangle",
            "flags": {},
            "mask": null
        },
        {
            "label": "multiple osteochondromas",
            "points": [
                [
                    387.6319027569016,
                    444.7501983886177
                ],
                [
                    463.2306239035582,
                    510.1076274871427
                ]
            ],
            "group_id": null,
            "description": "",
            "shape_type": "rectangle",
            "flags": {},
            "mask": null
        },
        {
            "label": "multiple osteochondromas",
            "points": [
                [
                    337.43209810503237,
                    168.89328715157512
                ],
                [
                    339.71443982329686,
                    153.6015976392028
                ],
                [
                    338.8015031359911,
                    147.667509171715
                ],
                [
                    336.5191614177265,
                    140.82048401692143
                ],
                [
                    341.7685473697349,
                    130.09347794107813
                ],
                [
                    351.81085093009887,
                    116.17119345966451
                ],
                [
                    358.8861102567189,
                    108.41123161756512
                ],
                [
                    366.87430627064475,
                    104.07478235286251
                ],
                [
                    384.2201033294552,
                    101.792440634598
                ],
                [
                    415.48818486967923,
                    101.792440634598
                ],
                [
                    425.0740200863902,
                    110.69357333582964
                ],
                [
                    431.008108553878,
                    124.38762364541682
                ],
                [
                    431.23634272570445,
                    140.82048401692143
                ],
                [
                    423.7046150554315,
                    158.8509835912112
                ],
                [
                    416.8575899006379,
                    170.4909263543603
                ],
                [
                    403.3917737628772,
                    179.62029322741841
                ],
                [
                    396.31651443625714,
                    181.90263494568296
                ],
                [
                    394.03417271799265,
                    188.52142592865007
                ],
                [
                    391.52359682790166,
                    193.99904605248494
                ],
                [
                    386.5024450477197,
                    199.93313451997273
                ],
                [
                    374.1777997690913,
                    200.84607120727853
                ],
                [
                    365.50490123968603,
                    200.61783703545208
                ]
            ],
            "group_id": null,
            "description": "",
            "shape_type": "polygon",
            "flags": {},
            "mask": null
        },
        {
            "label": "multiple osteochondromas",
            "points": [
                [
                    185.73916344139957,
                    356.7286505392014
                ],
                [
                    199.27376248025868,
                    356.5551300387032
                ],
                [
                    215.93173052808527,
                    363.6694705591292
                ],
                [
                    218.18749703456177,
                    381.88912311143946
                ],
                [
                    216.79933303057624,
                    399.7617346627534
                ],
                [
                    217.3198945320708,
                    412.42873119912156
                ],
                [
                    217.3198945320708,
                    424.40164573349693
                ],
                [
                    217.1463740315726,
                    431.86302725491925
                ],
                [
                    209.3379515091539,
                    444.7035442917856
                ],
                [
                    206.38810300068462,
                    450.95028230972054
                ],
                [
                    203.61177499271352,
                    456.5029383256628
                ],
                [
                    192.3329424603309,
                    463.9643198470851
                ],
                [
                    186.95380694488694,
                    466.22008635356156
                ],
                [
                    171.1634413995513,
                    463.7907993465869
                ],
                [
                    149.4733788372771,
                    458.0646228301465
                ],
                [
                    139.40918980838188,
                    445.7446672947748
                ],
                [
                    137.84750530389812,
                    434.4658347623922
                ],
                [
                    139.06214880738548,
                    417.98138721506376
                ],
                [
                    139.92975130987645,
                    402.53806267072457
                ],
                [
                    143.40016131984032,
                    389.1769841323636
                ],
                [
                    150.86154284126263,
                    375.4688645930063
                ],
                [
                    161.27277287115427,
                    369.22212657507134
                ],
                [
                    165.4372648831109,
                    368.18100357208215
                ],
                [
                    173.07216690503145,
                    361.9342655541472
                ]
            ],
            "group_id": null,
            "description": "",
            "shape_type": "polygon",
            "flags": {},
            "mask": null
        },
        {
            "label": "multiple osteochondromas",
            "points": [
                [
                    407.8273972346961,
                    480.71968855321023
                ],
                [
                    428.02289171249055,
                    460.7631940100642
                ],
                [
                    436.8658892944834,
                    450.4861968201806
                ],
                [
                    446.90388654971855,
                    445.8256980945357
                ],
                [
                    453.1178848505784,
                    447.85719753904766
                ],
                [
                    459.8098830207351,
                    455.385695480474
                ],
                [
                    460.4073828573563,
                    461.48019381400957
                ],
                [
                    461.6023825305985,
                    481.43668835715556
                ],
                [
                    462.1998823672197,
                    493.0281851876057
                ],
                [
                    461.9608824325712,
                    508.5631809397553
                ],
                [
                    388.94640239746815,
                    508.6826809070795
                ],
                [
                    389.6634022014135,
                    505.6951817239738
                ],
                [
                    396.11640043692177,
                    494.58168476282066
                ],
                [
                    406.6323975614538,
                    481.6756882918041
                ]
            ],
            "group_id": null,
            "description": "",
            "shape_type": "polygon",
            "flags": {},
            "mask": null
        }
    ],
    "imagePath": "IMG001009.jpeg",
    "imageData": null,
    "imageHeight": 512,
    "imageWidth": 512
}