{
    "version": "5.4.1",
    "flags": {},
    "shapes": [
        {
            "label": "giant cell tumor",
            "points": [
                [
                    237.08729333795299,
                    371.50395778364117
                ],
                [
                    257.7832591526523,
                    404.8221884633494
                ]
            ],
            "group_id": null,
            "description": "",
            "shape_type": "rectangle",
            "flags": {},
            "mask": null
        },
        {
            "label": "giant cell tumor",
            "points": [
                [
                    247.37841919636114,
                    373.8350967902419
                ],
                [
                    249.19784476248856,
                    373.5508115455345
                ],
                [
                    250.73298508390855,
                    372.0725282730559
                ],
                [
                    251.5858408180308,
                    372.2430994198804
                ],
                [
                    252.26812540532856,
                    375.8819505521352
                ],
                [
                    252.89355294368488,
                    377.30337677567223
                ],
                [
                    254.6561214608708,
                    376.33680694366706
                ],
                [
                    257.4989739079449,
                    377.4170908735552
                ],
                [
                    257.5558309568863,
                    380.71479971216115
                ],
                [
                    256.47554702699824,
                    382.64793937617156
                ],
                [
                    256.47554702699824,
                    385.3770777253627
                ],
                [
                    256.47554702699824,
                    386.4573616552508
                ],
                [
                    255.79326243970044,
                    389.58449934703225
                ],
                [
                    255.508977194993,
                    392.42735179410636
                ],
                [
                    254.6561214608708,
                    395.099633094356
                ],
                [
                    254.48555031404635,
                    396.748487513659
                ],
                [
                    253.57583753098265,
                    400.04619635226493
                ],
                [
                    253.29155228627525,
                    401.240194380036
                ],
                [
                    252.60926769897748,
                    402.26362126098275
                ],
                [
                    250.2781286923767,
                    402.7753347014561
                ],
                [
                    247.6058473921271,
                    403.2870481419294
                ],
                [
                    246.12756411964855,
                    404.08304682711014
                ],
                [
                    243.7964251130478,
                    404.36733207181754
                ],
                [
                    241.06728676385669,
                    402.83219175039756
                ],
                [
                    239.19100414878778,
                    400.33048159697233
                ],
                [
                    238.39500546360705,
                    397.8856284924886
                ],
                [
                    237.76957792525076,
                    396.17991702424416
                ],
                [
                    237.71272087630928,
                    393.678206870819
                ],
                [
                    239.07729005090482,
                    391.23335376633526
                ]
            ],
            "group_id": null,
            "description": "",
            "shape_type": "polygon",
            "flags": {},
            "mask": null
        }
    ],
    "imagePath": "IMG000438.jpeg",
    "imageData": null,
    "imageHeight": 512,
    "imageWidth": 512
}