{
    "version": "5.4.1",
    "flags": {},
    "shapes": [
        {
            "label": "synovial osteochondroma",
            "points": [
                [
                    195.8645729905981,
                    207.98764387893942
                ],
                [
                    311.03146643131197,
                    367.08741220166957
                ]
            ],
            "group_id": null,
            "description": "",
            "shape_type": "rectangle",
            "flags": {},
            "mask": null
        },
        {
            "label": "synovial osteochondroma",
            "points": [
                [
                    225.04855416222313,
                    227.75743757584672
                ],
                [
                    289.0650289903039,
                    209.870481373883
                ],
                [
                    298.47921646502164,
                    215.2051876095564
                ],
                [
                    299.42063521249344,
                    244.70297503033868
                ],
                [
                    303.5001164515378,
                    264.1589624780887
                ],
                [
                    304.75534144816675,
                    280.4768874342662
                ],
                [
                    308.52101643805395,
                    291.46010615477024
                ],
                [
                    307.8934039397394,
                    294.91197489550007
                ],
                [
                    295.9687664717635,
                    310.602287353363
                ],
                [
                    271.17807278834016,
                    324.09595606712514
                ],
                [
                    248.58402284901757,
                    336.6482060334155
                ],
                [
                    226.61758540800943,
                    352.02471224212115
                ],
                [
                    221.28287917233604,
                    361.438899716839
                ],
                [
                    217.51720418244892,
                    365.51838095588334
                ],
                [
                    204.65114796700132,
                    361.438899716839
                ],
                [
                    198.06121673469886,
                    325.0373748145969
                ],
                [
                    204.65114796700132,
                    267.29702496966127
                ],
                [
                    223.79332916559412,
                    253.8033562558992
                ],
                [
                    219.71384792654973,
                    236.54401255224997
                ]
            ],
            "group_id": null,
            "description": "",
            "shape_type": "polygon",
            "flags": {},
            "mask": null
        }
    ],
    "imagePath": "IMG000805.jpeg",
    "imageData": null,
    "imageHeight": 512,
    "imageWidth": 512
}