{
    "version": "5.4.1",
    "flags": {},
    "shapes": [
        {
            "label": "osteosarcoma",
            "points": [
                [
                    216.44145751998514,
                    144.06246514221974
                ],
                [
                    255.27692879717424,
                    197.7467930842164
                ]
            ],
            "group_id": null,
            "description": "",
            "shape_type": "rectangle",
            "flags": {},
            "mask": null
        },
        {
            "label": "osteosarcoma",
            "points": [
                [
                    250.59191607153704,
                    195.397124287363
                ],
                [
                    244.8161938893276,
                    196.6411259881466
                ],
                [
                    217.89244279379733,
                    196.4634114594632
                ],
                [
                    217.35929920774726,
                    194.06426532223773
                ],
                [
                    217.18158467906386,
                    189.17711578344512
                ],
                [
                    217.0927274147222,
                    183.40139360123567
                ],
                [
                    217.35929920774726,
                    161.80907836620645
                ],
                [
                    218.1590145868224,
                    153.18992372506312
                ],
                [
                    219.13644449458093,
                    148.9247750366623
                ],
                [
                    228.82188630782446,
                    146.61448616377854
                ],
                [
                    234.3310366970089,
                    145.10391266996987
                ],
                [
                    236.28589651252594,
                    144.74848361260317
                ],
                [
                    244.8161938893276,
                    144.57076908391977
                ],
                [
                    249.79220069246188,
                    145.99248531338674
                ],
                [
                    253.70192032349598,
                    146.96991522114524
                ],
                [
                    254.50163570257115,
                    148.9247750366623
                ],
                [
                    254.59049296691282,
                    164.38593903211532
                ],
                [
                    252.10248956534568,
                    187.1333987035864
                ]
            ],
            "group_id": null,
            "description": "",
            "shape_type": "polygon",
            "flags": {},
            "mask": null
        }
    ],
    "imagePath": "IMG000120.jpeg",
    "imageData": null,
    "imageHeight": 512,
    "imageWidth": 512
}