{
    "version": "5.4.1",
    "flags": {},
    "shapes": [
        {
            "label": "osteosarcoma",
            "points": [
                [
                    354.5792286452303,
                    81.94341023128767
                ],
                [
                    428.68629197470386,
                    166.31145156022683
                ]
            ],
            "group_id": null,
            "description": "",
            "shape_type": "rectangle",
            "flags": {},
            "mask": null
        },
        {
            "label": "osteosarcoma",
            "points": [
                [
                    355.6906314311542,
                    143.47777585444194
                ],
                [
                    355.3952070471025,
                    136.28911584251725
                ],
                [
                    355.3952070471025,
                    127.72180870501799
                ],
                [
                    355.5921566364703,
                    122.1087454080357
                ],
                [
                    355.78910622583805,
                    115.41245936953051
                ],
                [
                    355.887581020522,
                    106.74667743734733
                ],
                [
                    358.1525012982517,
                    100.34581578289385
                ],
                [
                    366.62133364106705,
                    91.97545823476237
                ],
                [
                    370.75727501779085,
                    88.52884042082589
                ],
                [
                    379.8169561287096,
                    85.37764699094109
                ],
                [
                    385.5284942203758,
                    84.68832342815378
                ],
                [
                    395.2774988940819,
                    84.29442424941819
                ],
                [
                    401.28446136979977,
                    84.58984863346988
                ],
                [
                    416.2526301617525,
                    93.05868097628527
                ],
                [
                    422.1611178427865,
                    105.07260592772104
                ],
                [
                    426.8879079876137,
                    113.93533744927203
                ],
                [
                    428.1680803185044,
                    123.2904429442425
                ],
                [
                    426.98638278229765,
                    133.53182159136807
                ],
                [
                    425.9031600407747,
                    145.05337256938432
                ],
                [
                    426.98638278229765,
                    153.12830573346412
                ],
                [
                    426.592483603562,
                    157.8550958782913
                ],
                [
                    424.4260381205162,
                    162.58188602311847
                ],
                [
                    420.0931471544246,
                    164.9452810955321
                ],
                [
                    412.70753755313217,
                    164.5513819167965
                ],
                [
                    407.88227261362107,
                    162.8773104071702
                ],
                [
                    398.72411670801836,
                    160.8093397188083
                ],
                [
                    389.4674860077318,
                    159.8245917719693
                ],
                [
                    381.1956032542842,
                    160.02154136133709
                ],
                [
                    375.3855903679341,
                    159.3322177985498
                ],
                [
                    364.25793856865346,
                    155.5901756005616
                ],
                [
                    359.7280980131941,
                    151.45423422383783
                ],
                [
                    356.3799549939415,
                    145.74269613217166
                ]
            ],
            "group_id": null,
            "description": "",
            "shape_type": "polygon",
            "flags": {},
            "mask": null
        }
    ],
    "imagePath": "IMG000177.jpeg",
    "imageData": null,
    "imageHeight": 512,
    "imageWidth": 512
}