{
    "version": "5.4.1",
    "flags": {},
    "shapes": [
        {
            "label": "multiple osteochondromas",
            "points": [
                [
                    184.92951776102257,
                    221.65836431040276
                ],
                [
                    201.62452781916414,
                    258.64423274690097
                ]
            ],
            "group_id": null,
            "description": "",
            "shape_type": "rectangle",
            "flags": {},
            "mask": null
        },
        {
            "label": "multiple osteochondromas",
            "points": [
                [
                    112.24201243096,
                    199.31273546335171
                ],
                [
                    128.423329871928,
                    217.80566968160082
                ]
            ],
            "group_id": null,
            "description": "",
            "shape_type": "rectangle",
            "flags": {},
            "mask": null
        },
        {
            "label": "multiple osteochondromas",
            "points": [
                [
                    426.06325342001895,
                    191.85263443044832
                ],
                [
                    439.3550498893855,
                    225.08212560386474
                ]
            ],
            "group_id": null,
            "description": "",
            "shape_type": "rectangle",
            "flags": {},
            "mask": null
        },
        {
            "label": "multiple osteochondromas",
            "points": [
                [
                    186.48457107345172,
                    230.22377321509666
                ],
                [
                    186.3315964337787,
                    245.06231326337925
                ],
                [
                    187.4024189114898,
                    249.4985778138968
                ],
                [
                    187.86134283050887,
                    256.68838587852855
                ],
                [
                    188.93216530822,
                    257.75920835623964
                ],
                [
                    191.37975954298824,
                    254.3937662834333
                ],
                [
                    193.21545521906444,
                    247.81585677749356
                ],
                [
                    193.8273537777565,
                    243.83851614599516
                ],
                [
                    197.19279585056287,
                    234.35408848626813
                ],
                [
                    200.40526328369623,
                    229.61187465640458
                ],
                [
                    199.9463393646772,
                    224.10478762817598
                ],
                [
                    197.65171976958192,
                    222.57504123144582
                ],
                [
                    195.05115089514064,
                    226.09345794392522
                ],
                [
                    194.13330305710255,
                    228.69402681836652
                ],
                [
                    193.8273537777565,
                    230.07079857542365
                ],
                [
                    192.14463274135332,
                    231.60054497215384
                ],
                [
                    190.30893706527715,
                    232.5183928101919
                ]
            ],
            "group_id": null,
            "description": "",
            "shape_type": "polygon",
            "flags": {},
            "mask": null
        },
        {
            "label": "multiple osteochondromas",
            "points": [
                [
                    113.6482459704727,
                    215.8356584947402
                ],
                [
                    113.6482459704727,
                    212.4838141676825
                ],
                [
                    113.2437130344485,
                    209.24755067948888
                ],
                [
                    113.6482459704727,
                    205.66454467470314
                ],
                [
                    115.03521603684139,
                    203.9886225111743
                ],
                [
                    116.36439568377804,
                    202.71723328366969
                ],
                [
                    116.0754435866179,
                    200.98352070070882
                ],
                [
                    116.82671903923428,
                    200.46340692582058
                ],
                [
                    118.73380288049121,
                    200.29003566752448
                ],
                [
                    121.44995259379655,
                    200.29003566752448
                ],
                [
                    123.87715020994176,
                    200.81014944241272
                ],
                [
                    125.66865321233465,
                    202.25490992821344
                ],
                [
                    127.28678495643143,
                    205.66454467470314
                ],
                [
                    127.92247957018374,
                    209.30534109892093
                ],
                [
                    128.09585082847983,
                    211.79032913449817
                ],
                [
                    126.94004243983926,
                    213.75520339518715
                ],
                [
                    125.61086279290261,
                    215.48891597814801
                ],
                [
                    123.06808433789335,
                    216.47135310849248
                ],
                [
                    119.94740168856382,
                    216.8758860445167
                ],
                [
                    117.52020407241861,
                    216.81809562508465
                ]
            ],
            "group_id": null,
            "description": "",
            "shape_type": "polygon",
            "flags": {},
            "mask": null
        },
        {
            "label": "multiple osteochondromas",
            "points": [
                [
                    426.4677863560432,
                    196.8804009210348
                ],
                [
                    427.45022348638764,
                    220.11214953271028
                ],
                [
                    428.4326606167321,
                    222.71271840715156
                ],
                [
                    431.9578762020858,
                    224.3886405706804
                ],
                [
                    434.0961217210709,
                    224.44643099011245
                ],
                [
                    436.0609959817599,
                    224.50422140954447
                ],
                [
                    437.79470856472074,
                    222.71271840715156
                ],
                [
                    438.2570319201769,
                    217.6849519165651
                ],
                [
                    438.8927265339293,
                    213.00392794257078
                ],
                [
                    438.14145108131294,
                    209.82545487380918
                ],
                [
                    437.62133730642466,
                    207.28267641879995
                ],
                [
                    438.60377443676913,
                    202.3127003476455
                ],
                [
                    438.5459840173371,
                    196.24470630728248
                ],
                [
                    438.02587024244883,
                    193.0662332385209
                ],
                [
                    436.0609959817599,
                    192.14158652760847
                ],
                [
                    431.55334326606163,
                    193.12402365795293
                ],
                [
                    429.2417264887805,
                    194.16425120772945
                ],
                [
                    426.87231929206735,
                    196.0713350489864
                ]
            ],
            "group_id": null,
            "description": "",
            "shape_type": "polygon",
            "flags": {},
            "mask": null
        }
    ],
    "imagePath": "IMG000861.jpeg",
    "imageData": null,
    "imageHeight": 512,
    "imageWidth": 512
}