{
    "version": "5.4.1",
    "flags": {},
    "shapes": [
        {
            "label": "osteochondroma",
            "points": [
                [
                    180.1384583873831,
                    319.2644682642635
                ],
                [
                    204.84067272023853,
                    366.8045788671173
                ]
            ],
            "group_id": null,
            "description": "",
            "shape_type": "rectangle",
            "flags": {},
            "mask": null
        },
        {
            "label": "osteochondroma",
            "points": [
                [
                    183.27264563924118,
                    320.4621543757249
                ],
                [
                    204.3449695064915,
                    350.7296741123209
                ],
                [
                    202.04617053915513,
                    352.0706401766004
                ],
                [
                    200.51363789426418,
                    353.41160624087996
                ],
                [
                    200.89677105548694,
                    360.4995697235006
                ],
                [
                    201.27990421670967,
                    362.98993527144836
                ],
                [
                    201.0883376360983,
                    365.8634339806188
                ],
                [
                    197.0654394432596,
                    364.7140344969506
                ],
                [
                    193.80880757286636,
                    359.7333034010551
                ],
                [
                    191.70157518614133,
                    355.3272720469937
                ],
                [
                    183.84734538107529,
                    341.15134508175254
                ],
                [
                    181.93167957496163,
                    331.1898828899615
                ],
                [
                    180.97384667190477,
                    324.4850525685636
                ]
            ],
            "group_id": null,
            "description": "",
            "shape_type": "polygon",
            "flags": {},
            "mask": null
        }
    ],
    "imagePath": "IMG000282.jpeg",
    "imageData": null,
    "imageHeight": 512,
    "imageWidth": 512
}