{
    "version": "5.4.1",
    "flags": {},
    "shapes": [
        {
            "label": "osteochondroma",
            "points": [
                [
                    182.73456880785628,
                    72.6235290093737
                ],
                [
                    195.30204474990393,
                    101.87896480889445
                ]
            ],
            "group_id": null,
            "description": "",
            "shape_type": "rectangle",
            "flags": {},
            "mask": null
        },
        {
            "label": "osteochondroma",
            "points": [
                [
                    187.37011321270992,
                    72.93256530303061
                ],
                [
                    192.00565761756354,
                    73.96268628188699
                ],
                [
                    193.44782698796246,
                    76.43497663114225
                ],
                [
                    194.27192377104757,
                    79.62835166559698
                ],
                [
                    194.78698426047575,
                    85.39702914719263
                ],
                [
                    194.78698426047575,
                    88.79642837741864
                ],
                [
                    194.78698426047575,
                    91.78377921610209
                ],
                [
                    194.68397216259012,
                    93.43197278227225
                ],
                [
                    192.726742302763,
                    93.74100907592917
                ],
                [
                    191.59360922602102,
                    94.05004536958609
                ],
                [
                    191.59360922602102,
                    96.31631152307008
                ],
                [
                    192.00565761756354,
                    98.17052928501154
                ],
                [
                    192.93276649853428,
                    99.92173494906737
                ],
                [
                    191.7996334217923,
                    101.36390431946627
                ],
                [
                    189.22433097465137,
                    101.46691641735191
                ],
                [
                    186.7520406253961,
                    100.33378334060991
                ],
                [
                    183.76468978671264,
                    96.625347816727
                ],
                [
                    182.8375809057419,
                    93.12293648861537
                ],
                [
                    183.04360510151318,
                    87.97233159433354
                ],
                [
                    184.07372608036954,
                    79.9373879592539
                ],
                [
                    184.1767381782552,
                    75.40485565228589
                ],
                [
                    184.69179866768337,
                    73.24160159668753
                ]
            ],
            "group_id": null,
            "description": "",
            "shape_type": "polygon",
            "flags": {},
            "mask": null
        }
    ],
    "imagePath": "IMG001297.jpeg",
    "imageData": null,
    "imageHeight": 512,
    "imageWidth": 512
}