{
    "version": "5.4.1",
    "flags": {},
    "shapes": [
        {
            "label": "osteochondroma",
            "points": [
                [
                    166.92665102246065,
                    75.20661526427536
                ],
                [
                    248.93208924647072,
                    212.13662606622717
                ]
            ],
            "group_id": null,
            "description": "",
            "shape_type": "rectangle",
            "flags": {},
            "mask": null
        },
        {
            "label": "osteochondroma",
            "points": [
                [
                    245.5806490950916,
                    200.6507580166847
                ],
                [
                    214.6458080430143,
                    210.5839638590948
                ],
                [
                    213.79439039937915,
                    198.66411684820267
                ],
                [
                    208.6858845375682,
                    183.6224051439816
                ],
                [
                    198.46887281394638,
                    161.7693522906793
                ],
                [
                    189.3870846151714,
                    147.5790582300934
                ],
                [
                    182.57574346609016,
                    141.61913472464732
                ],
                [
                    174.06156702973863,
                    139.3486876749536
                ],
                [
                    168.66925528671595,
                    128.84787007012002
                ],
                [
                    170.08828469277458,
                    117.4956348216513
                ],
                [
                    168.10164352429257,
                    105.57578781075914
                ],
                [
                    170.08828469277458,
                    96.21019373077243
                ],
                [
                    176.6158199606441,
                    87.6960172944209
                ],
                [
                    184.27857875336048,
                    84.00654083866856
                ],
                [
                    188.53566697153622,
                    76.62758792716389
                ],
                [
                    198.75267869515812,
                    77.47900557079905
                ],
                [
                    227.41707269754164,
                    81.45228790776311
                ],
                [
                    230.25513150965878,
                    84.00654083866856
                ],
                [
                    236.21505501510487,
                    85.9931820071506
                ],
                [
                    241.3235608769158,
                    85.42557024472714
                ],
                [
                    248.9863196696322,
                    88.26362905684432
                ],
                [
                    246.43206673872675,
                    128.28025830769658
                ],
                [
                    242.74259028297442,
                    135.943017100413
                ],
                [
                    239.33691970843375,
                    148.43047587372857
                ],
                [
                    238.2016961835869,
                    155.2418170228098
                ],
                [
                    237.91789030237518,
                    164.6074111027965
                ],
                [
                    240.18833735206894,
                    183.3385992627699
                ],
                [
                    241.3235608769158,
                    192.70419334275658
                ]
            ],
            "group_id": null,
            "description": "",
            "shape_type": "polygon",
            "flags": {},
            "mask": null
        }
    ],
    "imagePath": "IMG001480.jpeg",
    "imageData": null,
    "imageHeight": 512,
    "imageWidth": 512
}