{
    "version": "5.4.1",
    "flags": {},
    "shapes": [
        {
            "label": "osteosarcoma",
            "points": [
                [
                    200.47036390666412,
                    27.095856764268632
                ],
                [
                    292.2831984769158,
                    182.89195621132797
                ]
            ],
            "group_id": null,
            "description": "",
            "shape_type": "rectangle",
            "flags": {},
            "mask": null
        },
        {
            "label": "osteosarcoma",
            "points": [
                [
                    261.90142847908993,
                    179.53590588843642
                ],
                [
                    257.5578178527568,
                    171.26236183827808
                ],
                [
                    253.83472303018553,
                    162.16146338310386
                ],
                [
                    250.5253054101222,
                    155.12895094046925
                ],
                [
                    247.0090491888049,
                    150.7853403141361
                ],
                [
                    242.4585999612178,
                    146.85540689031092
                ],
                [
                    231.7029926960119,
                    133.20405920754962
                ],
                [
                    228.18673647469464,
                    118.31167991726456
                ],
                [
                    216.190097601965,
                    110.65865167086807
                ],
                [
                    209.36442376058434,
                    94.31840217180532
                ],
                [
                    209.77810096309224,
                    86.45853532415487
                ],
                [
                    211.84648697563185,
                    83.97647210910736
                ],
                [
                    218.46532221575856,
                    78.80550707775838
                ],
                [
                    206.67552194428288,
                    68.87725421756835
                ],
                [
                    201.29771831167994,
                    53.57119772477539
                ],
                [
                    203.9866201279814,
                    48.60707129468037
                ],
                [
                    209.5712623618383,
                    44.67713787085515
                ],
                [
                    212.2601641781398,
                    43.22926766207743
                ],
                [
                    215.5695817982031,
                    29.7847585805701
                ],
                [
                    222.80893284209168,
                    28.130049770538424
                ],
                [
                    228.60041367720254,
                    35.98991661818887
                ],
                [
                    229.8414452847263,
                    40.540365845775966
                ],
                [
                    232.11666989851986,
                    47.57287828841057
                ],
                [
                    236.87395772736087,
                    50.88229590847392
                ],
                [
                    239.56285954366237,
                    55.43274513606102
                ],
                [
                    243.69963156874155,
                    59.98319436364811
                ],
                [
                    253.21420722642367,
                    64.94732079374313
                ],
                [
                    257.1441406502489,
                    67.84306121129856
                ],
                [
                    259.62620386529636,
                    71.1524788313619
                ],
                [
                    264.59033029539137,
                    76.11660526145693
                ],
                [
                    269.1407795229785,
                    73.84138064766337
                ],
                [
                    269.76129532674037,
                    80.04653868528214
                ],
                [
                    277.4143235731368,
                    107.14239544955078
                ],
                [
                    285.0673518195333,
                    138.58186284015252
                ],
                [
                    290.0314782496284,
                    151.61269471915196
                ],
                [
                    291.06567125589817,
                    162.16146338310386
                ],
                [
                    291.06567125589817,
                    175.81281106586516
                ],
                [
                    288.99728524335853,
                    181.60429190097602
                ],
                [
                    283.8263202120096,
                    181.60429190097602
                ],
                [
                    264.59033029539137,
                    180.5700988947062
                ]
            ],
            "group_id": null,
            "description": "",
            "shape_type": "polygon",
            "flags": {},
            "mask": null
        }
    ],
    "imagePath": "IMG000029.jpeg",
    "imageData": null,
    "imageHeight": 512,
    "imageWidth": 512
}