{
    "version": "5.4.1",
    "flags": {},
    "shapes": [
        {
            "label": "multiple osteochondromas",
            "points": [
                [
                    260.34334504514715,
                    76.49340738222072
                ],
                [
                    312.183611016661,
                    200.29105746344783
                ]
            ],
            "group_id": null,
            "description": "",
            "shape_type": "rectangle",
            "flags": {},
            "mask": null
        },
        {
            "label": "multiple osteochondromas",
            "points": [
                [
                    275.0443159922928,
                    471.0984170161321
                ],
                [
                    316.0522875816994,
                    510.1720503230194
                ]
            ],
            "group_id": null,
            "description": "",
            "shape_type": "rectangle",
            "flags": {},
            "mask": null
        },
        {
            "label": "multiple osteochondromas",
            "points": [
                [
                    191.48090218746455,
                    488.12059390230075
                ],
                [
                    218.94850579923684,
                    509.01144735350783
                ]
            ],
            "group_id": null,
            "description": "",
            "shape_type": "rectangle",
            "flags": {},
            "mask": null
        },
        {
            "label": "multiple osteochondromas",
            "points": [
                [
                    263.53920829452665,
                    195.53636986335118
                ],
                [
                    261.016158360806,
                    182.66881520137585
                ],
                [
                    261.016158360806,
                    160.97058577137815
                ],
                [
                    264.2961232746428,
                    144.06615121544974
                ],
                [
                    271.1083580956887,
                    119.0879568716152
                ],
                [
                    271.86527307580485,
                    100.66969235545437
                ],
                [
                    281.20055783057126,
                    82.25142783929354
                ],
                [
                    287.760487658245,
                    79.98068289894495
                ],
                [
                    299.36651735336,
                    77.96224295196842
                ],
                [
                    305.9264471810338,
                    78.46685293871255
                ],
                [
                    308.4494971147544,
                    84.7744777730142
                ],
                [
                    310.2156320683589,
                    94.36206752115272
                ],
                [
                    309.96332707498675,
                    102.68813230243089
                ],
                [
                    306.68336216114994,
                    114.79877198429006
                ],
                [
                    300.3757373268483,
                    130.9462915601023
                ],
                [
                    295.58194245277906,
                    140.02927132149668
                ],
                [
                    289.77892760522155,
                    145.57998117568215
                ],
                [
                    286.7512676847567,
                    150.87838603649553
                ],
                [
                    285.9943527046405,
                    157.94292585091335
                ],
                [
                    285.9943527046405,
                    166.77360061893566
                ],
                [
                    283.72360776429196,
                    173.3335304466094
                ],
                [
                    281.20055783057126,
                    179.388850287539
                ],
                [
                    273.1267980426652,
                    191.2471849760261
                ]
            ],
            "group_id": null,
            "description": "",
            "shape_type": "polygon",
            "flags": {},
            "mask": null
        },
        {
            "label": "multiple osteochondromas",
            "points": [
                [
                    217.59446900147344,
                    489.6566860678307
                ],
                [
                    209.8286697201832,
                    508.1751305078305
                ],
                [
                    196.34519404497604,
                    508.7724996833144
                ],
                [
                    195.91850177677327,
                    506.38302298137893
                ],
                [
                    195.91850177677327,
                    502.2014387529918
                ],
                [
                    195.23579414764885,
                    500.4093312265403
                ],
                [
                    194.55308651852445,
                    496.99579308091825
                ],
                [
                    194.8091018794461,
                    494.3503010180611
                ],
                [
                    196.68654785953822,
                    493.0702242134529
                ],
                [
                    200.18542445880087,
                    492.8142088525312
                ],
                [
                    200.95347054156582,
                    495.6303778226694
                ],
                [
                    201.3801628097686,
                    497.2518084418399
                ],
                [
                    201.7215166243308,
                    498.6172237000887
                ],
                [
                    206.6711469354828,
                    499.47060823649423
                ],
                [
                    209.74333126654267,
                    498.7025621537292
                ]
            ],
            "group_id": null,
            "description": "",
            "shape_type": "polygon",
            "flags": {},
            "mask": null
        },
        {
            "label": "multiple osteochondromas",
            "points": [
                [
                    276.5633404670947,
                    472.6743337933609
                ],
                [
                    281.3422938709656,
                    473.4423798761259
                ],
                [
                    282.9637244901361,
                    473.4423798761259
                ],
                [
                    284.84117047022823,
                    473.2717029688448
                ],
                [
                    286.7186164503204,
                    475.74651812442085
                ],
                [
                    287.2306471721637,
                    478.73336400184013
                ],
                [
                    287.6573394403664,
                    481.6348714256189
                ],
                [
                    286.97463181124203,
                    483.85367122027327
                ],
                [
                    286.88929335760145,
                    486.755178644052
                ],
                [
                    288.1693701622097,
                    489.99803988239296
                ],
                [
                    293.1190004733618,
                    493.49691648165555
                ],
                [
                    296.02050789714053,
                    494.26496256442056
                ],
                [
                    297.64193851631103,
                    494.5209779253422
                ],
                [
                    299.69006140368424,
                    492.0461627697662
                ],
                [
                    300.20209212552754,
                    490.51007060423626
                ],
                [
                    301.5675073837764,
                    490.33939369695514
                ],
                [
                    304.04232253935237,
                    490.33939369695514
                ],
                [
                    306.68781460220947,
                    488.7179630777847
                ],
                [
                    308.5652605823016,
                    488.0352554486603
                ],
                [
                    309.3333066650666,
                    488.2059323559414
                ],
                [
                    312.8321832643292,
                    492.472855037969
                ],
                [
                    313.3442139861725,
                    493.8382702962178
                ],
                [
                    314.53895233714024,
                    498.87323906101034
                ],
                [
                    313.1735370788914,
                    500.4093312265403
                ],
                [
                    311.5521064597209,
                    501.17737730930526
                ],
                [
                    310.6987219233154,
                    503.4815155576001
                ],
                [
                    310.27202965511265,
                    505.95633071317616
                ],
                [
                    309.3333066650666,
                    509.62588421971986
                ],
                [
                    281.76898613916836,
                    509.62588421971986
                ]
            ],
            "group_id": null,
            "description": "",
            "shape_type": "polygon",
            "flags": {},
            "mask": null
        }
    ],
    "imagePath": "IMG001101.jpeg",
    "imageData": null,
    "imageHeight": 512,
    "imageWidth": 512
}