{
    "version": "5.4.1",
    "flags": {},
    "shapes": [
        {
            "label": "osteochondroma",
            "points": [
                [
                    201.65968586387436,
                    103.31080437886723
                ],
                [
                    238.97524988100903,
                    156.2379819133746
                ]
            ],
            "group_id": null,
            "description": "",
            "shape_type": "rectangle",
            "flags": {},
            "mask": null
        },
        {
            "label": "osteochondroma",
            "points": [
                [
                    210.89898367724052,
                    149.79981521404372
                ],
                [
                    206.95688327687097,
                    144.62580843855866
                ],
                [
                    203.50754542654758,
                    136.98798891284264
                ],
                [
                    201.7828765013859,
                    126.02402217431475
                ],
                [
                    204.86264243917464,
                    113.95133969818295
                ],
                [
                    210.65260240221744,
                    106.3135201724669
                ],
                [
                    215.8266091777025,
                    104.3424699722821
                ],
                [
                    220.75423467816447,
                    103.48013550970127
                ],
                [
                    227.8992916538343,
                    105.32799507237449
                ],
                [
                    234.4283954419464,
                    109.63966738527871
                ],
                [
                    238.24730520480443,
                    116.29196181090238
                ],
                [
                    237.87773329226982,
                    127.00954727440714
                ],
                [
                    236.39944564213118,
                    143.51709270095472
                ],
                [
                    234.4283954419464,
                    150.29257776408994
                ],
                [
                    228.39205420388052,
                    155.7129658145981
                ],
                [
                    218.90637511549124,
                    154.97382198952877
                ]
            ],
            "group_id": null,
            "description": "",
            "shape_type": "polygon",
            "flags": {},
            "mask": null
        }
    ],
    "imagePath": "IMG000503.jpeg",
    "imageData": null,
    "imageHeight": 512,
    "imageWidth": 512
}