{
    "version": "5.4.1",
    "flags": {},
    "shapes": [
        {
            "label": "osteosarcoma",
            "points": [
                [
                    218.62521897946257,
                    115.16135524991614
                ],
                [
                    282.3652018338365,
                    271.64873830556485
                ]
            ],
            "group_id": null,
            "description": "",
            "shape_type": "rectangle",
            "flags": {},
            "mask": null
        },
        {
            "label": "osteosarcoma",
            "points": [
                [
                    227.14115801708476,
                    269.38494118886143
                ],
                [
                    220.97830739775287,
                    266.68869404290376
                ],
                [
                    219.82277290662816,
                    261.6813779146966
                ],
                [
                    219.82277290662816,
                    252.43710198569877
                ],
                [
                    220.78571831589878,
                    241.45952432001383
                ],
                [
                    223.8671436255647,
                    219.11919082493577
                ],
                [
                    228.48928159006363,
                    207.17866774998026
                ],
                [
                    229.83740516304246,
                    192.92707569277528
                ],
                [
                    227.71892526264713,
                    185.99386874602692
                ],
                [
                    227.71892526264713,
                    175.20888016219615
                ],
                [
                    231.37811781787548,
                    165.57942606949007
                ],
                [
                    251.98514957626642,
                    116.8543883603974
                ],
                [
                    258.14800019559834,
                    116.08403203298091
                ],
                [
                    263.92567265122193,
                    115.50626478741854
                ],
                [
                    277.40690838101045,
                    118.00992285152212
                ],
                [
                    280.6809227725305,
                    121.86170448860454
                ],
                [
                    281.6438681818011,
                    131.87633674501885
                ],
                [
                    281.6438681818011,
                    145.9353397203697
                ],
                [
                    268.93298877942914,
                    189.07529405569286
                ],
                [
                    262.77013816009725,
                    198.89733723025304
                ],
                [
                    255.06657488593237,
                    204.67500968587672
                ],
                [
                    250.05925875772522,
                    206.02313325885555
                ],
                [
                    249.48149151216285,
                    209.87491489593796
                ]
            ],
            "group_id": null,
            "description": "",
            "shape_type": "polygon",
            "flags": {},
            "mask": null
        }
    ],
    "imagePath": "IMG000079.jpeg",
    "imageData": null,
    "imageHeight": 512,
    "imageWidth": 512
}