{
    "version": "5.4.1",
    "flags": {},
    "shapes": [
        {
            "label": "multiple osteochondromas",
            "points": [
                [
                    217.64905660377357,
                    432.6760563380282
                ],
                [
                    245.63888235070803,
                    491.08538020576293
                ]
            ],
            "group_id": null,
            "description": "",
            "shape_type": "rectangle",
            "flags": {},
            "mask": null
        },
        {
            "label": "multiple osteochondromas",
            "points": [
                [
                    219.7871682927755,
                    469.2183288409704
                ],
                [
                    218.81529934322919,
                    463.87304961846553
                ],
                [
                    218.71811244827455,
                    458.5277703959608
                ],
                [
                    218.71811244827455,
                    451.04437948445394
                ],
                [
                    219.39842071295698,
                    445.11597889222134
                ],
                [
                    224.84088683041645,
                    435.00854181693944
                ],
                [
                    228.04805436391936,
                    433.4535514976653
                ],
                [
                    230.86647431760372,
                    433.06480391784675
                ],
                [
                    235.82300596029003,
                    435.1057287118941
                ],
                [
                    240.09922933829392,
                    442.58911962340085
                ],
                [
                    240.87672449793098,
                    452.2106222239096
                ],
                [
                    240.87672449793098,
                    455.12622907254854
                ],
                [
                    242.91764929197828,
                    459.8883869253256
                ],
                [
                    243.20920997684217,
                    465.03929235792117
                ],
                [
                    243.8895182415246,
                    468.9267681561065
                ],
                [
                    244.66701340116168,
                    473.6889260088836
                ],
                [
                    244.66701340116168,
                    476.6045328575226
                ],
                [
                    244.47263961125242,
                    479.81170039102545
                ],
                [
                    241.36265897270417,
                    486.12884856307664
                ],
                [
                    239.61329486352074,
                    489.33601609657956
                ],
                [
                    235.33707148551687,
                    490.2106981511713
                ],
                [
                    229.8946053680574,
                    489.04445541171566
                ],
                [
                    220.75903724232185,
                    483.89354997912005
                ]
            ],
            "group_id": null,
            "description": "",
            "shape_type": "polygon",
            "flags": {},
            "mask": null
        }
    ],
    "imagePath": "IMG000939.jpeg",
    "imageData": null,
    "imageHeight": 512,
    "imageWidth": 512
}