{
    "version": "5.4.1",
    "flags": {},
    "shapes": [
        {
            "label": "other bt",
            "points": [
                [
                    368.2368245001115,
                    37.16405262766672
                ],
                [
                    394.78788433580905,
                    65.6164810766445
                ]
            ],
            "group_id": null,
            "description": "",
            "shape_type": "rectangle",
            "flags": {},
            "mask": null
        },
        {
            "label": "other bt",
            "points": [
                [
                    369.6057723487675,
                    45.518454790456786
                ],
                [
                    372.3066928773461,
                    41.546512836664746
                ],
                [
                    375.24592992315223,
                    39.163347664389526
                ],
                [
                    379.69450491139935,
                    38.36895927363111
                ],
                [
                    388.90941024419686,
                    41.22875748036138
                ],
                [
                    392.24584148538213,
                    45.439015951380945
                ],
                [
                    393.7551794278231,
                    48.61656951441458
                ],
                [
                    392.7224745198372,
                    52.58851146820662
                ],
                [
                    389.6243597958794,
                    57.75203600813627
                ],
                [
                    388.5122160488176,
                    61.40622260562495
                ],
                [
                    385.41410132485987,
                    61.64453912285248
                ],
                [
                    375.16649108407637,
                    64.8220926858861
                ],
                [
                    371.03567145213265,
                    64.8220926858861
                ],
                [
                    369.7646500269192,
                    59.65856814595645
                ],
                [
                    369.7646500269192,
                    54.812798962330156
                ],
                [
                    371.03567145213265,
                    51.953000755599895
                ],
                [
                    371.5917433256636,
                    50.84085700853812
                ],
                [
                    370.4795995786017,
                    47.18667041104944
                ]
            ],
            "group_id": null,
            "description": "",
            "shape_type": "polygon",
            "flags": {},
            "mask": null
        }
    ],
    "imagePath": "IMG001756.jpeg",
    "imageData": null,
    "imageHeight": 512,
    "imageWidth": 512
}