{
    "version": "5.4.1",
    "flags": {},
    "shapes": [
        {
            "label": "osteochondroma",
            "points": [
                [
                    331.6264601540192,
                    343.61858613827116
                ],
                [
                    342.5635545556805,
                    359.9550056242969
                ]
            ],
            "group_id": null,
            "description": "",
            "shape_type": "rectangle",
            "flags": {},
            "mask": null
        },
        {
            "label": "osteochondroma",
            "points": [
                [
                    339.56564358026674,
                    344.01414108950667
                ],
                [
                    332.2636991804596,
                    351.93315121324116
                ],
                [
                    333.39498634099306,
                    354.2985698216294
                ],
                [
                    333.6006749156355,
                    354.91563554555677
                ],
                [
                    333.39498634099306,
                    357.79527559055117
                ],
                [
                    334.2177406395629,
                    358.82371846376344
                ],
                [
                    336.6860035352724,
                    358.4123413144785
                ],
                [
                    338.12582355776954,
                    355.84123413144783
                ],
                [
                    339.56564358026674,
                    352.0359955005624
                ],
                [
                    341.10830789008514,
                    346.893781134501
                ],
                [
                    341.00546360276394,
                    344.631206813434
                ]
            ],
            "group_id": null,
            "description": "",
            "shape_type": "polygon",
            "flags": {},
            "mask": null
        }
    ],
    "imagePath": "IMG000305.jpeg",
    "imageData": null,
    "imageHeight": 512,
    "imageWidth": 512
}