{
    "version": "5.4.1",
    "flags": {},
    "shapes": [
        {
            "label": "osteochondroma",
            "points": [
                [
                    211.46843204635806,
                    240.97567549356512
                ],
                [
                    228.02796307526447,
                    266.67744761134696
                ]
            ],
            "group_id": null,
            "description": "",
            "shape_type": "rectangle",
            "flags": {},
            "mask": null
        },
        {
            "label": "osteochondroma",
            "points": [
                [
                    216.12580014823797,
                    243.04561687217844
                ],
                [
                    217.85075129708238,
                    242.35563641264068
                ],
                [
                    219.81779041750602,
                    241.33791523482247
                ],
                [
                    220.58628589485326,
                    241.33791523482247
                ],
                [
                    221.75925267606746,
                    242.30864636410317
                ],
                [
                    225.4803886716436,
                    242.79401192874354
                ],
                [
                    226.087095627444,
                    244.77592131769165
                ],
                [
                    226.4106726705376,
                    246.39380653315953
                ],
                [
                    226.73424971363116,
                    248.94197574752144
                ],
                [
                    227.09827388711145,
                    250.3576253110558
                ],
                [
                    227.421850930205,
                    252.13729904807047
                ],
                [
                    227.4622980605917,
                    253.55294861160488
                ],
                [
                    227.38140379981832,
                    254.84725678397916
                ],
                [
                    227.38140379981832,
                    256.8291661729273
                ],
                [
                    227.38140379981832,
                    258.89196982264883
                ],
                [
                    226.89603823517797,
                    261.9255046016511
                ],
                [
                    226.57246119208438,
                    263.30070703479873
                ],
                [
                    226.20843701860412,
                    264.1096496425327
                ],
                [
                    225.07591736777658,
                    264.7163565983331
                ],
                [
                    222.97266658766839,
                    264.9185922502666
                ],
                [
                    219.37287198325237,
                    264.8376979894932
                ],
                [
                    218.8066121578386,
                    265.8893233795473
                ],
                [
                    217.10783268159736,
                    266.0915590314808
                ],
                [
                    216.62246711695698,
                    265.48485207568035
                ],
                [
                    214.64055772800884,
                    264.43322668562627
                ],
                [
                    212.41596555674056,
                    262.4917644270648
                ],
                [
                    211.8092586009401,
                    260.5503021685034
                ],
                [
                    211.68791720978,
                    257.5572145198878
                ],
                [
                    211.97104712248688,
                    253.55294861160488
                ],
                [
                    212.21372990480705,
                    250.60030809337601
                ],
                [
                    213.0631196429277,
                    246.8791720977999
                ],
                [
                    213.71027372911485,
                    244.81636844807838
                ],
                [
                    214.43832207607537,
                    243.2389303629972
                ],
                [
                    215.73263024844965,
                    242.83445905913024
                ]
            ],
            "group_id": null,
            "description": "",
            "shape_type": "polygon",
            "flags": {},
            "mask": null
        }
    ],
    "imagePath": "IMG001189.jpeg",
    "imageData": null,
    "imageHeight": 512,
    "imageWidth": 512
}