{
    "version": "5.4.1",
    "flags": {},
    "shapes": [
        {
            "label": "multiple osteochondromas",
            "points": [
                [
                    168.74575662326,
                    305.81290226014073
                ],
                [
                    209.36243077383625,
                    368.65379434216436
                ]
            ],
            "group_id": null,
            "description": "",
            "shape_type": "rectangle",
            "flags": {},
            "mask": null
        },
        {
            "label": "multiple osteochondromas",
            "points": [
                [
                    207.25496183206107,
                    307.9280965279488
                ],
                [
                    208.67333169170155,
                    312.8135927111549
                ],
                [
                    206.30938192563409,
                    323.05737503078063
                ],
                [
                    191.49529672494458,
                    344.6481162275302
                ],
                [
                    184.40344742674216,
                    360.0925880325043
                ],
                [
                    179.0451612903226,
                    364.03250430928347
                ],
                [
                    173.84447180497415,
                    366.3964540753509
                ],
                [
                    171.1653287367643,
                    365.9236641221374
                ],
                [
                    169.4317655749815,
                    361.3533612410736
                ],
                [
                    170.85013543462202,
                    350.47919231716327
                ],
                [
                    171.3229253878355,
                    347.16966264466885
                ],
                [
                    174.0020684560453,
                    341.8113765082492
                ],
                [
                    175.73563161782812,
                    335.19231716326027
                ],
                [
                    181.09391775424774,
                    329.0460477714849
                ],
                [
                    182.0394976606747,
                    325.42132479684807
                ],
                [
                    185.6642206353115,
                    322.42698842649594
                ],
                [
                    187.55538044816547,
                    318.95986210293034
                ],
                [
                    190.86491012065994,
                    313.6015759665107
                ],
                [
                    193.38645653779855,
                    309.97685299187395
                ],
                [
                    200.32070918492983,
                    309.03127308544697
                ]
            ],
            "group_id": null,
            "description": "",
            "shape_type": "polygon",
            "flags": {},
            "mask": null
        }
    ],
    "imagePath": "IMG001830.jpeg",
    "imageData": null,
    "imageHeight": 512,
    "imageWidth": 512
}