{
    "version": "5.4.1",
    "flags": {},
    "shapes": [
        {
            "label": "osteochondroma",
            "points": [
                [
                    379.3381381381381,
                    380.5405405405405
                ],
                [
                    412.9274197274197,
                    425.01085701085697
                ]
            ],
            "group_id": null,
            "description": "",
            "shape_type": "rectangle",
            "flags": {},
            "mask": null
        },
        {
            "label": "osteochondroma",
            "points": [
                [
                    379.37151104592965,
                    395.4510789859627
                ],
                [
                    393.6741858137206,
                    388.6573084712619
                ],
                [
                    399.1568778080406,
                    388.6573084712619
                ],
                [
                    407.2617268431222,
                    398.90755872151215
                ],
                [
                    409.1687501454943,
                    401.17214889307905
                ],
                [
                    411.31415136066295,
                    403.5559280210442
                ],
                [
                    411.4333403170612,
                    408.3234862769746
                ],
                [
                    410.1222617966804,
                    413.4486114020997
                ],
                [
                    408.69199431990126,
                    417.14346905044573
                ],
                [
                    402.9709244127849,
                    421.67264939357955
                ],
                [
                    401.89822380520053,
                    423.5796726959517
                ],
                [
                    399.27606676443884,
                    425.129129129129
                ],
                [
                    393.9125637265172,
                    425.0099401727308
                ],
                [
                    389.86013920897636,
                    419.5272481784109
                ],
                [
                    390.81365086016245,
                    414.40212305328583
                ],
                [
                    385.56933677863907,
                    408.68105314616935
                ]
            ],
            "group_id": null,
            "description": "",
            "shape_type": "polygon",
            "flags": {},
            "mask": null
        }
    ],
    "imagePath": "IMG001073.jpeg",
    "imageData": null,
    "imageHeight": 512,
    "imageWidth": 512
}