{
    "version": "5.4.1",
    "flags": {},
    "shapes": [
        {
            "label": "simple bone cyst",
            "points": [
                [
                    118.9451660605092,
                    304.7679948842972
                ],
                [
                    132.11810079533194,
                    327.1491946764718
                ]
            ],
            "group_id": null,
            "description": "",
            "shape_type": "rectangle",
            "flags": {},
            "mask": null
        },
        {
            "label": "simple bone cyst",
            "points": [
                [
                    122.73007562536358,
                    325.2123327515998
                ],
                [
                    121.98545666084934,
                    322.4200116346713
                ],
                [
                    120.93057979445415,
                    319.62769051774285
                ],
                [
                    119.93775450843515,
                    316.71126624006206
                ],
                [
                    119.93775450843515,
                    312.4917587744813
                ],
                [
                    120.49621873182083,
                    310.69226294357185
                ],
                [
                    121.6751987589684,
                    309.20302501454336
                ],
                [
                    121.05468295520652,
                    307.2794260228815
                ],
                [
                    122.23366298235409,
                    305.3558270312197
                ],
                [
                    125.7085514834206,
                    305.2937754508435
                ],
                [
                    129.67985262749664,
                    308.58250921078144
                ],
                [
                    131.41729687802987,
                    311.4368819080861
                ],
                [
                    131.789606360287,
                    316.9594725615668
                ],
                [
                    131.60345161915842,
                    322.79232111692846
                ],
                [
                    130.6726779135156,
                    325.0261780104712
                ],
                [
                    128.93523366298237,
                    326.5774675198759
                ],
                [
                    126.08086096567772,
                    326.70157068062827
                ],
                [
                    124.15726197401591,
                    325.5846422338569
                ]
            ],
            "group_id": null,
            "description": "",
            "shape_type": "polygon",
            "flags": {},
            "mask": null
        }
    ],
    "imagePath": "IMG000642.jpeg",
    "imageData": null,
    "imageHeight": 512,
    "imageWidth": 512
}