{
    "version": "5.4.1",
    "flags": {},
    "shapes": [
        {
            "label": "multiple osteochondromas",
            "points": [
                [
                    250.18715393134,
                    322.7887717270933
                ],
                [
                    303.4973758967692,
                    365.3136886706149
                ]
            ],
            "group_id": null,
            "description": "",
            "shape_type": "rectangle",
            "flags": {},
            "mask": null
        },
        {
            "label": "multiple osteochondromas",
            "points": [
                [
                    251.88198757763976,
                    330.8007126005104
                ],
                [
                    251.57383600558526,
                    336.80966825557323
                ],
                [
                    250.95753286147624,
                    343.4349270547451
                ],
                [
                    251.57383600558526,
                    348.98165535172615
                ],
                [
                    252.8064422938033,
                    355.9150657229525
                ],
                [
                    254.0390485820213,
                    359.92103615966107
                ],
                [
                    258.0450190187298,
                    361.92402137801537
                ],
                [
                    266.056959892147,
                    363.3107034522606
                ],
                [
                    276.22596176994557,
                    364.6973855265059
                ],
                [
                    282.54306899706296,
                    364.6973855265059
                ],
                [
                    298.56695074389717,
                    363.77293081034236
                ],
                [
                    302.5729211806057,
                    357.1476720111705
                ],
                [
                    301.49439067841496,
                    349.28980692378065
                ],
                [
                    294.0987529491069,
                    335.422986181328
                ],
                [
                    289.63055515431654,
                    327.5651210939381
                ],
                [
                    283.9297510713082,
                    323.4050748712023
                ],
                [
                    277.4585680581636,
                    324.02137801531126
                ],
                [
                    273.6066734074823,
                    326.0243632336656
                ],
                [
                    263.5917473157109,
                    326.79474216380186
                ]
            ],
            "group_id": null,
            "description": "",
            "shape_type": "polygon",
            "flags": {},
            "mask": null
        }
    ],
    "imagePath": "IMG000667.jpeg",
    "imageData": null,
    "imageHeight": 512,
    "imageWidth": 512
}