{
    "version": "5.4.1",
    "flags": {},
    "shapes": [
        {
            "label": "simple bone cyst",
            "points": [
                [
                    317.01904761904757,
                    305.14285714285717
                ],
                [
                    376.06666666666666,
                    392.3809523809524
                ]
            ],
            "group_id": null,
            "description": "",
            "shape_type": "rectangle",
            "flags": {},
            "mask": null
        },
        {
            "label": "simple bone cyst",
            "points": [
                [
                    334.66315789473686,
                    387.8496240601504
                ],
                [
                    354.23208020050123,
                    389.29323308270676
                ],
                [
                    357.76090225563905,
                    384.8020050125313
                ],
                [
                    366.90375939849616,
                    366.51629072681703
                ],
                [
                    372.9989974937343,
                    336.2005012531328
                ],
                [
                    366.42255639097743,
                    320.4812030075188
                ],
                [
                    359.20451127819547,
                    309.4135338345865
                ],
                [
                    355.99649122807017,
                    306.52631578947364
                ],
                [
                    339.79598997493736,
                    306.68671679197996
                ],
                [
                    332.5779448621554,
                    315.8295739348371
                ],
                [
                    321.83107769423555,
                    330.907268170426
                ],
                [
                    318.14185463659146,
                    338.125313283208
                ],
                [
                    318.3022556390978,
                    351.7593984962406
                ],
                [
                    321.1894736842105,
                    360.9022556390977
                ],
                [
                    325.19949874686716,
                    370.3659147869674
                ],
                [
                    329.3699248120301,
                    383.0375939849624
                ],
                [
                    333.05914786967423,
                    388.33082706766913
                ]
            ],
            "group_id": null,
            "description": "",
            "shape_type": "polygon",
            "flags": {},
            "mask": null
        }
    ],
    "imagePath": "IMG001506.jpeg",
    "imageData": null,
    "imageHeight": 512,
    "imageWidth": 512
}