{
    "version": "5.4.1",
    "flags": {},
    "shapes": [
        {
            "label": "osteochondroma",
            "points": [
                [
                    175.4864424643097,
                    324.9319727891156
                ],
                [
                    182.84487879658906,
                    336.58283031522467
                ]
            ],
            "group_id": null,
            "description": "",
            "shape_type": "rectangle",
            "flags": {},
            "mask": null
        },
        {
            "label": "osteochondroma",
            "points": [
                [
                    175.9302285016571,
                    332.29984301412867
                ],
                [
                    181.73521716378863,
                    326.27158555729983
                ],
                [
                    182.40502354788072,
                    327.0530263387406
                ],
                [
                    182.29338915053205,
                    329.0624454910169
                ],
                [
                    181.90266875981163,
                    331.6300366300366
                ],
                [
                    180.67469038897613,
                    333.8627245770103
                ],
                [
                    180.17233560090705,
                    334.81161695447406
                ],
                [
                    178.72108843537418,
                    335.98377812663523
                ],
                [
                    177.49311006453863,
                    336.03959532530956
                ],
                [
                    176.26513169370313,
                    334.9232513518228
                ],
                [
                    177.0465724751439,
                    333.58363858363856
                ],
                [
                    177.0465724751439,
                    332.8021978021978
                ]
            ],
            "group_id": null,
            "description": "",
            "shape_type": "polygon",
            "flags": {},
            "mask": null
        }
    ],
    "imagePath": "IMG000924.jpeg",
    "imageData": null,
    "imageHeight": 512,
    "imageWidth": 512
}