{
    "version": "5.4.1",
    "flags": {},
    "shapes": [
        {
            "label": "osteochondroma",
            "points": [
                [
                    209.1851145038168,
                    76.61068702290076
                ],
                [
                    226.74236641221376,
                    110.9618320610687
                ]
            ],
            "group_id": null,
            "description": "",
            "shape_type": "rectangle",
            "flags": {},
            "mask": null
        },
        {
            "label": "osteochondroma",
            "points": [
                [
                    263.0019083969466,
                    63.63358778625955
                ],
                [
                    290.4828244274809,
                    103.70992366412214
                ]
            ],
            "group_id": null,
            "description": "",
            "shape_type": "rectangle",
            "flags": {},
            "mask": null
        },
        {
            "label": "osteochondroma",
            "points": [
                [
                    247.35305343511453,
                    122.79389312977099
                ],
                [
                    280.55916030534354,
                    188.44274809160305
                ]
            ],
            "group_id": null,
            "description": "",
            "shape_type": "rectangle",
            "flags": {},
            "mask": null
        },
        {
            "label": "osteochondroma",
            "points": [
                [
                    208.80343511450383,
                    235.00763358778624
                ],
                [
                    256.62412587412587,
                    325.14335664335664
                ]
            ],
            "group_id": null,
            "description": "",
            "shape_type": "rectangle",
            "flags": {},
            "mask": null
        },
        {
            "label": "osteochondroma",
            "points": [
                [
                    210.4702797202797,
                    106.96153846153845
                ],
                [
                    209.9458041958042,
                    96.99650349650348
                ],
                [
                    211.1695804195804,
                    85.63286713286712
                ],
                [
                    213.09265734265733,
                    79.16433566433565
                ],
                [
                    217.11363636363635,
                    77.06643356643356
                ],
                [
                    223.93181818181816,
                    77.94055944055943
                ],
                [
                    223.93181818181816,
                    81.6118881118881
                ],
                [
                    224.2814685314685,
                    85.98251748251747
                ],
                [
                    224.63111888111885,
                    90.70279720279719
                ],
                [
                    225.1555944055944,
                    95.07342657342656
                ],
                [
                    225.8548951048951,
                    98.2202797202797
                ],
                [
                    226.20454545454544,
                    101.7167832167832
                ],
                [
                    225.8548951048951,
                    105.2132867132867
                ],
                [
                    224.63111888111885,
                    108.53496503496503
                ],
                [
                    218.16258741258738,
                    109.40909090909089
                ],
                [
                    212.91783216783216,
                    108.7097902097902
                ]
            ],
            "group_id": null,
            "description": "",
            "shape_type": "polygon",
            "flags": {},
            "mask": null
        },
        {
            "label": "osteochondroma",
            "points": [
                [
                    264.6660839160839,
                    101.19230769230768
                ],
                [
                    271.6590909090909,
                    74.26923076923076
                ],
                [
                    276.5541958041958,
                    66.75174825174824
                ],
                [
                    281.62412587412587,
                    65.70279720279719
                ],
                [
                    285.4702797202797,
                    66.22727272727272
                ],
                [
                    286.8688811188811,
                    73.2202797202797
                ],
                [
                    286.16958041958037,
                    78.8146853146853
                ],
                [
                    285.64510489510485,
                    83.53496503496503
                ],
                [
                    286.34440559440554,
                    89.65384615384615
                ],
                [
                    289.4912587412587,
                    99.6188811188811
                ],
                [
                    287.39335664335664,
                    101.7167832167832
                ],
                [
                    276.5541958041958,
                    102.76573426573425
                ],
                [
                    266.58916083916085,
                    101.89160839160839
                ]
            ],
            "group_id": null,
            "description": "",
            "shape_type": "polygon",
            "flags": {},
            "mask": null
        },
        {
            "label": "osteochondroma",
            "points": [
                [
                    249.2814685314685,
                    185.2832167832168
                ],
                [
                    249.2814685314685,
                    175.66783216783216
                ],
                [
                    249.98076923076923,
                    161.15734265734267
                ],
                [
                    255.40034965034963,
                    149.26923076923077
                ],
                [
                    262.39335664335664,
                    137.2062937062937
                ],
                [
                    262.91783216783216,
                    129.86363636363637
                ],
                [
                    266.2395104895105,
                    124.6188811188811
                ],
                [
                    277.42832167832165,
                    123.91958041958041
                ],
                [
                    277.2534965034965,
                    128.46503496503496
                ],
                [
                    275.6800699300699,
                    140.52797202797203
                ],
                [
                    275.8548951048951,
                    147.520979020979
                ],
                [
                    277.2534965034965,
                    154.51398601398603
                ],
                [
                    276.20454545454544,
                    165.7027972027972
                ],
                [
                    274.80594405594405,
                    174.26923076923077
                ],
                [
                    273.4073426573426,
                    185.10839160839163
                ],
                [
                    269.5611888111888,
                    187.2062937062937
                ]
            ],
            "group_id": null,
            "description": "",
            "shape_type": "polygon",
            "flags": {},
            "mask": null
        },
        {
            "label": "osteochondroma",
            "points": [
                [
                    210.99475524475523,
                    292.1013986013986
                ],
                [
                    218.8618881118881,
                    269.54895104895104
                ],
                [
                    226.90384615384613,
                    248.3951048951049
                ],
                [
                    233.89685314685312,
                    239.479020979021
                ],
                [
                    237.04370629370626,
                    237.03146853146853
                ],
                [
                    244.5611888111888,
                    236.15734265734267
                ],
                [
                    253.47727272727272,
                    241.22727272727275
                ],
                [
                    255.5751748251748,
                    243.67482517482517
                ],
                [
                    255.05069930069928,
                    253.2902097902098
                ],
                [
                    252.77797202797203,
                    268.3251748251748
                ],
                [
                    250.8548951048951,
                    274.6188811188811
                ],
                [
                    245.95979020979019,
                    283.53496503496507
                ],
                [
                    242.63811188811187,
                    292.2762237762238
                ],
                [
                    241.41433566433565,
                    299.96853146853147
                ],
                [
                    241.41433566433565,
                    306.0874125874126
                ],
                [
                    240.01573426573424,
                    313.95454545454544
                ],
                [
                    238.09265734265733,
                    318.6748251748252
                ],
                [
                    235.64510489510488,
                    317.9755244755245
                ],
                [
                    220.784965034965,
                    311.33216783216784
                ],
                [
                    210.12062937062936,
                    299.6188811188811
                ]
            ],
            "group_id": null,
            "description": "",
            "shape_type": "polygon",
            "flags": {},
            "mask": null
        }
    ],
    "imagePath": "IMG001677.jpeg",
    "imageData": null,
    "imageHeight": 512,
    "imageWidth": 512
}