{
    "version": "5.4.1",
    "flags": {},
    "shapes": [
        {
            "label": "osteochondroma",
            "points": [
                [
                    197.7146907009708,
                    288.92514241394986
                ],
                [
                    213.63295980316119,
                    298.852665079832
                ]
            ],
            "group_id": null,
            "description": "",
            "shape_type": "rectangle",
            "flags": {},
            "mask": null
        },
        {
            "label": "osteochondroma",
            "points": [
                [
                    212.87907525294673,
                    289.65108179128356
                ],
                [
                    211.95212116614135,
                    298.43507528053465
                ],
                [
                    210.14235366333082,
                    298.2143719265334
                ],
                [
                    208.6415708561221,
                    297.0667144857267
                ],
                [
                    207.2290693905139,
                    296.40460442372284
                ],
                [
                    206.16969329130774,
                    296.09561972812105
                ],
                [
                    204.88961383810027,
                    296.0073383865206
                ],
                [
                    203.9626597512949,
                    296.13976039892134
                ],
                [
                    202.68258029808746,
                    296.44874509452313
                ],
                [
                    201.31421950327953,
                    296.5811671069239
                ],
                [
                    199.76929602527053,
                    295.565931678518
                ],
                [
                    198.88648260926539,
                    294.5506962501121
                ],
                [
                    198.5774979136636,
                    292.16710002689825
                ],
                [
                    198.97476395086593,
                    291.7256933188957
                ],
                [
                    200.1224213916726,
                    291.5049899648944
                ],
                [
                    201.71148554048182,
                    291.63741197729513
                ],
                [
                    205.9048492665062,
                    291.37256795249357
                ],
                [
                    206.83180335331159,
                    291.37256795249357
                ],
                [
                    208.50914884372133,
                    291.5049899648944
                ],
                [
                    209.70094695532828,
                    291.5049899648944
                ],
                [
                    210.93688573773545,
                    291.37256795249357
                ],
                [
                    212.65837189894546,
                    290.3573325240877
                ]
            ],
            "group_id": null,
            "description": "",
            "shape_type": "polygon",
            "flags": {},
            "mask": null
        }
    ],
    "imagePath": "IMG000337.jpeg",
    "imageData": null,
    "imageHeight": 512,
    "imageWidth": 512
}