{
    "version": "5.4.1",
    "flags": {},
    "shapes": [
        {
            "label": "osteochondroma",
            "points": [
                [
                    230.42408944549618,
                    89.74753113387162
                ],
                [
                    244.78369442691564,
                    119.29517984563856
                ]
            ],
            "group_id": null,
            "description": "",
            "shape_type": "rectangle",
            "flags": {},
            "mask": null
        },
        {
            "label": "osteochondroma",
            "points": [
                [
                    231.11445506960288,
                    90.85211613244233
                ],
                [
                    242.16030505531015,
                    102.31218549261364
                ],
                [
                    239.53691568370468,
                    103.69291674082704
                ],
                [
                    239.53691568370468,
                    105.76401361314716
                ],
                [
                    240.6415006822754,
                    108.52547610957399
                ],
                [
                    241.46993943120344,
                    111.28693860600079
                ],
                [
                    242.0222319304888,
                    115.014912976177
                ],
                [
                    241.74608568084614,
                    117.91444859742516
                ],
                [
                    237.8800381858486,
                    118.0525217222465
                ],
                [
                    235.39472193906442,
                    110.3204267322514
                ],
                [
                    233.8759175660297,
                    107.14474486136058
                ],
                [
                    232.77133256745896,
                    103.69291674082704
                ],
                [
                    231.5286744440669,
                    101.75989299332828
                ],
                [
                    231.11445506960288,
                    98.99843049690145
                ]
            ],
            "group_id": null,
            "description": "",
            "shape_type": "polygon",
            "flags": {},
            "mask": null
        }
    ],
    "imagePath": "IMG000906.jpeg",
    "imageData": null,
    "imageHeight": 512,
    "imageWidth": 512
}