{
    "version": "5.4.1",
    "flags": {},
    "shapes": [
        {
            "label": "osteosarcoma",
            "points": [
                [
                    162.06253083306083,
                    149.56404130660118
                ],
                [
                    235.28363644426216,
                    320.1294849978105
                ]
            ],
            "group_id": null,
            "description": "",
            "shape_type": "rectangle",
            "flags": {},
            "mask": null
        },
        {
            "label": "osteosarcoma",
            "points": [
                [
                    171.42802108565635,
                    318.7104713231748
                ],
                [
                    171.14421835072918,
                    298.27667440842094
                ],
                [
                    171.42802108565635,
                    283.51893219220983
                ],
                [
                    171.14421835072918,
                    261.6661216028203
                ],
                [
                    171.14421835072918,
                    236.97528366415935
                ],
                [
                    169.15759920623924,
                    226.75838520678244
                ],
                [
                    165.7519663871136,
                    214.27106486998838
                ],
                [
                    163.48154450769653,
                    204.05416641261147
                ],
                [
                    164.04914997755077,
                    198.94571718392302
                ],
                [
                    171.71182382058348,
                    187.02600231698324
                ],
                [
                    177.67168125405337,
                    183.6203694978576
                ],
                [
                    184.76674962723175,
                    180.78234214858622
                ],
                [
                    188.73998791621167,
                    176.80910385960632
                ],
                [
                    175.1174566397091,
                    168.8626272816465
                ],
                [
                    182.21252501288754,
                    158.64572882426955
                ],
                [
                    199.24068910851577,
                    152.40206865587254
                ],
                [
                    207.47096842140272,
                    152.11826592094542
                ],
                [
                    221.09349969790532,
                    158.07812335441528
                ],
                [
                    225.6343434567395,
                    161.1999534386138
                ],
                [
                    226.2019489265938,
                    169.99783822135504
                ],
                [
                    226.2019489265938,
                    177.37670932946057
                ],
                [
                    231.8780036251365,
                    185.03938317249327
                ],
                [
                    233.86462276962646,
                    192.41825428059886
                ],
                [
                    233.01321456484504,
                    199.22951991885014
                ],
                [
                    226.4857516615209,
                    212.56824846042556
                ],
                [
                    223.93152704717667,
                    222.50134418287539
                ],
                [
                    223.93152704717667,
                    224.20416059243817
                ],
                [
                    228.18856807108375,
                    233.00204537517945
                ],
                [
                    229.32377901079226,
                    240.380916483285
                ],
                [
                    216.26885320414397,
                    248.8949985310991
                ],
                [
                    216.5526559390711,
                    254.57105322964185
                ],
                [
                    216.83645867399827,
                    261.9499243377474
                ],
                [
                    215.41744499936257,
                    271.3154145903429
                ],
                [
                    215.13364226443542,
                    278.1266802285942
                ],
                [
                    210.59279850560125,
                    289.19498689075255
                ],
                [
                    206.6195602166213,
                    298.8442798782752
                ],
                [
                    202.93012466256855,
                    306.5069537213079
                ],
                [
                    202.64632192764142,
                    310.1963892753607
                ],
                [
                    199.5244918434429,
                    316.4400494437577
                ],
                [
                    196.6864644941715,
                    319.8456822628834
                ]
            ],
            "group_id": null,
            "description": "",
            "shape_type": "polygon",
            "flags": {},
            "mask": null
        }
    ],
    "imagePath": "IMG000056.jpeg",
    "imageData": null,
    "imageHeight": 512,
    "imageWidth": 512
}