{
    "version": "5.4.1",
    "flags": {},
    "shapes": [
        {
            "label": "osteosarcoma",
            "points": [
                [
                    232.5832430480318,
                    232.05489346334417
                ],
                [
                    269.56410256410254,
                    310.87035030697
                ]
            ],
            "group_id": null,
            "description": "",
            "shape_type": "rectangle",
            "flags": {},
            "mask": null
        },
        {
            "label": "osteosarcoma",
            "points": [
                [
                    239.97941495124593,
                    310.17695919104375
                ],
                [
                    236.9747201155652,
                    310.17695919104375
                ],
                [
                    235.819068255688,
                    309.59913326110507
                ],
                [
                    235.819068255688,
                    306.82556879739974
                ],
                [
                    237.32141567352838,
                    303.5897435897436
                ],
                [
                    237.0902853015529,
                    300.5850487540628
                ],
                [
                    232.58324304803182,
                    300.00722282412426
                ],
                [
                    233.97002527988445,
                    294.69122426868904
                ],
                [
                    236.5124593716143,
                    287.06392199349943
                ],
                [
                    238.708197905381,
                    276.66305525460456
                ],
                [
                    245.98880462260746,
                    257.59479956663057
                ],
                [
                    251.88262910798124,
                    243.95810762007946
                ],
                [
                    256.0429758035392,
                    235.75297941495126
                ],
                [
                    259.27880101119536,
                    232.74828457927052
                ],
                [
                    259.50993138317085,
                    232.2860238353196
                ],
                [
                    262.9768869628025,
                    238.29541350668111
                ],
                [
                    265.2881906825569,
                    240.14445648248463
                ],
                [
                    265.5193210545323,
                    242.45576020223908
                ],
                [
                    265.17262549656914,
                    245.92271578187072
                ],
                [
                    266.21271217045864,
                    248.5807150595883
                ],
                [
                    267.1372336583604,
                    251.00758396533044
                ],
                [
                    266.79053810039727,
                    254.47453954496208
                ],
                [
                    266.21271217045864,
                    257.825929938606
                ],
                [
                    267.8306247742868,
                    264.5287107258938
                ],
                [
                    268.1773203322499,
                    269.49801372336583
                ],
                [
                    261.70566991693755,
                    285.2148790176959
                ],
                [
                    258.58540989526904,
                    293.65113759479954
                ],
                [
                    256.0429758035392,
                    298.7360057782593
                ],
                [
                    252.34488985193212,
                    303.82087396171903
                ],
                [
                    248.87793427230048,
                    309.3680028891296
                ],
                [
                    243.56193571686532,
                    310.17695919104375
                ]
            ],
            "group_id": null,
            "description": "",
            "shape_type": "polygon",
            "flags": {},
            "mask": null
        }
    ],
    "imagePath": "IMG000034.jpeg",
    "imageData": null,
    "imageHeight": 512,
    "imageWidth": 512
}