{
    "version": "5.4.1",
    "flags": {},
    "shapes": [
        {
            "label": "osteochondroma",
            "points": [
                [
                    314.8462221918463,
                    371.27567235075
                ],
                [
                    324.29433072480606,
                    387.7223797970133
                ]
            ],
            "group_id": null,
            "description": "",
            "shape_type": "rectangle",
            "flags": {},
            "mask": null
        },
        {
            "label": "osteochondroma",
            "points": [
                [
                    322.97007506780795,
                    371.97997624059167
                ],
                [
                    315.55782094716864,
                    380.9182826801861
                ],
                [
                    316.86586579198735,
                    381.64497426064094
                ],
                [
                    316.86586579198735,
                    383.09835742155065
                ],
                [
                    316.1391742115325,
                    384.18839479223294
                ],
                [
                    315.55782094716864,
                    385.4237704790061
                ],
                [
                    316.06650505348705,
                    386.73181532382483
                ],
                [
                    317.81056484657864,
                    386.73181532382483
                ],
                [
                    319.55462463967024,
                    384.84241721464224
                ],
                [
                    320.9353386425344,
                    381.2089593123681
                ],
                [
                    321.8800376971257,
                    379.0288845710036
                ],
                [
                    322.60672927758054,
                    376.92147898768457
                ],
                [
                    323.33342085803537,
                    374.0873818239107
                ]
            ],
            "group_id": null,
            "description": "",
            "shape_type": "polygon",
            "flags": {},
            "mask": null
        }
    ],
    "imagePath": "IMG000357.jpeg",
    "imageData": null,
    "imageHeight": 512,
    "imageWidth": 512
}