{
    "version": "5.4.1",
    "flags": {},
    "shapes": [
        {
            "label": "multiple osteochondromas",
            "points": [
                [
                    119.92993323386241,
                    95.49601362451206
                ],
                [
                    272.3315549125108,
                    252.5275579870688
                ]
            ],
            "group_id": null,
            "description": "",
            "shape_type": "rectangle",
            "flags": {},
            "mask": null
        },
        {
            "label": "multiple osteochondromas",
            "points": [
                [
                    142.34647556178504,
                    268.7322873807479
                ],
                [
                    246.09532637036375,
                    360.17326038793686
                ]
            ],
            "group_id": null,
            "description": "",
            "shape_type": "rectangle",
            "flags": {},
            "mask": null
        },
        {
            "label": "multiple osteochondromas",
            "points": [
                [
                    250.33942216394632,
                    288.64095492155354
                ],
                [
                    297.56463353981104,
                    419.89926301035393
                ]
            ],
            "group_id": null,
            "description": "",
            "shape_type": "rectangle",
            "flags": {},
            "mask": null
        },
        {
            "label": "multiple osteochondromas",
            "points": [
                [
                    237.60713478319852,
                    98.5826287471176
                ],
                [
                    216.7724827056111,
                    103.98420521167728
                ],
                [
                    200.95358020225774,
                    106.29916655363142
                ],
                [
                    195.93783062802376,
                    110.15743545688835
                ],
                [
                    182.43388946662452,
                    119.41728082470497
                ],
                [
                    175.48900544076207,
                    122.8897228376362
                ],
                [
                    170.85908275685375,
                    124.04720350861328
                ],
                [
                    163.5283718406656,
                    124.81885728926466
                ],
                [
                    149.25277689861502,
                    124.81885728926466
                ],
                [
                    141.53623909210117,
                    124.81885728926466
                ],
                [
                    140.76458531144976,
                    130.60626064415004
                ],
                [
                    140.76458531144976,
                    137.93697156033818
                ],
                [
                    144.6228542147067,
                    144.49602869587494
                ],
                [
                    146.16616177600946,
                    152.2125665023888
                ],
                [
                    144.23702732438102,
                    159.15745052825125
                ],
                [
                    139.99293153079836,
                    166.8739883347651
                ],
                [
                    135.36300884689007,
                    177.67714126388447
                ],
                [
                    134.59135506623872,
                    186.55115974137541
                ],
                [
                    132.66222061461022,
                    193.49604376723786
                ],
                [
                    130.34725927265606,
                    198.12596645114618
                ],
                [
                    128.03229793070193,
                    203.5275429157059
                ],
                [
                    127.64647104037621,
                    206.6141580383114
                ],
                [
                    126.87481725972486,
                    213.55904206417387
                ],
                [
                    125.33150969842207,
                    225.905502554596
                ],
                [
                    124.5598559177707,
                    230.53542523850436
                ],
                [
                    123.78820213711931,
                    238.25196304501816
                ],
                [
                    126.48899036939916,
                    242.1102319482751
                ],
                [
                    125.33150969842207,
                    247.1259815225091
                ],
                [
                    143.07954665340392,
                    247.89763530316046
                ],
                [
                    164.68585251164268,
                    246.7401546321834
                ],
                [
                    195.93783062802376,
                    250.5984235354403
                ],
                [
                    224.48902051212497,
                    250.5984235354403
                ],
                [
                    251.8827297252491,
                    247.5118084128348
                ],
                [
                    261.5284019833914,
                    245.5826739612063
                ],
                [
                    268.4732860092539,
                    216.2598302964537
                ],
                [
                    268.0874591189282,
                    198.51179334147187
                ],
                [
                    268.8591128995796,
                    170.73225723802202
                ],
                [
                    270.0165935705566,
                    151.8267396120631
                ],
                [
                    270.0165935705566,
                    134.46452954740695
                ],
                [
                    266.5441515576254,
                    147.96847070880617
                ],
                [
                    263.4575364350199,
                    148.35429759913188
                ]
            ],
            "group_id": null,
            "description": "",
            "shape_type": "polygon",
            "flags": {},
            "mask": null
        },
        {
            "label": "multiple osteochondromas",
            "points": [
                [
                    148.8669500082893,
                    330.4645898328586
                ],
                [
                    146.16616177600946,
                    308.47245708429415
                ],
                [
                    148.0952962276379,
                    286.8661512260554
                ],
                [
                    199.02444575062927,
                    269.88976805172496
                ],
                [
                    222.9457129508222,
                    269.88976805172496
                ],
                [
                    240.69374990580403,
                    271.8189025033534
                ],
                [
                    244.93784569938663,
                    281.8504016518214
                ],
                [
                    244.93784569938663,
                    294.5826890325692
                ],
                [
                    244.1661919187353,
                    315.8031680004823
                ],
                [
                    232.20555831863882,
                    320.0472637940649
                ],
                [
                    234.9063465509186,
                    336.63782007806964
                ],
                [
                    234.13469277026732,
                    346.66931922653765
                ],
                [
                    229.89059697668466,
                    356.31499148468
                ],
                [
                    219.47327093789096,
                    353.22837636207447
                ],
                [
                    213.30004069267991,
                    350.9134150201203
                ],
                [
                    207.1268104474688,
                    354.0000301427258
                ],
                [
                    202.1110608732348,
                    357.47247215565704
                ],
                [
                    191.30790794411547,
                    355.5433377040286
                ],
                [
                    181.27640879564746,
                    340.8819158716523
                ],
                [
                    171.63073653750516,
                    331.23624361351
                ],
                [
                    165.45750629229406,
                    330.4645898328586
                ],
                [
                    154.65435336317466,
                    332.39372428448706
                ]
            ],
            "group_id": null,
            "description": "",
            "shape_type": "polygon",
            "flags": {},
            "mask": null
        },
        {
            "label": "multiple osteochondromas",
            "points": [
                [
                    252.42288737170503,
                    322.2078943798888
                ],
                [
                    251.265406700728,
                    305.54017271781885
                ],
                [
                    260.52525206854455,
                    295.8173350816114
                ],
                [
                    267.2386399602116,
                    292.1133969344848
                ],
                [
                    271.6370665099245,
                    289.7984355925306
                ],
                [
                    282.98037708549987,
                    289.7984355925306
                ],
                [
                    295.4811683320523,
                    301.141746168106
                ],
                [
                    296.17565673463855,
                    313.6425374146584
                ],
                [
                    295.0181760636615,
                    326.3748247954062
                ],
                [
                    294.786679929466,
                    334.014197223855
                ],
                [
                    291.77723018492566,
                    342.57955418908534
                ],
                [
                    296.87014513722477,
                    351.1449111543157
                ],
                [
                    297.7961296740064,
                    357.3953067775919
                ],
                [
                    290.85124564814396,
                    358.7842835827644
                ],
                [
                    288.5362843061898,
                    362.95121399828184
                ],
                [
                    284.13785775647693,
                    371.74806709770763
                ],
                [
                    282.98037708549987,
                    385.63783514943253
                ],
                [
                    283.4433693538907,
                    395.36067278564
                ],
                [
                    286.2213229642357,
                    407.8614640321924
                ],
                [
                    284.83234615906315,
                    415.7323325948365
                ],
                [
                    277.6559659990053,
                    417.8157978025952
                ],
                [
                    264.6921824840621,
                    407.8614640321924
                ],
                [
                    261.9142288737171,
                    396.28665732242166
                ],
                [
                    263.534701813085,
                    379.6189356603518
                ],
                [
                    264.2291902156712,
                    359.0157797169598
                ],
                [
                    259.1362752633721,
                    357.16381064339646
                ],
                [
                    257.2843061898088,
                    356.70081837500567
                ]
            ],
            "group_id": null,
            "description": "",
            "shape_type": "polygon",
            "flags": {},
            "mask": null
        }
    ],
    "imagePath": "IMG000400.jpeg",
    "imageData": null,
    "imageHeight": 512,
    "imageWidth": 512
}