{
    "version": "5.4.1",
    "flags": {},
    "shapes": [
        {
            "label": "giant cell tumor",
            "points": [
                [
                    253.2141147105236,
                    182.63441795719504
                ],
                [
                    305.1320569052519,
                    259.2825042150927
                ]
            ],
            "group_id": null,
            "description": "",
            "shape_type": "rectangle",
            "flags": {},
            "mask": null
        },
        {
            "label": "giant cell tumor",
            "points": [
                [
                    264.8879715353737,
                    253.59917918194193
                ],
                [
                    260.74068029496647,
                    245.91901021822477
                ],
                [
                    256.1325789167361,
                    230.0978621529673
                ],
                [
                    253.82852822762098,
                    219.65283236231195
                ],
                [
                    255.21095864109006,
                    210.4366296058513
                ],
                [
                    256.5933890545591,
                    198.14835926390379
                ],
                [
                    260.1262667778691,
                    188.31774299034578
                ],
                [
                    263.5055411219046,
                    184.78486526703585
                ],
                [
                    270.1104864307014,
                    183.86324499138976
                ],
                [
                    286.85325477160495,
                    184.6312618877615
                ],
                [
                    297.29828456226033,
                    186.47450243905362
                ],
                [
                    303.4424197332341,
                    192.61863761002738
                ],
                [
                    304.51764338815445,
                    200.75961671156762
                ],
                [
                    302.9816095954111,
                    218.27040194884282
                ],
                [
                    302.8280062161367,
                    231.7874993249851
                ],
                [
                    302.059989319765,
                    240.3892885643484
                ],
                [
                    299.14152511355246,
                    251.14152511355246
                ],
                [
                    292.38297642548133,
                    256.2104366296058
                ],
                [
                    283.1667736690207,
                    258.36088393944664
                ],
                [
                    276.2546216016752,
                    257.9000738016236
                ]
            ],
            "group_id": null,
            "description": "",
            "shape_type": "polygon",
            "flags": {},
            "mask": null
        }
    ],
    "imagePath": "IMG001541.jpeg",
    "imageData": null,
    "imageHeight": 512,
    "imageWidth": 512
}