{
    "version": "5.4.1",
    "flags": {},
    "shapes": [
        {
            "label": "multiple osteochondromas",
            "points": [
                [
                    298.7496274217586,
                    49.502235469448586
                ],
                [
                    334.0402384500745,
                    185.8956780923994
                ]
            ],
            "group_id": null,
            "description": "",
            "shape_type": "rectangle",
            "flags": {},
            "mask": null
        },
        {
            "label": "multiple osteochondromas",
            "points": [
                [
                    175.11803278688527,
                    139.12131147540984
                ],
                [
                    196.69299552906114,
                    220.04172876304025
                ]
            ],
            "group_id": null,
            "description": "",
            "shape_type": "rectangle",
            "flags": {},
            "mask": null
        },
        {
            "label": "multiple osteochondromas",
            "points": [
                [
                    153.89461358313818,
                    367.6869381279746
                ],
                [
                    205.1448968799577,
                    451.210395104631
                ]
            ],
            "group_id": null,
            "description": "",
            "shape_type": "rectangle",
            "flags": {},
            "mask": null
        },
        {
            "label": "multiple osteochondromas",
            "points": [
                [
                    293.74839629365647,
                    337.3494891898313
                ],
                [
                    317.0066189486647,
                    398.9077195412915
                ]
            ],
            "group_id": null,
            "description": "",
            "shape_type": "rectangle",
            "flags": {},
            "mask": null
        },
        {
            "label": "multiple osteochondromas",
            "points": [
                [
                    196.06298533218293,
                    140.12079378774803
                ],
                [
                    187.08973252804142,
                    219.26948518838077
                ],
                [
                    182.94823123382227,
                    216.7385677308024
                ],
                [
                    178.2655737704918,
                    209.8360655737705
                ],
                [
                    178.58032786885246,
                    201.86229508196723
                ],
                [
                    176.73597929249357,
                    194.65056082830026
                ],
                [
                    178.34656312913435,
                    181.5358067299396
                ],
                [
                    179.20983606557377,
                    156.11803278688527
                ],
                [
                    182.0278976128847,
                    150.47454702329594
                ],
                [
                    186.85964912280704,
                    144.0322116767328
                ],
                [
                    191.92148403796378,
                    140.35087719298247
                ]
            ],
            "group_id": null,
            "description": "",
            "shape_type": "polygon",
            "flags": {},
            "mask": null
        },
        {
            "label": "multiple osteochondromas",
            "points": [
                [
                    299.8306010928962,
                    93.87402933563416
                ],
                [
                    304.66235260281854,
                    92.03336209375898
                ],
                [
                    306.5030198446937,
                    82.83002588438308
                ],
                [
                    306.0428530342249,
                    71.55593902789761
                ],
                [
                    305.5826862237561,
                    60.05176876617774
                ],
                [
                    308.3436870865689,
                    52.45901639344262
                ],
                [
                    311.1046879493817,
                    50.158182341098644
                ],
                [
                    319.15760713258555,
                    51.76876617773943
                ],
                [
                    324.9096922634455,
                    56.14035087719298
                ],
                [
                    326.7503595053207,
                    63.2729364394593
                ],
                [
                    327.2105263157895,
                    75.46735691688237
                ],
                [
                    325.13977566867993,
                    82.5999424791487
                ],
                [
                    321.45844118492954,
                    92.26344549899338
                ],
                [
                    323.7592752372735,
                    98.47569744032212
                ],
                [
                    322.3787748058671,
                    106.98878343399481
                ],
                [
                    320.53810756399196,
                    111.82053494391717
                ],
                [
                    320.53810756399196,
                    117.1124532643083
                ],
                [
                    320.0779407535232,
                    123.09462180040263
                ],
                [
                    319.15760713258555,
                    128.61662352602818
                ],
                [
                    318.9275237273512,
                    131.60770779407534
                ],
                [
                    318.9275237273512,
                    134.1386252516537
                ],
                [
                    320.0779407535232,
                    133.44837503595053
                ],
                [
                    322.3787748058671,
                    131.83779119930975
                ],
                [
                    327.2105263157895,
                    136.2093758987633
                ],
                [
                    329.51136036813347,
                    141.27121081392005
                ],
                [
                    331.81219442047745,
                    148.40379637618636
                ],
                [
                    332.04227782571184,
                    154.6160483175151
                ],
                [
                    332.73252804141504,
                    160.82830025884383
                ],
                [
                    333.1926948518838,
                    166.12021857923497
                ],
                [
                    333.1926948518838,
                    177.85447224618923
                ],
                [
                    332.04227782571184,
                    184.98705780845555
                ],
                [
                    329.74144377336785,
                    185.21714121368996
                ]
            ],
            "group_id": null,
            "description": "",
            "shape_type": "polygon",
            "flags": {},
            "mask": null
        },
        {
            "label": "multiple osteochondromas",
            "points": [
                [
                    156.3439097479288,
                    406.96069099242027
                ],
                [
                    155.07473999647453,
                    397.2303895646043
                ],
                [
                    155.07473999647453,
                    388.3462013044245
                ],
                [
                    157.75409836065575,
                    377.487748986427
                ],
                [
                    168.89458840119866,
                    369.4496738938833
                ],
                [
                    176.5096069099242,
                    369.4496738938833
                ],
                [
                    192.30371937246608,
                    369.7317116164287
                ],
                [
                    200.62383218755508,
                    372.69310770315536
                ],
                [
                    204.14930371937248,
                    380.59016393442624
                ],
                [
                    204.71337916446325,
                    388.3462013044245
                ],
                [
                    204.29032258064515,
                    394.97408778424114
                ],
                [
                    203.02115282919092,
                    401.31993654151245
                ],
                [
                    202.8801339679182,
                    412.4604265820554
                ],
                [
                    201.61096421646397,
                    419.65238850696284
                ],
                [
                    199.63670015864622,
                    425.29314295787066
                ],
                [
                    199.21364357482813,
                    428.6775956284153
                ],
                [
                    196.53428521064694,
                    437.2797461660497
                ],
                [
                    192.02168164992068,
                    445.7408778424114
                ],
                [
                    187.79111581173981,
                    450.6765379869558
                ],
                [
                    181.72730477701393,
                    450.6765379869558
                ],
                [
                    175.94553146483344,
                    449.8304248193196
                ],
                [
                    173.12515423937953,
                    446.4459721487749
                ],
                [
                    168.89458840119866,
                    433.33121805041424
                ],
                [
                    168.4715318173806,
                    428.818614489688
                ],
                [
                    163.53587167283624,
                    419.79340736823553
                ],
                [
                    160.85651330865505,
                    413.7295963335096
                ]
            ],
            "group_id": null,
            "description": "",
            "shape_type": "polygon",
            "flags": {},
            "mask": null
        },
        {
            "label": "multiple osteochondromas",
            "points": [
                [
                    311.6063112292621,
                    338.06921675774134
                ],
                [
                    304.5075810051566,
                    340.5378280612638
                ],
                [
                    301.1211421534673,
                    348.23427999692143
                ],
                [
                    299.82813822827677,
                    351.3744323866698
                ],
                [
                    298.16570461017477,
                    358.39359655198956
                ],
                [
                    296.6264142230432,
                    367.3830524128377
                ],
                [
                    296.0106980681906,
                    371.26206418840917
                ],
                [
                    295.45655352882324,
                    374.95636111752486
                ],
                [
                    294.8408373739706,
                    379.6358038944047
                ],
                [
                    294.7792657584854,
                    383.699530516432
                ],
                [
                    294.90240898945586,
                    385.4235357500193
                ],
                [
                    294.9639806049412,
                    386.9012545216656
                ],
                [
                    295.0255522204264,
                    388.37897329331184
                ],
                [
                    295.1486954513969,
                    392.5658431463096
                ],
                [
                    295.641268375279,
                    396.81428461479265
                ],
                [
                    298.22727622566,
                    398.2920033864389
                ],
                [
                    301.60286516024223,
                    396.27824545857334
                ],
                [
                    305.1473932949343,
                    395.25427066410674
                ],
                [
                    308.06178309457,
                    389.5042583567174
                ],
                [
                    311.7638458130262,
                    383.04534042238964
                ],
                [
                    314.3631664451337,
                    369.73366809432383
                ],
                [
                    314.91453748830804,
                    365.0076305814011
                ],
                [
                    314.91453748830804,
                    361.2268005710629
                ],
                [
                    315.0720720720721,
                    356.3432284743761
                ],
                [
                    316.0172795746567,
                    351.22335450204304
                ],
                [
                    316.48988332594894,
                    344.0555309407768
                ],
                [
                    315.54467582336434,
                    340.51100280608483
                ],
                [
                    312.3939841480825,
                    337.99044946585934
                ]
            ],
            "group_id": null,
            "description": "",
            "shape_type": "polygon",
            "flags": {},
            "mask": null
        }
    ],
    "imagePath": "IMG000298.jpeg",
    "imageData": null,
    "imageHeight": 512,
    "imageWidth": 512
}