{
    "version": "5.4.1",
    "flags": {},
    "shapes": [
        {
            "label": "osteochondroma",
            "points": [
                [
                    315.2956252447229,
                    267.40301854554514
                ],
                [
                    334.65987968533085,
                    323.2176342861211
                ]
            ],
            "group_id": null,
            "description": "",
            "shape_type": "rectangle",
            "flags": {},
            "mask": null
        },
        {
            "label": "osteochondroma",
            "points": [
                [
                    316.50225789465287,
                    294.8097624024638
                ],
                [
                    320.75061034961465,
                    279.9405288100975
                ],
                [
                    325.3257591472658,
                    271.934018414208
                ],
                [
                    332.51527868643194,
                    269.64644401538243
                ],
                [
                    333.3322695431553,
                    279.4503342960635
                ],
                [
                    333.005473200466,
                    285.9862611498508
                ],
                [
                    332.1884823437425,
                    300.5286983995277
                ],
                [
                    332.3518805150872,
                    306.7378289106257
                ],
                [
                    332.3518805150872,
                    311.31297770827683
                ],
                [
                    330.06430611626166,
                    317.6855063907195
                ],
                [
                    329.41071343088294,
                    318.6658954187876
                ],
                [
                    326.30614817533393,
                    321.7704606743366
                ],
                [
                    320.2604158355806,
                    320.2998771322344
                ],
                [
                    317.48264692272096,
                    315.88812650592797
                ],
                [
                    316.50225789465287,
                    311.9665703936556
                ],
                [
                    318.62643412213373,
                    308.3718106240725
                ],
                [
                    319.93361949289124,
                    303.1430691410426
                ],
                [
                    320.0970176642359,
                    300.85549474221705
                ],
                [
                    316.1754615519635,
                    301.6724855989405
                ]
            ],
            "group_id": null,
            "description": "",
            "shape_type": "polygon",
            "flags": {},
            "mask": null
        }
    ],
    "imagePath": "IMG000889.jpeg",
    "imageData": null,
    "imageHeight": 512,
    "imageWidth": 512
}