{
    "version": "5.4.1",
    "flags": {},
    "shapes": [
        {
            "label": "osteochondroma",
            "points": [
                [
                    301.8804395207961,
                    363.4494265486194
                ],
                [
                    323.23718189607234,
                    425.4032197453666
                ]
            ],
            "group_id": null,
            "description": "",
            "shape_type": "rectangle",
            "flags": {},
            "mask": null
        },
        {
            "label": "osteochondroma",
            "points": [
                [
                    303.72286750079945,
                    395.9984884285887
                ],
                [
                    322.326823333015,
                    368.6772504349921
                ],
                [
                    322.326823333015,
                    379.8396239343214
                ],
                [
                    321.4763567806852,
                    393.12816381447544
                ],
                [
                    321.0511235045202,
                    399.29404631886683
                ],
                [
                    321.68897341876766,
                    408.22394511833033
                ],
                [
                    321.1574318235614,
                    414.0709026655981
                ],
                [
                    319.9880403141079,
                    419.2800102986185
                ],
                [
                    314.4600077239638,
                    422.3629515508142
                ],
                [
                    312.6527663002629,
                    423.8512680173914
                ],
                [
                    308.8256668147786,
                    423.00080146506156
                ],
                [
                    306.6995004339539,
                    419.9178602128659
                ],
                [
                    306.0616505197065,
                    416.5159940035464
                ],
                [
                    306.48688379587145,
                    411.83842796573225
                ],
                [
                    308.5067418576549,
                    405.88516209942327
                ],
                [
                    307.97520026244865,
                    403.01483748531
                ],
                [
                    305.9553422006653,
                    400.3571295092792
                ]
            ],
            "group_id": null,
            "description": "",
            "shape_type": "polygon",
            "flags": {},
            "mask": null
        }
    ],
    "imagePath": "IMG001065.jpeg",
    "imageData": null,
    "imageHeight": 512,
    "imageWidth": 512
}