{
    "version": "5.4.1",
    "flags": {},
    "shapes": [
        {
            "label": "osteosarcoma",
            "points": [
                [
                    120.5838191552647,
                    164.62581796549674
                ],
                [
                    320.8455681142177,
                    366.02974419988107
                ]
            ],
            "group_id": null,
            "description": "",
            "shape_type": "rectangle",
            "flags": {},
            "mask": null
        },
        {
            "label": "osteosarcoma",
            "points": [
                [
                    183.0,
                    166.4
                ],
                [
                    196.11219512195123,
                    166.4
                ],
                [
                    203.60487804878048,
                    166.4
                ],
                [
                    217.02926829268293,
                    166.4
                ],
                [
                    227.33170731707318,
                    168.58536585365854
                ],
                [
                    242.00487804878048,
                    172.95609756097562
                ],
                [
                    274.47317073170734,
                    180.13658536585365
                ],
                [
                    316.30731707317074,
                    205.73658536585367
                ],
                [
                    320.0536585365854,
                    219.4731707317073
                ],
                [
                    318.8048780487805,
                    344.35121951219514
                ],
                [
                    307.8780487804878,
                    362.1463414634146
                ],
                [
                    237.00975609756097,
                    363.0829268292683
                ],
                [
                    144.28780487804877,
                    361.20975609756096
                ],
                [
                    121.80975609756098,
                    277.8536585365854
                ],
                [
                    120.87317073170732,
                    264.74146341463415
                ],
                [
                    123.6829268292683,
                    222.2829268292683
                ],
                [
                    133.98536585365855,
                    193.87317073170732
                ],
                [
                    145.84878048780487,
                    172.01951219512196
                ],
                [
                    153.65365853658537,
                    169.20975609756098
                ]
            ],
            "group_id": null,
            "description": "",
            "shape_type": "polygon",
            "flags": {},
            "mask": null
        }
    ],
    "imagePath": "IMG000124.jpeg",
    "imageData": null,
    "imageHeight": 512,
    "imageWidth": 512
}