{
    "version": "5.4.1",
    "flags": {},
    "shapes": [
        {
            "label": "osteochondroma",
            "points": [
                [
                    230.9869625950644,
                    109.11190439236381
                ],
                [
                    267.02814423922604,
                    159.0900029316916
                ]
            ],
            "group_id": null,
            "description": "",
            "shape_type": "rectangle",
            "flags": {},
            "mask": null
        },
        {
            "label": "osteochondroma",
            "points": [
                [
                    254.57845724041593,
                    114.2027006053081
                ],
                [
                    259.29675616948623,
                    119.91432562470901
                ],
                [
                    262.1525686791867,
                    123.39096694086608
                ],
                [
                    264.01505509855656,
                    130.96507837963682
                ],
                [
                    264.76004966630455,
                    137.79419525065964
                ],
                [
                    265.2567127114698,
                    142.8849914636039
                ],
                [
                    265.50504423405243,
                    149.83827409591805
                ],
                [
                    265.2567127114698,
                    153.1907496507838
                ],
                [
                    262.64923172435203,
                    155.7982306379016
                ],
                [
                    257.4342697501164,
                    157.4123855346888
                ],
                [
                    253.3367996275027,
                    157.7848828185628
                ],
                [
                    248.49433493714105,
                    157.2882197733975
                ],
                [
                    242.53437839515752,
                    148.34828496042218
                ],
                [
                    239.43023436287444,
                    144.62331212168246
                ],
                [
                    236.2019245693,
                    142.26416265714732
                ],
                [
                    234.09110662734747,
                    140.6500077603601
                ],
                [
                    232.72528325314295,
                    137.67002948936832
                ],
                [
                    231.48362564022966,
                    132.08257023125873
                ],
                [
                    231.48362564022966,
                    126.49511097314918
                ],
                [
                    233.47027782089086,
                    118.30017072792178
                ],
                [
                    234.46360391122147,
                    114.57519788918208
                ],
                [
                    237.56774794350454,
                    110.72605928915104
                ],
                [
                    243.65187024677945,
                    110.10523048269441
                ],
                [
                    251.3501474468415,
                    112.34021418593824
                ]
            ],
            "group_id": null,
            "description": "",
            "shape_type": "polygon",
            "flags": {},
            "mask": null
        }
    ],
    "imagePath": "IMG000316.jpeg",
    "imageData": null,
    "imageHeight": 512,
    "imageWidth": 512
}