{
    "version": "5.4.1",
    "flags": {},
    "shapes": [
        {
            "label": "other bt",
            "points": [
                [
                    263.6965189466923,
                    11.673731535003212
                ],
                [
                    281.20711624919716,
                    46.037251123956324
                ]
            ],
            "group_id": null,
            "description": "",
            "shape_type": "rectangle",
            "flags": {},
            "mask": null
        },
        {
            "label": "other bt",
            "points": [
                [
                    308.2540012845215,
                    69.22029543994861
                ],
                [
                    319.43447655748236,
                    95.19845857418112
                ]
            ],
            "group_id": null,
            "description": "",
            "shape_type": "rectangle",
            "flags": {},
            "mask": null
        },
        {
            "label": "other bt",
            "points": [
                [
                    280.4726368159204,
                    12.258706467661693
                ],
                [
                    269.40796019900495,
                    45.05472636815921
                ],
                [
                    267.2587064676617,
                    45.134328358208954
                ],
                [
                    265.1890547263681,
                    40.915422885572134
                ],
                [
                    264.6318407960199,
                    35.50248756218905
                ],
                [
                    264.7910447761194,
                    27.940298507462686
                ],
                [
                    266.94029850746267,
                    20.457711442786067
                ],
                [
                    270.1243781094528,
                    15.283582089552239
                ],
                [
                    274.820895522388,
                    12.81592039800995
                ]
            ],
            "group_id": null,
            "description": "",
            "shape_type": "polygon",
            "flags": {},
            "mask": null
        },
        {
            "label": "other bt",
            "points": [
                [
                    315.8172639691715,
                    70.37122671804752
                ],
                [
                    309.0760950545922,
                    94.37636480411047
                ],
                [
                    312.1178420038536,
                    93.22543352601156
                ],
                [
                    314.0908670520231,
                    90.01926782273603
                ],
                [
                    316.14610147719975,
                    84.59344894026975
                ],
                [
                    317.62587026332693,
                    79.16763005780346
                ],
                [
                    318.53017341040464,
                    73.98843930635839
                ],
                [
                    318.53017341040464,
                    70.7000642260758
                ],
                [
                    316.9681952472704,
                    69.87797045600513
                ]
            ],
            "group_id": null,
            "description": "",
            "shape_type": "polygon",
            "flags": {},
            "mask": null
        }
    ],
    "imagePath": "IMG001753.jpeg",
    "imageData": null,
    "imageHeight": 512,
    "imageWidth": 512
}