{
    "version": "5.4.1",
    "flags": {},
    "shapes": [
        {
            "label": "osteosarcoma",
            "points": [
                [
                    116.26954177897575,
                    134.01617250673854
                ],
                [
                    180.78706199460916,
                    215.78436657681937
                ]
            ],
            "group_id": null,
            "description": "",
            "shape_type": "rectangle",
            "flags": {},
            "mask": null
        },
        {
            "label": "osteosarcoma",
            "points": [
                [
                    123.61206585746906,
                    207.5990866482394
                ],
                [
                    118.8049513279654,
                    189.71662059848578
                ],
                [
                    118.61266674678525,
                    174.5261386852542
                ],
                [
                    119.18952049032569,
                    153.9516884989785
                ],
                [
                    118.61266674678525,
                    142.41461362816972
                ],
                [
                    122.84292753274848,
                    136.64607619276532
                ],
                [
                    126.30404999399111,
                    135.87693786804473
                ],
                [
                    149.57048431678885,
                    135.6846532868646
                ],
                [
                    168.22208869126308,
                    139.9149140728278
                ],
                [
                    178.02860233145054,
                    145.68345150823222
                ],
                [
                    179.37459439971158,
                    166.2579016945079
                ],
                [
                    179.75916356207188,
                    179.71782237711813
                ],
                [
                    178.2208869126307,
                    185.87092897488284
                ],
                [
                    178.41317149381086,
                    199.7154188198534
                ],
                [
                    178.2208869126307,
                    206.82994832351883
                ],
                [
                    175.33661819492852,
                    212.9830549212835
                ],
                [
                    162.4535512558587,
                    214.32904698954454
                ],
                [
                    154.37759884629253,
                    213.75219324600408
                ],
                [
                    144.18651604374475,
                    210.67563994712177
                ],
                [
                    128.41918038697273,
                    209.90650162240115
                ]
            ],
            "group_id": null,
            "description": "",
            "shape_type": "polygon",
            "flags": {},
            "mask": null
        }
    ],
    "imagePath": "IMG001673.jpeg",
    "imageData": null,
    "imageHeight": 512,
    "imageWidth": 512
}