{
    "version": "5.4.1",
    "flags": {},
    "shapes": [
        {
            "label": "other bt",
            "points": [
                [
                    263.45432271613583,
                    289.88169408470424
                ],
                [
                    275.7749387469373,
                    330.5770621864426
                ]
            ],
            "group_id": null,
            "description": "",
            "shape_type": "rectangle",
            "flags": {},
            "mask": null
        },
        {
            "label": "other bt",
            "points": [
                [
                    263.9358754561932,
                    291.5284617734071
                ],
                [
                    265.4197713070367,
                    314.4717745441412
                ],
                [
                    268.7300005127645,
                    323.1468579798416
                ],
                [
                    270.4421880329685,
                    327.2561080283313
                ],
                [
                    272.8392505612542,
                    329.1965872178959
                ],
                [
                    273.98070890805684,
                    326.9136705242905
                ],
                [
                    275.00802142017926,
                    318.8093162619914
                ],
                [
                    275.00802142017926,
                    311.73227451181475
                ],
                [
                    274.0948547427371,
                    298.4913576889035
                ],
                [
                    274.0948547427371,
                    292.7840659548901
                ],
                [
                    271.81193804913175,
                    291.071878434686
                ],
                [
                    267.3602504966012,
                    291.3001701040466
                ]
            ],
            "group_id": null,
            "description": "",
            "shape_type": "polygon",
            "flags": {},
            "mask": null
        }
    ],
    "imagePath": "IMG000908.jpeg",
    "imageData": null,
    "imageHeight": 512,
    "imageWidth": 512
}