{
    "version": "5.4.1",
    "flags": {},
    "shapes": [
        {
            "label": "simple bone cyst",
            "points": [
                [
                    286.84037558685446,
                    89.64632237871673
                ],
                [
                    313.60093896713613,
                    105.29577464788733
                ]
            ],
            "group_id": null,
            "description": "",
            "shape_type": "rectangle",
            "flags": {},
            "mask": null
        },
        {
            "label": "simple bone cyst",
            "points": [
                [
                    287.61745183746154,
                    102.6569532135341
                ],
                [
                    286.75403378123144,
                    98.5988883492526
                ],
                [
                    288.0491608655766,
                    94.88619070746317
                ],
                [
                    293.2296692029572,
                    92.29593653877288
                ],
                [
                    298.4965193459608,
                    90.22373320382063
                ],
                [
                    303.81901739072936,
                    89.97474046154862
                ],
                [
                    309.2892450488371,
                    91.51886028816578
                ],
                [
                    311.8794992175274,
                    96.69936862554638
                ],
                [
                    312.9156008850035,
                    101.18914251794293
                ],
                [
                    312.57023366251144,
                    103.86573849225623
                ],
                [
                    308.9438778263451,
                    104.47013113161731
                ],
                [
                    298.1511521234688,
                    104.55647293724031
                ],
                [
                    293.66137823107226,
                    104.38378932599429
                ]
            ],
            "group_id": null,
            "description": "",
            "shape_type": "polygon",
            "flags": {},
            "mask": null
        }
    ],
    "imagePath": "IMG000698.jpeg",
    "imageData": null,
    "imageHeight": 512,
    "imageWidth": 512
}