{
    "version": "5.4.1",
    "flags": {},
    "shapes": [
        {
            "label": "osteochondroma",
            "points": [
                [
                    262.0083430802688,
                    133.15570340260697
                ],
                [
                    285.6891713400072,
                    175.2802536723339
                ]
            ],
            "group_id": null,
            "description": "",
            "shape_type": "rectangle",
            "flags": {},
            "mask": null
        },
        {
            "label": "osteochondroma",
            "points": [
                [
                    267.9285501452034,
                    139.58026656941968
                ],
                [
                    263.94379538995895,
                    144.81737281916952
                ],
                [
                    263.37454471063836,
                    149.48522838959872
                ],
                [
                    263.2606945747742,
                    153.81153355243555
                ],
                [
                    263.37454471063836,
                    158.02398857940824
                ],
                [
                    263.8299452540948,
                    162.00874333465268
                ],
                [
                    265.53769729205675,
                    165.65194768230475
                ],
                [
                    267.35929946588277,
                    170.20595311686984
                ],
                [
                    268.61165096038815,
                    172.4829558341524
                ],
                [
                    272.2548553080402,
                    173.3937569210654
                ],
                [
                    273.848757210138,
                    173.96300760038602
                ],
                [
                    276.01190979155643,
                    171.91370515483175
                ],
                [
                    278.9720133240237,
                    164.5134463236635
                ],
                [
                    283.2983184868606,
                    156.5439368131746
                ],
                [
                    285.6891713400072,
                    152.67303219379428
                ],
                [
                    285.57532120414305,
                    149.94062893305522
                ],
                [
                    284.66452011723004,
                    146.8666752647238
                ],
                [
                    284.3229697096377,
                    143.56502132466414
                ],
                [
                    284.09526943790945,
                    141.4018687432457
                ],
                [
                    285.3476209324148,
                    136.84786330868064
                ],
                [
                    284.7783702530942,
                    133.09080882516446
                ],
                [
                    282.7290678075399,
                    134.34316031966983
                ],
                [
                    281.2490160413063,
                    135.14011127071873
                ],
                [
                    279.6551141392085,
                    133.66005950448508
                ],
                [
                    277.03656101433353,
                    134.00160991207747
                ],
                [
                    276.46731033501294,
                    136.50631290108825
                ],
                [
                    276.01190979155643,
                    137.75866439559366
                ],
                [
                    273.96260734600213,
                    137.30326385213715
                ],
                [
                    272.4825555797685,
                    136.84786330868064
                ],
                [
                    269.9778525907577,
                    137.5309641238654
                ],
                [
                    268.95320136798057,
                    138.4417652107784
                ]
            ],
            "group_id": null,
            "description": "",
            "shape_type": "polygon",
            "flags": {},
            "mask": null
        }
    ],
    "imagePath": "IMG000391.jpeg",
    "imageData": null,
    "imageHeight": 512,
    "imageWidth": 512
}