{
    "version": "5.4.1",
    "flags": {},
    "shapes": [
        {
            "label": "osteochondroma",
            "points": [
                [
                    217.1497975708502,
                    297.91474160514406
                ],
                [
                    260.2076684924982,
                    379.0769230769231
                ]
            ],
            "group_id": null,
            "description": "",
            "shape_type": "rectangle",
            "flags": {},
            "mask": null
        },
        {
            "label": "osteochondroma",
            "points": [
                [
                    258.2693187819046,
                    301.29965999314425
                ],
                [
                    256.3719508240765,
                    300.58814700895874
                ],
                [
                    250.0869194637712,
                    299.283706537952
                ],
                [
                    246.17359805075088,
                    299.16512104058774
                ],
                [
                    242.02310564300208,
                    299.16512104058774
                ],
                [
                    239.65139569571704,
                    298.69077905113073
                ],
                [
                    232.2990948591334,
                    300.9439035010515
                ],
                [
                    229.69021391711985,
                    304.1457119298863
                ],
                [
                    226.96274747774206,
                    307.34752035872117
                ],
                [
                    221.03347260952944,
                    314.2254792058477
                ],
                [
                    219.49186114379418,
                    319.79899758196757
                ],
                [
                    218.42459166751593,
                    328.5743243869222
                ],
                [
                    218.42459166751593,
                    333.9106717683136
                ],
                [
                    219.01751915433715,
                    343.87185354691076
                ],
                [
                    219.96620313325118,
                    348.61527344148084
                ],
                [
                    222.33791308053625,
                    355.1374757965147
                ],
                [
                    225.42113601200677,
                    358.6950407174423
                ],
                [
                    228.6229444408416,
                    361.8968491462771
                ],
                [
                    231.11323988549086,
                    364.86148658038337
                ],
                [
                    235.2637322932397,
                    371.73944542751
                ],
                [
                    238.4655407220745,
                    374.46691186688776
                ],
                [
                    244.75057208237985,
                    377.55013479835833
                ],
                [
                    246.64794004020789,
                    378.0244767878154
                ],
                [
                    253.28872789260603,
                    377.4315493009941
                ],
                [
                    255.7790233372553,
                    375.29701034843754
                ],
                [
                    258.62507527399737,
                    371.3836889354172
                ],
                [
                    258.9808317660901,
                    364.0313880988336
                ],
                [
                    258.62507527399737,
                    353.1215223413224
                ],
                [
                    257.7949767924476,
                    347.78517495993106
                ],
                [
                    257.67639129508336,
                    340.19570312861896
                ],
                [
                    257.67639129508336,
                    332.6062312973068
                ],
                [
                    258.62507527399737,
                    326.79554192645844
                ],
                [
                    259.5737592529114,
                    315.0555776873975
                ],
                [
                    258.7436607713616,
                    306.39883637980716
                ]
            ],
            "group_id": null,
            "description": "",
            "shape_type": "polygon",
            "flags": {},
            "mask": null
        }
    ],
    "imagePath": "IMG001823.jpeg",
    "imageData": null,
    "imageHeight": 512,
    "imageWidth": 512
}