{
    "version": "5.4.1",
    "flags": {},
    "shapes": [
        {
            "label": "multiple osteochondromas",
            "points": [
                [
                    57.33931042956313,
                    182.6172743140252
                ],
                [
                    188.33528835694898,
                    304.36212385670865
                ]
            ],
            "group_id": null,
            "description": "",
            "shape_type": "rectangle",
            "flags": {},
            "mask": null
        },
        {
            "label": "multiple osteochondromas",
            "points": [
                [
                    305.91959709408565,
                    103.87033322933844
                ],
                [
                    436.370786349928,
                    276.91782918096595
                ]
            ],
            "group_id": null,
            "description": "",
            "shape_type": "rectangle",
            "flags": {},
            "mask": null
        },
        {
            "label": "multiple osteochondromas",
            "points": [
                [
                    63.07501002807861,
                    386.5121439128659
                ],
                [
                    181.11940821688114,
                    480.13356316605405
                ]
            ],
            "group_id": null,
            "description": "",
            "shape_type": "rectangle",
            "flags": {},
            "mask": null
        },
        {
            "label": "multiple osteochondromas",
            "points": [
                [
                    300.9753829240392,
                    370.4775742449228
                ],
                [
                    426.4823580098349,
                    468.9815334789261
                ]
            ],
            "group_id": null,
            "description": "",
            "shape_type": "rectangle",
            "flags": {},
            "mask": null
        },
        {
            "label": "multiple osteochondromas",
            "points": [
                [
                    72.9330124348175,
                    227.475687480501
                ],
                [
                    161.0160894950305,
                    200.0923474617819
                ],
                [
                    164.4390069973704,
                    198.72318046084592
                ],
                [
                    168.54650800017828,
                    195.75665195881803
                ],
                [
                    167.17734099924232,
                    188.91081695413828
                ],
                [
                    170.6002585015822,
                    184.11873245086244
                ],
                [
                    175.16414850470204,
                    186.40067745242234
                ],
                [
                    177.44609350626197,
                    188.45442795382627
                ],
                [
                    179.0434550073539,
                    188.2262334536703
                ],
                [
                    183.15095601016176,
                    194.61567945803807
                ],
                [
                    183.15095601016176,
                    198.49498596068995
                ],
                [
                    181.55359450906982,
                    205.7972099656817
                ],
                [
                    178.81526050719793,
                    211.7302669697375
                ],
                [
                    176.533315505638,
                    218.34790747426126
                ],
                [
                    175.39234300485805,
                    225.87832597940903
                ],
                [
                    174.93595400454603,
                    231.58318848330885
                ],
                [
                    174.2513705040781,
                    240.25457948923653
                ],
                [
                    176.533315505638,
                    251.43610999688016
                ],
                [
                    177.44609350626197,
                    253.71805499844007
                ],
                [
                    180.64081650844585,
                    255.771805499844
                ],
                [
                    183.83553951062976,
                    260.7920845032759
                ],
                [
                    185.4329010117217,
                    265.5841690065517
                ],
                [
                    185.88929001203368,
                    270.8326425101395
                ],
                [
                    185.88929001203368,
                    275.3965325132594
                ],
                [
                    185.88929001203368,
                    277.4502830146633
                ],
                [
                    187.25845701296964,
                    282.6987565182511
                ],
                [
                    187.25845701296964,
                    287.49084102152693
                ],
                [
                    187.25845701296964,
                    295.0212595266747
                ],
                [
                    186.57387351250168,
                    301.6389000311985
                ],
                [
                    68.36912243169765,
                    286.121674020591
                ],
                [
                    69.51009493247761,
                    282.4705620180951
                ],
                [
                    69.51009493247761,
                    274.0273655123234
                ],
                [
                    67.45634443107369,
                    268.5506975085796
                ],
                [
                    65.40259392966975,
                    265.5841690065517
                ],
                [
                    61.295092926861884,
                    261.24847350358783
                ],
                [
                    59.559581241891706,
                    251.63069206390503
                ],
                [
                    62.149897189608375,
                    244.5998344915312
                ],
                [
                    66.31537193029372,
                    242.3083299906405
                ],
                [
                    69.73828943263361,
                    240.9391629897045
                ]
            ],
            "group_id": null,
            "description": "",
            "shape_type": "polygon",
            "flags": {},
            "mask": null
        },
        {
            "label": "multiple osteochondromas",
            "points": [
                [
                    339.0077996167046,
                    117.71413290546867
                ],
                [
                    429.60101617863353,
                    134.6005259170121
                ],
                [
                    433.25212818112936,
                    135.05691491732406
                ],
                [
                    435.3058786825333,
                    144.41288942371978
                ],
                [
                    435.99046218300134,
                    154.45344743058342
                ],
                [
                    435.0776841823773,
                    161.9838659357312
                ],
                [
                    428.9164326781655,
                    176.1319249454027
                ],
                [
                    424.1243481748897,
                    189.36720595445024
                ],
                [
                    420.7014306725498,
                    199.40776396131392
                ],
                [
                    420.47323617239385,
                    202.37429246334182
                ],
                [
                    421.15781967286176,
                    204.65623746490175
                ],
                [
                    422.29879217364174,
                    207.16637696661766
                ],
                [
                    423.2115701742657,
                    210.81748896911355
                ],
                [
                    425.26532067566967,
                    221.54263047644517
                ],
                [
                    426.4062931764496,
                    232.4959664839328
                ],
                [
                    424.35254267504564,
                    235.23430048580468
                ],
                [
                    424.35254267504564,
                    238.2008289878326
                ],
                [
                    426.4062931764496,
                    239.5699959887686
                ],
                [
                    429.1446271783215,
                    239.79819048892458
                ],
                [
                    432.33935018050545,
                    241.8519409903285
                ],
                [
                    433.9367116815974,
                    246.87221999376032
                ],
                [
                    434.16490618175334,
                    251.89249899719218
                ],
                [
                    433.7085171814414,
                    256.456389000312
                ],
                [
                    431.6547666800374,
                    261.47666800374384
                ],
                [
                    429.37282167847746,
                    265.12778000623973
                ],
                [
                    427.0908766769176,
                    271.5172260106075
                ],
                [
                    425.4935151758256,
                    274.9401435129474
                ],
                [
                    407.23795516334627,
                    268.5506975085796
                ],
                [
                    397.4255916566386,
                    262.84583500467977
                ],
                [
                    370.72683513838746,
                    260.7920845032759
                ],
                [
                    355.665998128092,
                    261.9330570040558
                ],
                [
                    331.7055756117128,
                    261.7048625038998
                ],
                [
                    308.2015420956456,
                    264.8995855060837
                ],
                [
                    307.28876409502163,
                    257.36916700093593
                ],
                [
                    312.7654320987654,
                    238.88541248830057
                ],
                [
                    316.4165441012613,
                    231.81138298346482
                ],
                [
                    320.0676561037572,
                    222.68360297722512
                ],
                [
                    320.0676561037572,
                    211.95846146989348
                ],
                [
                    316.1883496011053,
                    197.58220796006597
                ],
                [
                    312.9936265989214,
                    175.44734144493472
                ],
                [
                    312.6704538473491,
                    168.18551403388946
                ],
                [
                    315.73196060079334,
                    160.61469893479523
                ],
                [
                    320.9804341043812,
                    157.19178143245534
                ],
                [
                    322.8059901056291,
                    144.86927842403176
                ],
                [
                    319.61126710344524,
                    132.31858091545217
                ],
                [
                    316.87293310157327,
                    122.9626064090565
                ],
                [
                    314.1506343889015,
                    117.48933048572036
                ],
                [
                    315.5037661006374,
                    113.15024290234882
                ],
                [
                    318.9266836029772,
                    107.67357489860501
                ],
                [
                    323.9469626064091,
                    105.61982439720109
                ],
                [
                    327.10221412748484,
                    105.83290872099535
                ],
                [
                    328.7390471096849,
                    109.49913089985296
                ],
                [
                    330.7927976110888,
                    112.92204840219283
                ]
            ],
            "group_id": null,
            "description": "",
            "shape_type": "polygon",
            "flags": {},
            "mask": null
        },
        {
            "label": "multiple osteochondromas",
            "points": [
                [
                    84.7226504482822,
                    478.4683600568076
                ],
                [
                    82.50237963595364,
                    471.06745734904575
                ],
                [
                    80.4671313913191,
                    451.8251103088648
                ],
                [
                    80.28210882362507,
                    444.4242076011028
                ],
                [
                    76.211612334356,
                    435.1730792164005
                ],
                [
                    72.6961835481691,
                    432.7677858363778
                ],
                [
                    68.25564192351194,
                    429.8074247532731
                ],
                [
                    66.96048394965362,
                    428.1422216440267
                ],
                [
                    63.260032595772664,
                    422.22149947781713
                ],
                [
                    63.8151002988548,
                    415.1906419054433
                ],
                [
                    66.40541624657148,
                    408.7148520361516
                ],
                [
                    69.36577732967623,
                    405.9395135207409
                ],
                [
                    72.326138412781,
                    400.01879135453134
                ],
                [
                    82.31735706825958,
                    394.4681143237099
                ],
                [
                    171.86827983217873,
                    388.36236958980635
                ],
                [
                    177.2339342953061,
                    395.3932271621802
                ],
                [
                    180.19429537841089,
                    399.6487462191433
                ],
                [
                    179.8242502430228,
                    405.19942324996475
                ],
                [
                    177.6039794306942,
                    408.52982946845754
                ],
                [
                    177.6039794306942,
                    410.9351228484802
                ],
                [
                    177.6039794306942,
                    413.8954839315849
                ],
                [
                    178.15904713377637,
                    419.4461609624064
                ],
                [
                    176.30882145683586,
                    424.4417702901457
                ],
                [
                    171.6832572644847,
                    428.51226677941474
                ],
                [
                    167.24271563982754,
                    428.88231191480287
                ],
                [
                    165.20746739519302,
                    431.47262786251946
                ],
                [
                    162.43212887978228,
                    438.3184628671993
                ],
                [
                    160.76692577053586,
                    449.049771793454
                ],
                [
                    158.36163239051325,
                    451.8251103088648
                ]
            ],
            "group_id": null,
            "description": "",
            "shape_type": "polygon",
            "flags": {},
            "mask": null
        },
        {
            "label": "multiple osteochondromas",
            "points": [
                [
                    321.5515370966634,
                    463.11148693820166
                ],
                [
                    317.66606317508837,
                    457.00574220429814
                ],
                [
                    315.4457923627598,
                    454.6004488242755
                ],
                [
                    310.45018303502053,
                    454.4154262565814
                ],
                [
                    305.82461884266934,
                    451.2700426057826
                ],
                [
                    303.60434803034076,
                    444.0541624657148
                ],
                [
                    303.2343028949527,
                    438.3184628671993
                ],
                [
                    304.1594157334229,
                    434.06294381023616
                ],
                [
                    304.52946086881104,
                    427.4021313732504
                ],
                [
                    304.52946086881104,
                    419.4461609624064
                ],
                [
                    303.60434803034076,
                    411.6752131192564
                ],
                [
                    302.49421262417644,
                    407.0496489269052
                ],
                [
                    301.38407721801224,
                    402.2390621668599
                ],
                [
                    303.7893705980348,
                    393.17295634985163
                ],
                [
                    308.5999573580801,
                    390.0275726990528
                ],
                [
                    310.45018303502053,
                    388.36236958980635
                ],
                [
                    401.48128634049203,
                    374.4856770127528
                ],
                [
                    415.91304662062777,
                    385.4020085067016
                ],
                [
                    423.6839944637778,
                    389.6575275636647
                ],
                [
                    426.08928784380043,
                    397.98354310989686
                ],
                [
                    425.7192427084123,
                    403.7192427084123
                ],
                [
                    424.60910730224805,
                    409.2699197392338
                ],
                [
                    418.50336256834447,
                    417.0408675823838
                ],
                [
                    413.69277580829925,
                    422.59154461320526
                ],
                [
                    413.1377081052171,
                    426.1069733993921
                ],
                [
                    415.72802405293373,
                    434.06294381023616
                ],
                [
                    413.50775324060515,
                    441.6488690856921
                ],
                [
                    410.36236958980635,
                    442.38895935646826
                ],
                [
                    409.4372567513361,
                    444.4242076011028
                ],
                [
                    409.62227931903016,
                    449.9748846319242
                ],
                [
                    409.9923244544182,
                    457.00574220429814
                ],
                [
                    407.95707620978374,
                    463.2965095058957
                ],
                [
                    405.3667602620671,
                    466.4418931566945
                ],
                [
                    400.0011057989397,
                    468.47714140132905
                ]
            ],
            "group_id": null,
            "description": "",
            "shape_type": "polygon",
            "flags": {},
            "mask": null
        }
    ],
    "imagePath": "IMG001555.jpeg",
    "imageData": null,
    "imageHeight": 512,
    "imageWidth": 512
}