{
    "version": "5.4.1",
    "flags": {},
    "shapes": [
        {
            "label": "simple bone cyst",
            "points": [
                [
                    280.875523099,
                    99.05452250546581
                ],
                [
                    318.1885410327496,
                    135.59819986326175
                ]
            ],
            "group_id": null,
            "description": "",
            "shape_type": "rectangle",
            "flags": {},
            "mask": null
        },
        {
            "label": "simple bone cyst",
            "points": [
                [
                    285.2626408223647,
                    124.03646524801175
                ],
                [
                    287.2047566665402,
                    111.99534701412334
                ],
                [
                    293.5490017575137,
                    104.22688363742115
                ],
                [
                    302.6122090303329,
                    100.08370316984664
                ],
                [
                    311.0280443550936,
                    99.82475439062323
                ],
                [
                    316.20701993956175,
                    100.99002389712855
                ],
                [
                    316.59544310839686,
                    105.65110192314987
                ],
                [
                    313.8764809265511,
                    113.16061652062866
                ],
                [
                    309.7333004589766,
                    120.54065672849576
                ],
                [
                    312.19331386159894,
                    124.16593963762345
                ],
                [
                    308.56803095247125,
                    131.54597984549054
                ],
                [
                    306.3669663290723,
                    134.394416416948
                ],
                [
                    301.1879907446042,
                    135.0417883650065
                ],
                [
                    297.43323344586474,
                    133.4880956896661
                ],
                [
                    288.11107739382214,
                    126.75542742985752
                ]
            ],
            "group_id": null,
            "description": "",
            "shape_type": "polygon",
            "flags": {},
            "mask": null
        }
    ],
    "imagePath": "IMG000837.jpeg",
    "imageData": null,
    "imageHeight": 512,
    "imageWidth": 512
}