{
    "version": "5.4.1",
    "flags": {},
    "shapes": [
        {
            "label": "simple bone cyst",
            "points": [
                [
                    243.14857142857147,
                    270.8571428571429
                ],
                [
                    405.81523809523816,
                    343.23809523809524
                ]
            ],
            "group_id": null,
            "description": "",
            "shape_type": "rectangle",
            "flags": {},
            "mask": null
        },
        {
            "label": "simple bone cyst",
            "points": [
                [
                    244.672380952381,
                    305.5238095238095
                ],
                [
                    246.57714285714292,
                    286.4761904761905
                ],
                [
                    247.72,
                    272.7619047619048
                ],
                [
                    290.76761904761906,
                    270.4761904761905
                ],
                [
                    334.1961904761905,
                    272.7619047619048
                ],
                [
                    359.4485429141717,
                    281.5489021956088
                ],
                [
                    376.8628571428572,
                    281.5238095238095
                ],
                [
                    395.91047619047623,
                    289.14285714285717
                ],
                [
                    399.0493413173653,
                    305.5648702594811
                ],
                [
                    403.1485714285715,
                    321.9047619047619
                ],
                [
                    403.5295238095238,
                    335.23809523809524
                ],
                [
                    394.00571428571425,
                    340.95238095238096
                ],
                [
                    366.57714285714286,
                    339.42857142857144
                ],
                [
                    331.9104761904762,
                    334.4761904761905
                ],
                [
                    293.0533333333334,
                    328.3809523809524
                ],
                [
                    250.7676190476191,
                    320.7619047619048
                ],
                [
                    245.75592814371257,
                    311.95209580838326
                ]
            ],
            "group_id": null,
            "description": "",
            "shape_type": "polygon",
            "flags": {},
            "mask": null
        }
    ],
    "imagePath": "IMG001737.jpeg",
    "imageData": null,
    "imageHeight": 512,
    "imageWidth": 512
}