{
    "version": "5.4.1",
    "flags": {},
    "shapes": [
        {
            "label": "giant cell tumor",
            "points": [
                [
                    144.8888888888889,
                    205.70760233918128
                ],
                [
                    321.49707602339186,
                    412.33528265107213
                ]
            ],
            "group_id": null,
            "description": "",
            "shape_type": "rectangle",
            "flags": {},
            "mask": null
        },
        {
            "label": "giant cell tumor",
            "points": [
                [
                    240.05103668261557,
                    409.8883572567783
                ],
                [
                    218.36044657097284,
                    398.4051036682615
                ],
                [
                    197.94577352472083,
                    379.9043062200957
                ],
                [
                    191.24720893141944,
                    371.61084529505575
                ],
                [
                    173.06539074960125,
                    364.59330143540666
                ],
                [
                    167.64274322169055,
                    349.920255183413
                ],
                [
                    158.39234449760764,
                    328.54864433811804
                ],
                [
                    148.50398724082933,
                    296.3317384370016
                ],
                [
                    147.86602870813397,
                    266.66666666666663
                ],
                [
                    147.86602870813397,
                    242.7432216905901
                ],
                [
                    147.86602870813397,
                    219.45773524720894
                ],
                [
                    149.4609250398724,
                    210.84529505582137
                ],
                [
                    164.133971291866,
                    206.69856459330143
                ],
                [
                    182.31578947368416,
                    207.6555023923445
                ],
                [
                    192.2041467304625,
                    216.58692185007973
                ],
                [
                    201.7735247208931,
                    222.3285486443381
                ],
                [
                    220.91228070175438,
                    230.94098883572568
                ],
                [
                    227.9298245614035,
                    233.81180223285486
                ],
                [
                    251.85326953748006,
                    237.00159489633174
                ],
                [
                    271.94896331738437,
                    241.14832535885168
                ],
                [
                    292.68261562998396,
                    241.46730462519935
                ],
                [
                    304.1658692185008,
                    237.6395534290271
                ],
                [
                    314.69218500797444,
                    249.76076555023923
                ],
                [
                    317.5629984051036,
                    265.7097288676236
                ],
                [
                    320.1148325358851,
                    277.1929824561403
                ],
                [
                    320.4338118022328,
                    293.4609250398724
                ],
                [
                    314.05422647527905,
                    325.6778309409888
                ],
                [
                    302.2519936204146,
                    364.59330143540666
                ],
                [
                    298.1052631578947,
                    381.1802232854864
                ],
                [
                    294.91547049441783,
                    392.66347687400315
                ],
                [
                    292.0446570972886,
                    399.68102073365225
                ],
                [
                    285.02711323763947,
                    404.1467304625199
                ],
                [
                    272.90590111642746,
                    406.6985645933014
                ],
                [
                    254.08612440191382,
                    406.060606060606
                ],
                [
                    250.57735247208925,
                    399.0430622009569
                ],
                [
                    247.38755980861242,
                    397.4481658692185
                ],
                [
                    243.87878787878785,
                    400.63795853269534
                ]
            ],
            "group_id": null,
            "description": "",
            "shape_type": "polygon",
            "flags": {},
            "mask": null
        }
    ],
    "imagePath": "IMG001560.jpeg",
    "imageData": null,
    "imageHeight": 512,
    "imageWidth": 512
}