{
    "version": "5.4.1",
    "flags": {},
    "shapes": [
        {
            "label": "synovial osteochondroma",
            "points": [
                [
                    174.5676542432825,
                    139.75668749719014
                ],
                [
                    342.2189003281932,
                    333.49554166853994
                ]
            ],
            "group_id": null,
            "description": "",
            "shape_type": "rectangle",
            "flags": {},
            "mask": null
        },
        {
            "label": "synovial osteochondroma",
            "points": [
                [
                    202.95711010205457,
                    321.4747810796905
                ],
                [
                    192.72667555835295,
                    308.43097703647095
                ],
                [
                    183.775045332614,
                    293.341086084511
                ],
                [
                    183.51928446902147,
                    279.0184777233287
                ],
                [
                    181.47319756028116,
                    249.35021754659394
                ],
                [
                    183.775045332614,
                    232.98152227667134
                ],
                [
                    185.5653713777618,
                    214.8225009616009
                ],
                [
                    187.09993655931703,
                    185.4100016484587
                ],
                [
                    225.20830523460566,
                    151.1380459270582
                ],
                [
                    224.6967835074206,
                    147.3016329731701
                ],
                [
                    226.74287041616088,
                    145.76706779161483
                ],
                [
                    266.8973260001899,
                    144.9997852008372
                ],
                [
                    294.7752601317768,
                    142.69793742850433
                ],
                [
                    306.5402598570337,
                    142.69793742850433
                ],
                [
                    316.0034118099577,
                    150.37076333628056
                ],
                [
                    330.07025930754753,
                    179.2717409222377
                ],
                [
                    337.23156348813865,
                    197.94228396449319
                ],
                [
                    340.55645471484166,
                    236.05065263978184
                ],
                [
                    339.0218895332864,
                    274.15902131507045
                ],
                [
                    341.0679764420267,
                    287.45858622188257
                ],
                [
                    337.48732435173116,
                    297.4332599019917
                ],
                [
                    336.464280897361,
                    303.3157597646201
                ],
                [
                    333.65091139784306,
                    313.29043344472916
                ],
                [
                    328.5356941259922,
                    319.4286941709502
                ],
                [
                    331.0933027619176,
                    326.07847662435626
                ],
                [
                    325.97808549006686,
                    330.42641130542944
                ],
                [
                    312.9342814468472,
                    332.7282590777623
                ],
                [
                    281.47569522496474,
                    331.7052156233922
                ],
                [
                    270.2222172268929,
                    331.9609764869847
                ],
                [
                    234.92721805112222,
                    329.65912871465184
                ]
            ],
            "group_id": null,
            "description": "",
            "shape_type": "polygon",
            "flags": {},
            "mask": null
        }
    ],
    "imagePath": "IMG001196.jpeg",
    "imageData": null,
    "imageHeight": 512,
    "imageWidth": 512
}