{
    "version": "5.4.1",
    "flags": {},
    "shapes": [
        {
            "label": "osteochondroma",
            "points": [
                [
                    320.19331538512046,
                    282.16061461684944
                ],
                [
                    333.0109659202837,
                    299.18077352419726
                ]
            ],
            "group_id": null,
            "description": "",
            "shape_type": "rectangle",
            "flags": {},
            "mask": null
        },
        {
            "label": "osteochondroma",
            "points": [
                [
                    321.4680319277594,
                    283.1547206321052
                ],
                [
                    329.72409900830445,
                    283.1547206321052
                ],
                [
                    332.04611787470776,
                    284.8317342578408
                ],
                [
                    330.49810529710555,
                    293.47480448278645
                ],
                [
                    330.11110215270503,
                    296.6998306861243
                ],
                [
                    328.5630895751028,
                    297.7318390711925
                ],
                [
                    324.6930581310973,
                    297.9898411674595
                ],
                [
                    322.37103926469405,
                    295.2808191566557
                ],
                [
                    321.7260340240265,
                    290.37877932758204
                ],
                [
                    321.7260340240265,
                    286.63774893171006
                ]
            ],
            "group_id": null,
            "description": "",
            "shape_type": "polygon",
            "flags": {},
            "mask": null
        }
    ],
    "imagePath": "IMG000953.jpeg",
    "imageData": null,
    "imageHeight": 512,
    "imageWidth": 512
}