{
    "version": "5.4.1",
    "flags": {},
    "shapes": [
        {
            "label": "osteochondroma",
            "points": [
                [
                    240.32560762201052,
                    63.216021777172855
                ],
                [
                    251.7741784950418,
                    81.01108302547152
                ]
            ],
            "group_id": null,
            "description": "",
            "shape_type": "rectangle",
            "flags": {},
            "mask": null
        },
        {
            "label": "osteochondroma",
            "points": [
                [
                    250.00593276203034,
                    64.88595912986155
                ],
                [
                    242.07448912326964,
                    68.345418589321
                ],
                [
                    241.905735003296,
                    71.04548450889911
                ],
                [
                    242.07448912326964,
                    73.15491100856951
                ],
                [
                    242.83388266315097,
                    75.34871456822673
                ],
                [
                    243.42452208305866,
                    77.20500988793668
                ],
                [
                    243.50889914304548,
                    79.23005932762027
                ],
                [
                    247.7277521423863,
                    80.58009228740933
                ],
                [
                    249.07778510217537,
                    80.58009228740933
                ],
                [
                    249.58404746209627,
                    77.62689518787077
                ],
                [
                    248.99340804218855,
                    76.19248516809489
                ],
                [
                    249.8371786420567,
                    74.92682926829265
                ],
                [
                    251.2715886618326,
                    72.81740276862224
                ]
            ],
            "group_id": null,
            "description": "",
            "shape_type": "polygon",
            "flags": {},
            "mask": null
        }
    ],
    "imagePath": "IMG001256.jpeg",
    "imageData": null,
    "imageHeight": 512,
    "imageWidth": 512
}