{
    "version": "5.4.1",
    "flags": {},
    "shapes": [
        {
            "label": "multiple osteochondromas",
            "points": [
                [
                    320.2819492182492,
                    42.19649692611067
                ],
                [
                    351.5315886291362,
                    133.97993639823343
                ]
            ],
            "group_id": null,
            "description": "",
            "shape_type": "rectangle",
            "flags": {},
            "mask": null
        },
        {
            "label": "multiple osteochondromas",
            "points": [
                [
                    139.92431577726362,
                    317.89048773191536
                ],
                [
                    380.89266643331126,
                    501.9466906973107
                ]
            ],
            "group_id": null,
            "description": "",
            "shape_type": "rectangle",
            "flags": {},
            "mask": null
        },
        {
            "label": "multiple osteochondromas",
            "points": [
                [
                    321.53226210172227,
                    64.70212882862533
                ],
                [
                    343.1001593416321,
                    127.8429294440137
                ],
                [
                    347.788832654656,
                    126.90519478140891
                ],
                [
                    347.4762544337878,
                    99.3983113450021
                ],
                [
                    346.8510979920512,
                    65.95244171209836
                ],
                [
                    342.78758112076383,
                    47.510326680871074
                ],
                [
                    336.84859492426693,
                    44.38454447218848
                ],
                [
                    336.5360167033987,
                    50.63610888955366
                ],
                [
                    338.09890780774,
                    60.01345551560144
                ],
                [
                    336.5360167033987,
                    66.89017637470315
                ],
                [
                    333.4102344947161,
                    70.328536804254
                ],
                [
                    324.9706225312731,
                    63.13923772428403
                ]
            ],
            "group_id": null,
            "description": "",
            "shape_type": "polygon",
            "flags": {},
            "mask": null
        },
        {
            "label": "multiple osteochondromas",
            "points": [
                [
                    325.59577897300966,
                    367.27784662910034
                ],
                [
                    273.39521608801033,
                    321.3288481614662
                ],
                [
                    236.5109860255557,
                    320.0785352779932
                ],
                [
                    212.44246301869975,
                    328.2055690205679
                ],
                [
                    192.43745688313115,
                    331.3313512292505
                ],
                [
                    164.93057344672434,
                    345.08479294745393
                ],
                [
                    148.36392774070663,
                    376.65519325514805
                ],
                [
                    145.23814553202402,
                    401.9740291454771
                ],
                [
                    142.1123633233414,
                    422.29161350191396
                ],
                [
                    142.1123633233414,
                    437.2953681035904
                ],
                [
                    142.42494154420967,
                    470.1160812947576
                ],
                [
                    146.17588019462877,
                    491.37140031379926
                ],
                [
                    145.23814553202402,
                    496.6852300685597
                ],
                [
                    149.30166240331135,
                    499.8110122772423
                ],
                [
                    245.8883326516035,
                    500.1235904981105
                ],
                [
                    264.9556041245673,
                    481.36889724601497
                ],
                [
                    283.08514093492636,
                    478.86827147906894
                ],
                [
                    301.21467774528537,
                    482.30663190861975
                ],
                [
                    326.8460918564827,
                    483.5569447920928
                ],
                [
                    339.03664247034476,
                    479.1808496999371
                ],
                [
                    347.1636762129195,
                    464.8022515399972
                ],
                [
                    364.98063480241024,
                    411.0387975506566
                ],
                [
                    370.29446455717067,
                    407.913015341974
                ],
                [
                    379.3592329623502,
                    400.4111380411358
                ],
                [
                    377.7963418580089,
                    382.28160123077674
                ],
                [
                    369.35672989456594,
                    376.65519325514805
                ],
                [
                    368.41899523196116,
                    355.3998742361065
                ],
                [
                    361.8548525937277,
                    334.14455521706486
                ],
                [
                    350.60203664247035,
                    353.5244049108969
                ],
                [
                    346.22594155031476,
                    368.5281595125734
                ]
            ],
            "group_id": null,
            "description": "",
            "shape_type": "polygon",
            "flags": {},
            "mask": null
        },
        {
            "label": "multiple osteochondromas",
            "points": [
                [
                    311.8423372548062,
                    3.1242193175782527
                ],
                [
                    323.4077314269318,
                    3.7493757593147716
                ],
                [
                    325.90835719387786,
                    34.69461962527244
                ],
                [
                    328.0964047399557,
                    62.514081282547515
                ],
                [
                    323.4077314269318,
                    59.38829907386493
                ],
                [
                    313.0926501382792,
                    29.380789870512032
                ],
                [
                    309.9668679295967,
                    19.690865023595993
                ],
                [
                    312.46749369654276,
                    10.313518397548217
                ]
            ],
            "group_id": null,
            "description": "",
            "shape_type": "polygon",
            "flags": {},
            "mask": null
        },
        {
            "label": "multiple osteochondromas",
            "points": [
                [
                    308.66771725285656,
                    2.380089067395569
                ],
                [
                    330.57146342287297,
                    63.991112345507574
                ]
            ],
            "group_id": null,
            "description": "",
            "shape_type": "rectangle",
            "flags": {},
            "mask": null
        }
    ],
    "imagePath": "IMG001711.jpeg",
    "imageData": null,
    "imageHeight": 512,
    "imageWidth": 512
}