{
    "version": "5.4.1",
    "flags": {},
    "shapes": [
        {
            "label": "osteofibroma",
            "points": [
                [
                    219.8398726137441,
                    345.5425187411662
                ],
                [
                    239.99266455548994,
                    368.6724276743063
                ]
            ],
            "group_id": null,
            "description": "",
            "shape_type": "rectangle",
            "flags": {},
            "mask": null
        },
        {
            "label": "osteofibroma",
            "points": [
                [
                    220.64550951665922,
                    346.68722860273533
                ],
                [
                    227.0868065419423,
                    367.98506554117125
                ],
                [
                    229.58021184205188,
                    367.36171421614387
                ],
                [
                    234.1514548922528,
                    365.6994440160708
                ],
                [
                    236.95653585487602,
                    365.28387646605256
                ],
                [
                    239.03437360496736,
                    364.97220080353884
                ],
                [
                    238.51491416744452,
                    348.66117446532206
                ],
                [
                    234.6709143297756,
                    346.7911204902399
                ],
                [
                    229.06075240452904,
                    346.68722860273533
                ],
                [
                    228.74907674201535,
                    347.83003936528553
                ],
                [
                    226.67123899192404,
                    346.3755529402216
                ],
                [
                    222.41167160423686,
                    346.3755529402216
                ]
            ],
            "group_id": null,
            "description": "",
            "shape_type": "polygon",
            "flags": {},
            "mask": null
        }
    ],
    "imagePath": "IMG000618.jpeg",
    "imageData": null,
    "imageHeight": 512,
    "imageWidth": 512
}