{
    "version": "5.4.1",
    "flags": {},
    "shapes": [
        {
            "label": "osteochondroma",
            "points": [
                [
                    239.12107505867894,
                    69.1132176208081
                ],
                [
                    295.3400356606795,
                    133.84238785522166
                ]
            ],
            "group_id": null,
            "description": "",
            "shape_type": "rectangle",
            "flags": {},
            "mask": null
        },
        {
            "label": "osteochondroma",
            "points": [
                [
                    264.43415156261466,
                    132.79251422686568
                ],
                [
                    255.10628714862995,
                    133.0516215716986
                ],
                [
                    246.29663742431106,
                    130.33099445095306
                ],
                [
                    244.2237786656478,
                    127.99902834745687
                ],
                [
                    243.57601030356554,
                    120.2258080024696
                ],
                [
                    243.57601030356554,
                    110.8979435884849
                ],
                [
                    240.59627583798706,
                    98.7198983813382
                ],
                [
                    241.3735978724858,
                    92.63087577776486
                ],
                [
                    243.3169029587326,
                    86.02363848452566
                ],
                [
                    264.30459789019824,
                    79.93461588095232
                ],
                [
                    272.2073719076019,
                    71.25451982904988
                ],
                [
                    279.4623775629234,
                    69.82942943246888
                ],
                [
                    287.36515158032705,
                    72.42050288079797
                ],
                [
                    292.93595949423457,
                    81.48925994994977
                ],
                [
                    294.2314962183992,
                    87.96694357077249
                ],
                [
                    294.2314962183992,
                    93.40819781226358
                ],
                [
                    293.1950668390675,
                    98.97900572617111
                ],
                [
                    292.8064058218182,
                    107.01133341599127
                ],
                [
                    290.21533237348905,
                    117.89384189897343
                ],
                [
                    288.91979564932456,
                    121.3917910542177
                ],
                [
                    280.498806942255,
                    124.37152551979615
                ],
                [
                    278.68505552842464,
                    126.57393795087589
                ],
                [
                    277.3895188042601,
                    129.55367241645433
                ],
                [
                    276.09398208009554,
                    132.92206789928213
                ]
            ],
            "group_id": null,
            "description": "",
            "shape_type": "polygon",
            "flags": {},
            "mask": null
        }
    ],
    "imagePath": "IMG001315.jpeg",
    "imageData": null,
    "imageHeight": 512,
    "imageWidth": 512
}