{
    "version": "5.4.1",
    "flags": {},
    "shapes": [
        {
            "label": "osteosarcoma",
            "points": [
                [
                    64.74502506146513,
                    281.55038780749527
                ],
                [
                    109.95074641057339,
                    385.5235469104443
                ]
            ],
            "group_id": null,
            "description": "",
            "shape_type": "rectangle",
            "flags": {},
            "mask": null
        },
        {
            "label": "osteosarcoma",
            "points": [
                [
                    66.13597033374536,
                    307.8163046084197
                ],
                [
                    67.73012675411694,
                    299.84552250656185
                ],
                [
                    68.2083736802284,
                    295.70071581359576
                ],
                [
                    72.03434908912018,
                    288.52701192192364
                ],
                [
                    76.49798706616059,
                    286.2951929334034
                ],
                [
                    80.48337811708953,
                    285.1792834391434
                ],
                [
                    88.93240714505889,
                    284.06337394488327
                ],
                [
                    95.46844846858235,
                    284.06337394488327
                ],
                [
                    98.01909874117688,
                    285.49811472321767
                ],
                [
                    105.19280263284895,
                    288.6864275639608
                ],
                [
                    107.90286854748064,
                    294.1065593932242
                ],
                [
                    109.01877804174073,
                    303.033835347305
                ],
                [
                    109.17819368377789,
                    310.5263705230514
                ],
                [
                    84.62818481005563,
                    384.1763971442182
                ],
                [
                    82.71519710560973,
                    372.85788655958
                ],
                [
                    78.25155912856933,
                    367.43775473031667
                ],
                [
                    67.41129547004262,
                    327.2650129369529
                ],
                [
                    66.13597033374536,
                    322.4825436758382
                ],
                [
                    65.9765546917082,
                    309.7292923128656
                ]
            ],
            "group_id": null,
            "description": "",
            "shape_type": "polygon",
            "flags": {},
            "mask": null
        }
    ],
    "imagePath": "IMG000077.jpeg",
    "imageData": null,
    "imageHeight": 512,
    "imageWidth": 512
}