{
    "version": "5.4.1",
    "flags": {},
    "shapes": [
        {
            "label": "simple bone cyst",
            "points": [
                [
                    86.78265929589762,
                    206.6837358161187
                ],
                [
                    270.4311899912714,
                    271.62409077684026
                ]
            ],
            "group_id": null,
            "description": "",
            "shape_type": "rectangle",
            "flags": {},
            "mask": null
        },
        {
            "label": "simple bone cyst",
            "points": [
                [
                    88.6751084742761,
                    262.73868768263526
                ],
                [
                    89.95023465863808,
                    213.85885061542547
                ],
                [
                    93.35057115027007,
                    208.7583458779775
                ],
                [
                    99.15947932347471,
                    209.89179137518818
                ],
                [
                    106.66855574249534,
                    210.74187549809616
                ],
                [
                    118.85309483750996,
                    212.86708580536614
                ],
                [
                    147.3309129549278,
                    216.83414504560346
                ],
                [
                    160.50721686000176,
                    216.12574160984678
                ],
                [
                    186.43478260869563,
                    217.4008677942088
                ],
                [
                    210.5204994244222,
                    219.9511201629328
                ],
                [
                    226.95545913397677,
                    224.05986009032142
                ],
                [
                    245.65730983795268,
                    230.71885238643407
                ],
                [
                    256.425042061454,
                    235.81935712388204
                ],
                [
                    264.92588329053393,
                    241.06154254848133
                ],
                [
                    269.45966527937657,
                    244.745240414416
                ],
                [
                    270.16806871513324,
                    251.54591339767995
                ],
                [
                    268.32621978216594,
                    265.4306207385106
                ],
                [
                    267.6178163464093,
                    269.9644027273532
                ],
                [
                    243.53209953068273,
                    270.3894447888072
                ],
                [
                    231.91428318427344,
                    270.2477641016559
                ],
                [
                    215.33764278756752,
                    269.8227220402019
                ],
                [
                    196.49411139644025,
                    265.71398211281326
                ],
                [
                    180.48419374833966,
                    262.31364562118125
                ],
                [
                    168.72469671477907,
                    260.89683874966795
                ],
                [
                    157.5319224298238,
                    259.76339325245726
                ],
                [
                    141.23864340742054,
                    258.91330912954925
                ],
                [
                    120.69494377047728,
                    257.49650225803595
                ],
                [
                    104.25998406092269,
                    258.77162844239797
                ],
                [
                    90.09191534578942,
                    261.88860355972724
                ]
            ],
            "group_id": null,
            "description": "",
            "shape_type": "polygon",
            "flags": {},
            "mask": null
        }
    ],
    "imagePath": "IMG001462.jpeg",
    "imageData": null,
    "imageHeight": 512,
    "imageWidth": 512
}