{
    "version": "5.4.1",
    "flags": {},
    "shapes": [
        {
            "label": "simple bone cyst",
            "points": [
                [
                    219.87886009333727,
                    313.9088471849866
                ],
                [
                    258.8025022341376,
                    414.3159567073776
                ]
            ],
            "group_id": null,
            "description": "",
            "shape_type": "rectangle",
            "flags": {},
            "mask": null
        },
        {
            "label": "simple bone cyst",
            "points": [
                [
                    221.149836163241,
                    340.281600635488
                ],
                [
                    221.149836163241,
                    332.8146162248039
                ],
                [
                    221.149836163241,
                    324.394399761692
                ],
                [
                    224.16840432926222,
                    318.51613543838744
                ],
                [
                    228.14020454771125,
                    315.65643928110416
                ],
                [
                    233.8595968622778,
                    314.8620792374143
                ],
                [
                    237.037037037037,
                    315.49756727236615
                ],
                [
                    244.5040214477212,
                    318.51613543838744
                ],
                [
                    249.42905371859797,
                    323.9177837354781
                ],
                [
                    252.12987786714328,
                    332.97348823354184
                ],
                [
                    253.40085393704695,
                    337.7396484956807
                ],
                [
                    254.8307020156886,
                    344.88888888888886
                ],
                [
                    254.98957402442656,
                    350.6082812034555
                ],
                [
                    253.87746996326084,
                    358.71075364909143
                ],
                [
                    252.7653659020951,
                    363.4769139112302
                ],
                [
                    251.81213384966736,
                    369.03743421705883
                ],
                [
                    251.1766458147155,
                    373.96246648793567
                ],
                [
                    251.1766458147155,
                    378.7286267500745
                ],
                [
                    252.60649389335717,
                    388.41981928309
                ],
                [
                    255.78393406811637,
                    394.2980836063946
                ],
                [
                    257.05491013802003,
                    397.7932677986297
                ],
                [
                    257.69039817297187,
                    404.7836361831
                ],
                [
                    257.69039817297187,
                    407.1667163141694
                ],
                [
                    257.372654155496,
                    410.6619005064045
                ],
                [
                    250.54115777976364,
                    413.04498063747394
                ],
                [
                    241.9620693079138,
                    410.5030284976666
                ],
                [
                    239.26124515936846,
                    403.6715321219343
                ],
                [
                    240.21447721179626,
                    394.9335716413464
                ],
                [
                    241.00883725548604,
                    387.46658723066224
                ],
                [
                    239.73786118558237,
                    384.448019064641
                ],
                [
                    236.71929301956112,
                    380.63509085492996
                ],
                [
                    231.4765167312084,
                    376.34554661900506
                ],
                [
                    230.20554066130472,
                    363.4769139112302
                ],
                [
                    228.93456459140103,
                    352.8324893257869
                ],
                [
                    223.53291629431038,
                    346.47760897626847
                ],
                [
                    221.4675801807169,
                    338.2162645218945
                ]
            ],
            "group_id": null,
            "description": "",
            "shape_type": "polygon",
            "flags": {},
            "mask": null
        }
    ],
    "imagePath": "IMG001372.jpeg",
    "imageData": null,
    "imageHeight": 512,
    "imageWidth": 512
}