{
    "version": "5.4.1",
    "flags": {},
    "shapes": [
        {
            "label": "osteochondroma",
            "points": [
                [
                    197.97198304200958,
                    124.4335623115464
                ],
                [
                    230.70543879933805,
                    175.04273504273507
                ]
            ],
            "group_id": null,
            "description": "",
            "shape_type": "rectangle",
            "flags": {},
            "mask": null
        },
        {
            "label": "osteochondroma",
            "points": [
                [
                    210.83578040663366,
                    125.69824090387897
                ],
                [
                    206.8264955113684,
                    129.85071454540372
                ],
                [
                    201.95807813854628,
                    136.4373968733395
                ],
                [
                    198.95111446709734,
                    146.31742036524318
                ],
                [
                    198.95111446709734,
                    151.6154039768437
                ],
                [
                    200.8125681684705,
                    156.6270100959253
                ],
                [
                    204.24909807869787,
                    161.78180496126635
                ],
                [
                    205.96736303381155,
                    166.07746734905055
                ],
                [
                    207.11287300388736,
                    167.65254355790475
                ],
                [
                    215.13144279441786,
                    173.66647090080266
                ],
                [
                    227.87524121151102,
                    168.22529854294265
                ],
                [
                    228.87756243532735,
                    157.34295382722266
                ],
                [
                    229.0207511815868,
                    146.46060911150266
                ],
                [
                    223.00682383868892,
                    137.86928433593425
                ],
                [
                    216.42014151075313,
                    129.56433705288478
                ]
            ],
            "group_id": null,
            "description": "",
            "shape_type": "polygon",
            "flags": {},
            "mask": null
        }
    ],
    "imagePath": "IMG000842.jpeg",
    "imageData": null,
    "imageHeight": 512,
    "imageWidth": 512
}