{
    "version": "5.4.1",
    "flags": {},
    "shapes": [
        {
            "label": "osteochondroma",
            "points": [
                [
                    207.13714704803812,
                    285.38320498716536
                ],
                [
                    214.0341632802736,
                    300.4033736707004
                ]
            ],
            "group_id": null,
            "description": "",
            "shape_type": "rectangle",
            "flags": {},
            "mask": null
        },
        {
            "label": "osteochondroma",
            "points": [
                [
                    210.19869043961455,
                    286.53086089389717
                ],
                [
                    209.09924115534676,
                    289.15262457176647
                ],
                [
                    209.09924115534676,
                    290.08292781230074
                ],
                [
                    209.01466813348003,
                    292.87383753390355
                ],
                [
                    208.338083958546,
                    294.0578598400381
                ],
                [
                    207.8306458273455,
                    296.00303934297335
                ],
                [
                    208.338083958546,
                    297.8636458240419
                ],
                [
                    209.18381417721355,
                    298.87852208644284
                ],
                [
                    210.4524095052148,
                    300.0625443925774
                ],
                [
                    211.80557785508282,
                    300.23169043631094
                ],
                [
                    212.73588109561706,
                    298.37108395524234
                ],
                [
                    212.73588109561706,
                    296.7641965397741
                ],
                [
                    212.73588109561706,
                    293.88871379630456
                ],
                [
                    212.9896001612173,
                    292.9584105557703
                ],
                [
                    213.9199034017516,
                    291.18237709656853
                ],
                [
                    214.00447642361834,
                    289.4063436373668
                ],
                [
                    211.04442065828204,
                    286.1925688064302
                ]
            ],
            "group_id": null,
            "description": "",
            "shape_type": "polygon",
            "flags": {},
            "mask": null
        }
    ],
    "imagePath": "IMG001111.jpeg",
    "imageData": null,
    "imageHeight": 512,
    "imageWidth": 512
}