{
    "version": "5.4.1",
    "flags": {},
    "shapes": [
        {
            "label": "simple bone cyst",
            "points": [
                [
                    234.19761256001038,
                    323.86142467886333
                ],
                [
                    269.6978071882704,
                    352.0954975995848
                ]
            ],
            "group_id": null,
            "description": "",
            "shape_type": "rectangle",
            "flags": {},
            "mask": null
        },
        {
            "label": "simple bone cyst",
            "points": [
                [
                    234.3918510066374,
                    350.34642493781087
                ],
                [
                    235.3327491701151,
                    346.2406874971808
                ],
                [
                    235.07614058007573,
                    341.62173287647204
                ],
                [
                    235.41828536679492,
                    337.4304592391622
                ],
                [
                    235.41828536679492,
                    333.9234751752907
                ],
                [
                    237.9843712671887,
                    331.95614265165545
                ],
                [
                    242.77439828125705,
                    330.7586358981384
                ],
                [
                    247.05120811524665,
                    329.6466653413011
                ],
                [
                    251.67016273595544,
                    329.04791196454255
                ],
                [
                    253.63749525959065,
                    327.2516518342669
                ],
                [
                    256.4601897500238,
                    325.62646409735083
                ],
                [
                    260.56592719065384,
                    324.6855659338732
                ],
                [
                    265.95470758148076,
                    324.42895734383376
                ],
                [
                    268.52079348187453,
                    327.08057944090734
                ],
                [
                    268.9484744652734,
                    332.1272150450151
                ],
                [
                    269.0340106619533,
                    336.31848868232487
                ],
                [
                    268.6063296785543,
                    339.7399365495166
                ],
                [
                    268.52079348187453,
                    341.96387766319117
                ],
                [
                    267.83650390843616,
                    343.7601377934668
                ],
                [
                    266.4679247615595,
                    346.6683684805798
                ],
                [
                    262.19111492756986,
                    350.26088874113105
                ],
                [
                    258.94073945373776,
                    351.11625070792894
                ],
                [
                    256.1180449633046,
                    351.2873231012885
                ],
                [
                    250.9003369658373,
                    351.3728592979683
                ],
                [
                    245.68262896836998,
                    351.7150040846875
                ],
                [
                    238.668660840627,
                    351.6294678880077
                ],
                [
                    234.6484595966768,
                    351.20178690460875
                ]
            ],
            "group_id": null,
            "description": "",
            "shape_type": "polygon",
            "flags": {},
            "mask": null
        }
    ],
    "imagePath": "IMG000237.jpeg",
    "imageData": null,
    "imageHeight": 512,
    "imageWidth": 512
}