{
    "version": "5.4.1",
    "flags": {},
    "shapes": [
        {
            "label": "osteochondroma",
            "points": [
                [
                    263.3590551181102,
                    385.09186351706035
                ],
                [
                    280.1569553805774,
                    407.3490813648294
                ]
            ],
            "group_id": null,
            "description": "",
            "shape_type": "rectangle",
            "flags": {},
            "mask": null
        },
        {
            "label": "osteochondroma",
            "points": [
                [
                    270.15555555555557,
                    386.1333333333333
                ],
                [
                    264.02222222222224,
                    405.68888888888887
                ],
                [
                    265.0,
                    405.9555555555555
                ],
                [
                    268.9111111111111,
                    402.84444444444443
                ],
                [
                    272.02222222222224,
                    399.73333333333335
                ],
                [
                    275.48888888888894,
                    399.91111111111115
                ],
                [
                    278.06666666666666,
                    398.1333333333333
                ],
                [
                    279.48888888888894,
                    391.2888888888889
                ],
                [
                    277.5333333333333,
                    390.75555555555553
                ],
                [
                    276.64444444444445,
                    391.73333333333335
                ],
                [
                    274.4222222222222,
                    391.46666666666664
                ],
                [
                    272.02222222222224,
                    391.2
                ],
                [
                    271.1333333333333,
                    385.68888888888887
                ]
            ],
            "group_id": null,
            "description": "",
            "shape_type": "polygon",
            "flags": {},
            "mask": null
        }
    ],
    "imagePath": "IMG000771.jpeg",
    "imageData": null,
    "imageHeight": 512,
    "imageWidth": 512
}