{
    "version": "5.4.1",
    "flags": {},
    "shapes": [
        {
            "label": "osteochondroma",
            "points": [
                [
                    234.60965794768615,
                    118.12743125419182
                ],
                [
                    243.02280348759223,
                    135.2971160295104
                ]
            ],
            "group_id": null,
            "description": "",
            "shape_type": "rectangle",
            "flags": {},
            "mask": null
        },
        {
            "label": "osteochondroma",
            "points": [
                [
                    241.94914983794564,
                    119.35178259785589
                ],
                [
                    240.67266018449266,
                    135.30790326601846
                ],
                [
                    239.26852156569433,
                    131.98903016704062
                ],
                [
                    238.37497880827723,
                    130.32959361755172
                ],
                [
                    235.43905260533532,
                    129.81899775617052
                ],
                [
                    235.18375467464472,
                    127.64896534530041
                ],
                [
                    235.69435053602592,
                    125.4789329344303
                ],
                [
                    237.22613812016954,
                    124.33009224632261
                ],
                [
                    238.88557466965844,
                    123.4365494889055
                ],
                [
                    240.80030914983794,
                    120.88357018199949
                ]
            ],
            "group_id": null,
            "description": "",
            "shape_type": "polygon",
            "flags": {},
            "mask": null
        }
    ],
    "imagePath": "IMG000373.jpeg",
    "imageData": null,
    "imageHeight": 512,
    "imageWidth": 512
}