{
    "version": "5.4.1",
    "flags": {},
    "shapes": [
        {
            "label": "multiple osteochondromas",
            "points": [
                [
                    247.43809523809526,
                    82.66666666666666
                ],
                [
                    356.8741573033708,
                    300.5842696629214
                ]
            ],
            "group_id": null,
            "description": "",
            "shape_type": "rectangle",
            "flags": {},
            "mask": null
        },
        {
            "label": "multiple osteochondromas",
            "points": [
                [
                    162.10476190476192,
                    371.8095238095238
                ],
                [
                    317.6831460674157,
                    502.29213483146066
                ]
            ],
            "group_id": null,
            "description": "",
            "shape_type": "rectangle",
            "flags": {},
            "mask": null
        },
        {
            "label": "multiple osteochondromas",
            "points": [
                [
                    265.72380952380956,
                    98.28571428571428
                ],
                [
                    305.34285714285716,
                    121.90476190476191
                ],
                [
                    329.72380952380956,
                    143.61904761904762
                ],
                [
                    344.2,
                    191.61904761904765
                ],
                [
                    349.152380952381,
                    219.80952380952382
                ],
                [
                    354.1047619047619,
                    249.90476190476193
                ],
                [
                    354.48571428571427,
                    267.42857142857144
                ],
                [
                    346.8666666666667,
                    286.4761904761905
                ],
                [
                    309.9142857142857,
                    298.2857142857143
                ],
                [
                    282.1047619047619,
                    292.5714285714286
                ],
                [
                    275.2476190476191,
                    291.42857142857144
                ],
                [
                    272.20000000000005,
                    278.4761904761905
                ],
                [
                    279.05714285714294,
                    261.3333333333333
                ],
                [
                    284.0095238095238,
                    252.19047619047618
                ],
                [
                    260.0095238095238,
                    251.42857142857142
                ],
                [
                    255.43809523809526,
                    240.7619047619048
                ],
                [
                    266.1047619047619,
                    240.0
                ],
                [
                    270.67619047619047,
                    241.52380952380955
                ],
                [
                    275.2476190476191,
                    235.80952380952382
                ],
                [
                    268.0095238095238,
                    225.52380952380955
                ],
                [
                    271.43809523809523,
                    211.80952380952382
                ],
                [
                    278.2952380952381,
                    199.23809523809524
                ],
                [
                    276.3904761904762,
                    177.9047619047619
                ],
                [
                    259.6285714285715,
                    156.57142857142858
                ],
                [
                    253.53333333333336,
                    107.8095238095238
                ],
                [
                    250.48571428571427,
                    91.42857142857143
                ],
                [
                    254.67619047619047,
                    89.14285714285714
                ]
            ],
            "group_id": null,
            "description": "",
            "shape_type": "polygon",
            "flags": {},
            "mask": null
        },
        {
            "label": "multiple osteochondromas",
            "points": [
                [
                    164.77142857142854,
                    497.934065934066
                ],
                [
                    163.8336996336996,
                    482.6959706959707
                ],
                [
                    176.25860805860805,
                    462.0659340659341
                ],
                [
                    183.05714285714282,
                    444.01465201465203
                ],
                [
                    183.9948717948718,
                    436.0439560439561
                ],
                [
                    173.44542124542124,
                    427.83882783882785
                ],
                [
                    168.75677655677652,
                    417.05494505494505
                ],
                [
                    180.94725274725272,
                    405.8021978021978
                ],
                [
                    193.13772893772892,
                    406.5054945054945
                ],
                [
                    205.32820512820513,
                    403.6923076923077
                ],
                [
                    222.207326007326,
                    394.0805860805861
                ],
                [
                    232.28791208791208,
                    388.2197802197802
                ],
                [
                    241.66520146520148,
                    383.2967032967033
                ],
                [
                    278.00219780219777,
                    374.3882783882784
                ],
                [
                    296.05347985347987,
                    375.7948717948718
                ],
                [
                    311.29157509157506,
                    391.03296703296706
                ],
                [
                    317.38681318681313,
                    404.8644688644689
                ],
                [
                    303.55531135531135,
                    448.937728937729
                ],
                [
                    280.8153846153846,
                    471.20879120879124
                ],
                [
                    252.68351648351648,
                    489.4945054945055
                ],
                [
                    219.6285714285714,
                    497.6996336996337
                ],
                [
                    193.37216117216116,
                    487.61904761904765
                ],
                [
                    184.46373626373625,
                    487.1501831501832
                ],
                [
                    175.3208791208791,
                    495.1208791208791
                ],
                [
                    165.24029304029304,
                    500.74725274725273
                ]
            ],
            "group_id": null,
            "description": "",
            "shape_type": "polygon",
            "flags": {},
            "mask": null
        }
    ],
    "imagePath": "IMG001706.jpeg",
    "imageData": null,
    "imageHeight": 512,
    "imageWidth": 512
}