{
    "version": "5.4.1",
    "flags": {},
    "shapes": [
        {
            "label": "osteosarcoma",
            "points": [
                [
                    241.41856998032083,
                    104.86397519231919
                ],
                [
                    284.92742560677436,
                    280.4260242113424
                ]
            ],
            "group_id": null,
            "description": "",
            "shape_type": "rectangle",
            "flags": {},
            "mask": null
        },
        {
            "label": "osteosarcoma",
            "points": [
                [
                    246.53049872297106,
                    120.0643513511057
                ],
                [
                    243.7383045055035,
                    141.93653938793503
                ],
                [
                    242.57489024822533,
                    157.75897328691795
                ],
                [
                    241.87684169385844,
                    172.88335863153398
                ],
                [
                    241.87684169385844,
                    197.31505803437526
                ],
                [
                    245.13440161423728,
                    261.7682078875851
                ],
                [
                    252.34757000936187,
                    275.72917897492295
                ],
                [
                    256.53586133556325,
                    279.6847874496687
                ],
                [
                    268.8680524627117,
                    279.91747030112435
                ],
                [
                    271.194880977268,
                    271.5408876487216
                ],
                [
                    272.12561238309047,
                    254.32235664100492
                ],
                [
                    275.615855154925,
                    242.920896919679
                ],
                [
                    277.9426836694813,
                    218.02383181392642
                ],
                [
                    283.06170640150515,
                    204.2955435780442
                ],
                [
                    283.52707210441645,
                    194.05749811399644
                ],
                [
                    284.69048636169464,
                    117.73752283654939
                ],
                [
                    281.898292144227,
                    108.66289162977978
                ],
                [
                    269.5661010170785,
                    105.87069741231218
                ],
                [
                    259.5607384044864,
                    106.10338026376783
                ],
                [
                    246.29781587151544,
                    108.66289162977978
                ]
            ],
            "group_id": null,
            "description": "",
            "shape_type": "polygon",
            "flags": {},
            "mask": null
        }
    ],
    "imagePath": "IMG000147.jpeg",
    "imageData": null,
    "imageHeight": 512,
    "imageWidth": 512
}