{
    "version": "5.4.1",
    "flags": {},
    "shapes": [
        {
            "label": "osteochondroma",
            "points": [
                [
                    337.7851962616822,
                    301.17084112149536
                ],
                [
                    362.6674392523364,
                    328.3499065420561
                ]
            ],
            "group_id": null,
            "description": "",
            "shape_type": "rectangle",
            "flags": {},
            "mask": null
        },
        {
            "label": "osteochondroma",
            "points": [
                [
                    338.24292682926836,
                    302.7543414634147
                ],
                [
                    338.9422439024391,
                    308.19902439024395
                ],
                [
                    339.69151219512196,
                    310.5966829268293
                ],
                [
                    340.9902439024391,
                    313.29404878048786
                ],
                [
                    342.7884878048781,
                    316.9404878048781
                ],
                [
                    345.2860487804879,
                    320.73678048780494
                ],
                [
                    347.83356097560977,
                    323.53404878048786
                ],
                [
                    350.23121951219514,
                    325.0325853658537
                ],
                [
                    352.4290731707317,
                    326.93073170731714
                ],
                [
                    353.6279024390244,
                    327.3303414634147
                ],
                [
                    356.5750243902439,
                    327.1305365853659
                ],
                [
                    356.7748292682927,
                    325.68195121951226
                ],
                [
                    356.6749268292683,
                    323.73385365853665
                ],
                [
                    358.47317073170734,
                    323.833756097561
                ],
                [
                    359.5720975609757,
                    322.3352195121952
                ],
                [
                    361.0206829268293,
                    319.2881951219513
                ],
                [
                    359.7719024390244,
                    315.74165853658536
                ],
                [
                    357.3742439024391,
                    312.24507317073176
                ],
                [
                    353.6279024390244,
                    309.4478048780488
                ],
                [
                    351.6298536585366,
                    307.8993170731708
                ],
                [
                    343.3379512195122,
                    304.8023414634147
                ],
                [
                    339.84136585365854,
                    302.85424390243907
                ]
            ],
            "group_id": null,
            "description": "",
            "shape_type": "polygon",
            "flags": {},
            "mask": null
        }
    ],
    "imagePath": "IMG001789.jpeg",
    "imageData": null,
    "imageHeight": 512,
    "imageWidth": 512
}