{
    "version": "5.4.1",
    "flags": {},
    "shapes": [
        {
            "label": "osteochondroma",
            "points": [
                [
                    240.4320921669933,
                    329.7335946315102
                ],
                [
                    257.5352455609003,
                    367.74060217352576
                ]
            ],
            "group_id": null,
            "description": "",
            "shape_type": "rectangle",
            "flags": {},
            "mask": null
        },
        {
            "label": "osteochondroma",
            "points": [
                [
                    255.30502304286878,
                    330.02761110494833
                ],
                [
                    240.8480179099059,
                    343.71013382007396
                ],
                [
                    240.97709831287878,
                    348.098867521152
                ],
                [
                    242.91330435747201,
                    348.8733499389893
                ],
                [
                    245.62399281990258,
                    350.16415396871815
                ],
                [
                    246.9147968496314,
                    352.1003600133114
                ],
                [
                    247.6892792674687,
                    354.681968072769
                ],
                [
                    247.94744007341447,
                    356.36001331141654
                ],
                [
                    246.9147968496314,
                    361.26506862438606
                ],
                [
                    246.9147968496314,
                    363.2012746689793
                ],
                [
                    247.56019886449582,
                    365.1374807135726
                ],
                [
                    254.01421901313998,
                    365.2665611165454
                ],
                [
                    254.78870143097726,
                    362.16863144519624
                ],
                [
                    254.78870143097726,
                    357.52173693817247
                ],
                [
                    254.91778183395016,
                    349.90599316277235
                ],
                [
                    254.78870143097726,
                    346.93714389439606
                ],
                [
                    254.4014602220586,
                    346.0335810735858
                ],
                [
                    255.9504250577332,
                    342.2902493873722
                ],
                [
                    256.208585863679,
                    337.5142744773756
                ],
                [
                    256.208585863679,
                    334.2872644030535
                ],
                [
                    255.5631838488146,
                    331.576575940623
                ]
            ],
            "group_id": null,
            "description": "",
            "shape_type": "polygon",
            "flags": {},
            "mask": null
        }
    ],
    "imagePath": "IMG001260.jpeg",
    "imageData": null,
    "imageHeight": 512,
    "imageWidth": 512
}