{
    "version": "5.4.1",
    "flags": {},
    "shapes": [
        {
            "label": "multiple osteochondromas",
            "points": [
                [
                    215.62893614979166,
                    425.4005934718101
                ],
                [
                    237.33304806161868,
                    473.47724891423456
                ]
            ],
            "group_id": null,
            "description": "",
            "shape_type": "rectangle",
            "flags": {},
            "mask": null
        },
        {
            "label": "multiple osteochondromas",
            "points": [
                [
                    217.92220080462621,
                    425.8920073264175
                ],
                [
                    221.2801954777768,
                    426.38342118102497
                ],
                [
                    226.7676501875595,
                    430.06902509058045
                ],
                [
                    233.07412798835455,
                    437.93164676429893
                ],
                [
                    234.79407647948045,
                    446.61329152902977
                ],
                [
                    236.43212266150513,
                    457.42439633039265
                ],
                [
                    236.67782958880883,
                    463.485167203884
                ],
                [
                    236.67782958880883,
                    467.98979420445187
                ],
                [
                    235.28549033408785,
                    470.52876578659016
                ],
                [
                    229.30662176969776,
                    472.9858350596271
                ],
                [
                    226.84955249666072,
                    472.8220304414247
                ],
                [
                    223.73726475081384,
                    468.31740344085676
                ],
                [
                    222.09921856878915,
                    465.4508226223136
                ],
                [
                    219.88785622305582,
                    461.43760947635315
                ],
                [
                    218.3317123501324,
                    458.0796148032025
                ],
                [
                    217.1031777136139,
                    453.82069472993834
                ],
                [
                    216.12035000439906,
                    450.2169931294841
                ],
                [
                    216.61176385900646,
                    443.7467107104865
                ],
                [
                    217.6764938773225,
                    438.0135490734002
                ],
                [
                    217.92220080462621,
                    433.59082438193354
                ],
                [
                    217.75839618642377,
                    429.08619738136565
                ]
            ],
            "group_id": null,
            "description": "",
            "shape_type": "polygon",
            "flags": {},
            "mask": null
        }
    ],
    "imagePath": "IMG000940.jpeg",
    "imageData": null,
    "imageHeight": 512,
    "imageWidth": 512
}