{
    "version": "5.4.1",
    "flags": {},
    "shapes": [
        {
            "label": "osteochondroma",
            "points": [
                [
                    271.62813999330535,
                    137.9355078662551
                ],
                [
                    320.37734964852905,
                    217.91467995685647
                ]
            ],
            "group_id": null,
            "description": "",
            "shape_type": "rectangle",
            "flags": {},
            "mask": null
        },
        {
            "label": "osteochondroma",
            "points": [
                [
                    316.0140107328595,
                    142.15444543439074
                ],
                [
                    308.80020305409937,
                    141.305762178066
                ],
                [
                    300.101199676771,
                    141.0935913639848
                ],
                [
                    296.2821250233098,
                    147.45871578642024
                ],
                [
                    290.34134222903674,
                    150.21693636947558
                ],
                [
                    284.18838862068253,
                    155.94554834966743
                ],
                [
                    278.45977664049065,
                    163.58369765658992
                ],
                [
                    275.70155605743525,
                    168.67579719453826
                ],
                [
                    274.8528728011106,
                    179.0721670845161
                ],
                [
                    274.4285311729482,
                    189.89287860265628
                ],
                [
                    274.21636035886706,
                    199.2283944222282
                ],
                [
                    277.8232641982471,
                    206.01786047282596
                ],
                [
                    287.79529246006257,
                    209.20042268404367
                ],
                [
                    295.0091001388227,
                    215.35337629239788
                ],
                [
                    303.2837618879887,
                    216.4142303628038
                ],
                [
                    306.2541532851252,
                    216.62640117688497
                ],
                [
                    309.2245446822618,
                    205.16917721650125
                ],
                [
                    308.1636906118559,
                    201.13793174895883
                ],
                [
                    307.9515197977747,
                    193.49978244203632
                ],
                [
                    312.6192777075607,
                    191.37807430122453
                ],
                [
                    317.71137724550897,
                    189.89287860265628
                ],
                [
                    319.8330853863208,
                    179.49650871267843
                ],
                [
                    318.7722313159149,
                    173.7678967324866
                ],
                [
                    317.9235480595902,
                    164.64455172699581
                ],
                [
                    319.8330853863208,
                    157.64291486231687
                ]
            ],
            "group_id": null,
            "description": "",
            "shape_type": "polygon",
            "flags": {},
            "mask": null
        }
    ],
    "imagePath": "IMG001731.jpeg",
    "imageData": null,
    "imageHeight": 512,
    "imageWidth": 512
}