{
    "version": "5.4.1",
    "flags": {},
    "shapes": [
        {
            "label": "osteosarcoma",
            "points": [
                [
                    151.20257669082736,
                    90.57564240854056
                ],
                [
                    192.23465301786803,
                    141.25797323399956
                ]
            ],
            "group_id": null,
            "description": "",
            "shape_type": "rectangle",
            "flags": {},
            "mask": null
        },
        {
            "label": "osteosarcoma",
            "points": [
                [
                    167.47336785834574,
                    140.7421131265095
                ],
                [
                    159.95654914920507,
                    139.34192140617938
                ],
                [
                    153.41719141964882,
                    130.64086417856961
                ],
                [
                    152.23764910664005,
                    116.7484769364665
                ],
                [
                    152.36870936364102,
                    108.36062048840425
                ],
                [
                    155.3830952746634,
                    101.54548712435367
                ],
                [
                    161.41186709670814,
                    95.6477755593099
                ],
                [
                    167.04745814774995,
                    93.15763067629143
                ],
                [
                    172.81410945579273,
                    91.45384733527877
                ],
                [
                    177.66333896482874,
                    91.45384733527877
                ],
                [
                    186.18225566989196,
                    94.33717298930017
                ],
                [
                    190.50724415092407,
                    99.31746275533715
                ],
                [
                    192.34208774893767,
                    104.95305380637896
                ],
                [
                    192.07996723493574,
                    115.17575385245485
                ],
                [
                    190.769364664926,
                    120.1560436184918
                ],
                [
                    187.75497875390363,
                    132.08252700558032
                ],
                [
                    186.83755695489683,
                    134.96585265960172
                ],
                [
                    181.59514667485792,
                    138.50447959862797
                ],
                [
                    175.35865807283648,
                    140.37364162115946
                ]
            ],
            "group_id": null,
            "description": "",
            "shape_type": "polygon",
            "flags": {},
            "mask": null
        }
    ],
    "imagePath": "IMG000204.jpeg",
    "imageData": null,
    "imageHeight": 512,
    "imageWidth": 512
}