{
    "version": "5.4.1",
    "flags": {},
    "shapes": [
        {
            "label": "osteochondroma",
            "points": [
                [
                    205.61459874586063,
                    355.5420277601635
                ],
                [
                    218.69146762488552,
                    382.3721552878179
                ]
            ],
            "group_id": null,
            "description": "",
            "shape_type": "rectangle",
            "flags": {},
            "mask": null
        },
        {
            "label": "osteochondroma",
            "points": [
                [
                    322.39382928539555,
                    328.008669599031
                ],
                [
                    334.63326321157643,
                    346.2318267780115
                ]
            ],
            "group_id": null,
            "description": "",
            "shape_type": "rectangle",
            "flags": {},
            "mask": null
        },
        {
            "label": "osteochondroma",
            "points": [
                [
                    214.67881110498638,
                    356.45935375488887
                ],
                [
                    205.9432151263004,
                    372.6986026896256
                ],
                [
                    206.2791995870191,
                    374.3785249932191
                ],
                [
                    208.18311153109167,
                    374.3785249932191
                ],
                [
                    208.4071011715708,
                    375.6104680158542
                ],
                [
                    208.85508045252905,
                    377.29039031944774
                ],
                [
                    208.7430856322895,
                    379.1943022635203
                ],
                [
                    208.4071011715708,
                    380.7622297468742
                ],
                [
                    210.19901829540382,
                    381.2102090278325
                ],
                [
                    212.66290434067423,
                    381.2102090278325
                ],
                [
                    214.79080592522595,
                    380.53824010639505
                ],
                [
                    217.1426971502568,
                    376.7304162182499
                ],
                [
                    217.47868161097549,
                    372.47461304914646
                ],
                [
                    217.92666089193375,
                    368.55479434076176
                ],
                [
                    217.92666089193375,
                    363.8510118907001
                ],
                [
                    216.8067126895381,
                    360.267177643034
                ],
                [
                    215.68676448714248,
                    357.69129677752403
                ]
            ],
            "group_id": null,
            "description": "",
            "shape_type": "polygon",
            "flags": {},
            "mask": null
        },
        {
            "label": "osteochondroma",
            "points": [
                [
                    323.47030961866204,
                    328.4592183997032
                ],
                [
                    334.343252528185,
                    335.75372440229455
                ],
                [
                    333.1733789239958,
                    336.7171497233915
                ],
                [
                    332.0035053198066,
                    337.19886238394
                ],
                [
                    331.9346892254426,
                    338.29991989376515
                ],
                [
                    331.8658731310785,
                    339.67624178104654
                ],
                [
                    332.0035053198066,
                    341.80954070633265
                ],
                [
                    332.0723214141707,
                    343.18586259361405
                ],
                [
                    332.9669306409036,
                    344.4245522921673
                ],
                [
                    333.03574673526765,
                    345.38797761326424
                ],
                [
                    330.35191905506895,
                    345.25034542453614
                ],
                [
                    327.53045918614214,
                    345.0438971414439
                ],
                [
                    326.429401676317,
                    344.4245522921673
                ],
                [
                    324.98426369467154,
                    342.8417821217937
                ],
                [
                    324.08965446793866,
                    340.0203222528669
                ],
                [
                    324.0208383735746,
                    337.13004628957594
                ],
                [
                    323.1950452412058,
                    333.75805766573654
                ],
                [
                    323.1262291468417,
                    329.1473793433439
                ]
            ],
            "group_id": null,
            "description": "",
            "shape_type": "polygon",
            "flags": {},
            "mask": null
        }
    ],
    "imagePath": "IMG000430.jpeg",
    "imageData": null,
    "imageHeight": 512,
    "imageWidth": 512
}