{
    "version": "5.4.1",
    "flags": {},
    "shapes": [
        {
            "label": "osteochondroma",
            "points": [
                [
                    332.456926239355,
                    332.2659974905897
                ],
                [
                    343.2206946261246,
                    353.2809738647588
                ]
            ],
            "group_id": null,
            "description": "",
            "shape_type": "rectangle",
            "flags": {},
            "mask": null
        },
        {
            "label": "osteochondroma",
            "points": [
                [
                    342.75903057518315,
                    336.2106143652732
                ],
                [
                    342.75903057518315,
                    351.42556516762414
                ],
                [
                    337.82825948182875,
                    349.03061920799485
                ],
                [
                    334.72891765172017,
                    343.8180897664487
                ],
                [
                    333.0383675625701,
                    337.4785269321358
                ],
                [
                    334.30628012943265,
                    334.23830592793144
                ],
                [
                    335.1515551740077,
                    333.3930308833564
                ],
                [
                    339.6596887450747,
                    336.6332518875608
                ]
            ],
            "group_id": null,
            "description": "",
            "shape_type": "polygon",
            "flags": {},
            "mask": null
        }
    ],
    "imagePath": "IMG000773.jpeg",
    "imageData": null,
    "imageHeight": 512,
    "imageWidth": 512
}