{
    "version": "5.4.1",
    "flags": {},
    "shapes": [
        {
            "label": "multiple osteochondromas",
            "points": [
                [
                    185.37787676317745,
                    23.376391982182632
                ],
                [
                    292.9472902746845,
                    200.50482553823312
                ]
            ],
            "group_id": null,
            "description": "",
            "shape_type": "rectangle",
            "flags": {},
            "mask": null
        },
        {
            "label": "multiple osteochondromas",
            "points": [
                [
                    171.69413511507054,
                    256.7602078693393
                ],
                [
                    297.8886414253898,
                    357.86785449146254
                ]
            ],
            "group_id": null,
            "description": "",
            "shape_type": "rectangle",
            "flags": {},
            "mask": null
        },
        {
            "label": "multiple osteochondromas",
            "points": [
                [
                    234.14052536839853,
                    38.71592885254903
                ],
                [
                    235.39018213991517,
                    29.655917259053588
                ],
                [
                    221.3315434603533,
                    25.28211855874545
                ],
                [
                    219.45705830307838,
                    26.219361137382904
                ],
                [
                    214.4584312170119,
                    35.904201116636656
                ],
                [
                    214.77084540989108,
                    44.651798517252935
                ],
                [
                    217.89498733868257,
                    57.77319461817737
                ],
                [
                    214.14601702413273,
                    65.27113524727704
                ],
                [
                    202.27427769472496,
                    71.83183329773927
                ],
                [
                    201.6494493089666,
                    86.82771455593861
                ],
                [
                    203.2115202733624,
                    88.70219971321353
                ],
                [
                    196.33840803002101,
                    98.38703969246727
                ],
                [
                    190.40253836531713,
                    108.38429386460018
                ],
                [
                    188.84046740092134,
                    115.88223449369984
                ],
                [
                    191.33978094395457,
                    122.75534673704121
                ],
                [
                    191.65219513683374,
                    140.25054153827378
                ],
                [
                    191.33978094395457,
                    154.93400860359398
                ],
                [
                    246.94950727644385,
                    191.17405497757574
                ],
                [
                    254.13503371266435,
                    188.98715562742166
                ],
                [
                    260.3833175702474,
                    188.6747414345425
                ],
                [
                    267.8812581993471,
                    190.23681239893827
                ],
                [
                    283.81438203618393,
                    173.9912743692223
                ],
                [
                    284.4392104219422,
                    157.4333221466272
                ],
                [
                    278.8157549501174,
                    149.3105531317692
                ],
                [
                    278.19092656435913,
                    140.25054153827378
                ],
                [
                    281.6274826860298,
                    121.19327577264544
                ],
                [
                    276.9412697928425,
                    118.38154803673307
                ],
                [
                    278.5033407572382,
                    105.5725661286878
                ],
                [
                    283.5019678433047,
                    99.32428227110474
                ],
                [
                    289.12542331512947,
                    92.45117002776337
                ],
                [
                    292.5619794368002,
                    86.2028861701803
                ],
                [
                    288.8130091222504,
                    84.01598682002623
                ],
                [
                    283.5019678433047,
                    88.07737132745523
                ],
                [
                    279.1281691429966,
                    94.63806937791745
                ],
                [
                    273.1922994782927,
                    97.13738292095066
                ]
            ],
            "group_id": null,
            "description": "",
            "shape_type": "polygon",
            "flags": {},
            "mask": null
        },
        {
            "label": "multiple osteochondromas",
            "points": [
                [
                    182.59218354333828,
                    259.59276321811024
                ],
                [
                    248.1991640479604,
                    258.6555206394728
                ],
                [
                    257.2591756414559,
                    259.59276321811024
                ],
                [
                    261.632974341764,
                    267.0907038472099
                ],
                [
                    264.1322878847973,
                    278.0252005979803
                ],
                [
                    264.4447020776764,
                    287.3976263843549
                ],
                [
                    265.38194465631386,
                    294.5831528205754
                ],
                [
                    268.1936723922262,
                    300.2066082924001
                ],
                [
                    273.1922994782927,
                    300.83143667815847
                ],
                [
                    282.87713945754643,
                    311.7659334289288
                ],
                [
                    285.6888671934588,
                    313.9528327790829
                ],
                [
                    292.8743936296793,
                    317.38938890075354
                ],
                [
                    297.2481923299875,
                    325.1997437227324
                ],
                [
                    295.0612929798334,
                    332.0728559660738
                ],
                [
                    290.9999084724044,
                    334.8845837019862
                ],
                [
                    290.3750800866461,
                    343.00735271684414
                ],
                [
                    281.6274826860298,
                    340.19562498093177
                ],
                [
                    275.6916130213259,
                    336.13424047350276
                ],
                [
                    272.8798852854135,
                    340.19562498093177
                ],
                [
                    267.56884400646794,
                    339.2583824022943
                ],
                [
                    258.50883241297254,
                    342.07011013820664
                ],
                [
                    244.76260792628977,
                    346.13149464563566
                ],
                [
                    226.3301705464197,
                    349.8804649601855
                ],
                [
                    216.645330567166,
                    352.0673643103396
                ],
                [
                    199.15013576593338,
                    343.63218110260243
                ],
                [
                    184.46666870061318,
                    331.7604417731946
                ],
                [
                    177.28114226439268,
                    318.01421728651184
                ],
                [
                    178.53079903590933,
                    304.58040699270833
                ],
                [
                    178.84321322878844,
                    299.2693657137627
                ],
                [
                    175.71907129999693,
                    289.2721115416298
                ],
                [
                    174.4694145284803,
                    276.1507154407053
                ],
                [
                    174.4694145284803,
                    265.84104707569327
                ],
                [
                    178.53079903590933,
                    259.2803490252311
                ]
            ],
            "group_id": null,
            "description": "",
            "shape_type": "polygon",
            "flags": {},
            "mask": null
        }
    ],
    "imagePath": "IMG001477.jpeg",
    "imageData": null,
    "imageHeight": 512,
    "imageWidth": 512
}