{
    "version": "5.4.1",
    "flags": {},
    "shapes": [
        {
            "label": "osteochondroma",
            "points": [
                [
                    193.92622003025468,
                    319.3408624655491
                ],
                [
                    205.80926290486357,
                    338.86300433097784
                ]
            ],
            "group_id": null,
            "description": "",
            "shape_type": "rectangle",
            "flags": {},
            "mask": null
        },
        {
            "label": "osteochondroma",
            "points": [
                [
                    199.52106430155212,
                    320.56762749445676
                ],
                [
                    204.4878048780488,
                    329.0820399113082
                ],
                [
                    204.60606060606062,
                    333.45750184774573
                ],
                [
                    202.2409460458241,
                    333.6940133037694
                ],
                [
                    201.05838876570584,
                    333.8122690317812
                ],
                [
                    199.9940872135994,
                    336.53215077605324
                ],
                [
                    198.4567627494457,
                    338.3059866962306
                ],
                [
                    196.5646711012565,
                    337.0051736881005
                ],
                [
                    195.14560236511457,
                    334.28529194382855
                ],
                [
                    194.7908351810791,
                    330.5011086474501
                ],
                [
                    196.5646711012565,
                    328.4907612712491
                ],
                [
                    197.39246119733926,
                    322.10495195861046
                ],
                [
                    197.74722838137473,
                    320.21286031042126
                ]
            ],
            "group_id": null,
            "description": "",
            "shape_type": "polygon",
            "flags": {},
            "mask": null
        }
    ],
    "imagePath": "IMG000743.jpeg",
    "imageData": null,
    "imageHeight": 512,
    "imageWidth": 512
}