{
    "version": "5.4.1",
    "flags": {},
    "shapes": [
        {
            "label": "osteochondroma",
            "points": [
                [
                    177.09930805964328,
                    195.60302764512878
                ],
                [
                    228.66023454504108,
                    291.44813695871096
                ]
            ],
            "group_id": null,
            "description": "",
            "shape_type": "rectangle",
            "flags": {},
            "mask": null
        },
        {
            "label": "osteochondroma",
            "points": [
                [
                    214.31465419224895,
                    287.08209076438294
                ],
                [
                    213.69093330734492,
                    289.99278822726825
                ],
                [
                    208.0774453432089,
                    291.0323230354416
                ],
                [
                    193.3160510671474,
                    289.7848812656336
                ],
                [
                    193.10814410551276,
                    286.4583698794789
                ],
                [
                    186.45512133320335,
                    281.8844167235162
                ],
                [
                    183.96023779358737,
                    276.2709287593801
                ],
                [
                    179.17837767598996,
                    268.1625572556281
                ],
                [
                    178.55465679108596,
                    260.46999967514535
                ],
                [
                    178.3467498294513,
                    250.9062794399506
                ],
                [
                    179.38628463762464,
                    242.79790793619856
                ],
                [
                    179.38628463762464,
                    233.44209466263845
                ],
                [
                    180.01000552252864,
                    226.16535100542504
                ],
                [
                    184.79186564012605,
                    218.68070038657697
                ],
                [
                    189.5737257577234,
                    214.10674723061427
                ],
                [
                    196.8504694149368,
                    210.98814280609423
                ],
                [
                    204.54302699541952,
                    209.3248871130169
                ],
                [
                    209.11698015138222,
                    208.49325926647822
                ],
                [
                    213.48302634571027,
                    207.86953838157424
                ],
                [
                    215.1462820387876,
                    207.66163141993954
                ],
                [
                    228.03651366013705,
                    198.0979111847448
                ],
                [
                    227.8286066985024,
                    202.25605041743816
                ],
                [
                    225.74953708215574,
                    208.90907318974757
                ],
                [
                    223.87837442744367,
                    213.48302634571027
                ],
                [
                    222.21511873436634,
                    218.47279342494232
                ],
                [
                    218.68070038657697,
                    225.3337231588864
                ],
                [
                    215.35418900042228,
                    228.86814150667573
                ],
                [
                    210.15651495955558,
                    231.57093200792642
                ],
                [
                    208.28535230484357,
                    233.85790858590778
                ],
                [
                    207.86953838157424,
                    237.8081408569665
                ],
                [
                    207.86953838157424,
                    242.3820940129292
                ],
                [
                    205.79046876522753,
                    250.49046551668127
                ],
                [
                    205.16674788032353,
                    255.89604651918265
                ],
                [
                    205.79046876522753,
                    261.5095344833187
                ],
                [
                    208.28535230484357,
                    266.2913946009161
                ],
                [
                    210.15651495955558,
                    269.82581294870545
                ],
                [
                    212.23558457590227,
                    275.2313939512068
                ],
                [
                    212.6513984991716,
                    278.14209141409214
                ]
            ],
            "group_id": null,
            "description": "",
            "shape_type": "polygon",
            "flags": {},
            "mask": null
        }
    ],
    "imagePath": "IMG001098.jpeg",
    "imageData": null,
    "imageHeight": 512,
    "imageWidth": 512
}