{
    "version": "5.4.1",
    "flags": {},
    "shapes": [
        {
            "label": "synovial osteochondroma",
            "points": [
                [
                    254.45515576676468,
                    233.2135475597797
                ],
                [
                    400.82914686580665,
                    384.22207135852756
                ]
            ],
            "group_id": null,
            "description": "",
            "shape_type": "rectangle",
            "flags": {},
            "mask": null
        },
        {
            "label": "synovial osteochondroma",
            "points": [
                [
                    274.1351279553706,
                    274.26106634394955
                ],
                [
                    267.3344549721066,
                    289.62554975058293
                ],
                [
                    267.3344549721066,
                    298.18936017395237
                ],
                [
                    267.8382085264225,
                    308.5163080374273
                ],
                [
                    268.3419620807383,
                    314.8132274663754
                ],
                [
                    272.37199051526505,
                    319.598886232376
                ],
                [
                    276.90577250410774,
                    324.38454499837655
                ],
                [
                    288.24022747621433,
                    325.14017532985036
                ],
                [
                    296.80403789958376,
                    326.14768243848204
                ],
                [
                    300.3303127797947,
                    325.8958056613241
                ],
                [
                    310.65726064326964,
                    329.9258340958509
                ],
                [
                    331.31115637021946,
                    332.19272509027223
                ],
                [
                    339.623090016431,
                    332.44460186743015
                ],
                [
                    355.49132697738025,
                    331.18521798164056
                ],
                [
                    360.78073929769664,
                    329.9258340958509
                ],
                [
                    370.6039336068558,
                    320.60639334100773
                ],
                [
                    383.44964924190987,
                    318.59137912374433
                ],
                [
                    385.71654023633124,
                    298.18936017395237
                ],
                [
                    382.4421421332782,
                    280.30610899573975
                ],
                [
                    382.4421421332782,
                    270.9866682408965
                ],
                [
                    381.4346350246465,
                    262.4228578175271
                ],
                [
                    370.1001800525399,
                    256.8815687200527
                ],
                [
                    369.84830327538197,
                    248.06588151952536
                ],
                [
                    366.573905172329,
                    241.01333175910347
                ],
                [
                    357.50634119464365,
                    238.49456398752426
                ],
                [
                    352.2169288743272,
                    245.29523697078818
                ],
                [
                    346.9275165540108,
                    260.4078436002637
                ],
                [
                    341.8899810108523,
                    265.94913269773804
                ],
                [
                    326.273620827061,
                    266.9566398063697
                ],
                [
                    295.5446540137942,
                    272.49792890384407
                ],
                [
                    290.0033649163198,
                    275.2685734525812
                ]
            ],
            "group_id": null,
            "description": "",
            "shape_type": "polygon",
            "flags": {},
            "mask": null
        }
    ],
    "imagePath": "IMG001119.jpeg",
    "imageData": null,
    "imageHeight": 512,
    "imageWidth": 512
}