{
    "version": "5.4.1",
    "flags": {},
    "shapes": [
        {
            "label": "osteochondroma",
            "points": [
                [
                    220.9233525522004,
                    101.31092217987558
                ],
                [
                    247.60826085540248,
                    135.5009609433532
                ]
            ],
            "group_id": null,
            "description": "",
            "shape_type": "rectangle",
            "flags": {},
            "mask": null
        },
        {
            "label": "osteochondroma",
            "points": [
                [
                    224.0304444895474,
                    103.54605816347241
                ],
                [
                    227.0922902954565,
                    102.52544289483602
                ],
                [
                    228.29847197657222,
                    101.87596045115833
                ],
                [
                    234.51494679463016,
                    103.08214213227404
                ],
                [
                    241.38090405636578,
                    105.30893908202614
                ],
                [
                    244.07161703731623,
                    109.85531618777
                ],
                [
                    245.37058192467163,
                    114.5872597059932
                ],
                [
                    245.55614833715097,
                    118.66972078053871
                ],
                [
                    245.55614833715097,
                    123.40166429876192
                ],
                [
                    243.32935138739887,
                    130.54597117921656
                ],
                [
                    240.0819391690104,
                    132.67998492272898
                ],
                [
                    236.2778277131839,
                    134.72121546000173
                ],
                [
                    233.86546435095246,
                    135.18513149120008
                ],
                [
                    226.90672388297716,
                    134.99956507872074
                ],
                [
                    224.0304444895474,
                    132.95833454144798
                ],
                [
                    223.3809620458697,
                    126.37072689843139
                ],
                [
                    221.98921395227464,
                    119.31920322421641
                ],
                [
                    221.4325147148366,
                    116.07179100582793
                ],
                [
                    221.1541650961176,
                    111.61819710632373
                ],
                [
                    221.61808112731595,
                    105.95842152570384
                ]
            ],
            "group_id": null,
            "description": "",
            "shape_type": "polygon",
            "flags": {},
            "mask": null
        }
    ],
    "imagePath": "IMG000418.jpeg",
    "imageData": null,
    "imageHeight": 512,
    "imageWidth": 512
}