{
    "version": "5.4.1",
    "flags": {},
    "shapes": [
        {
            "label": "osteochondroma",
            "points": [
                [
                    177.6945894468206,
                    311.7173145934134
                ],
                [
                    242.32681880474294,
                    399.7645236250969
                ]
            ],
            "group_id": null,
            "description": "",
            "shape_type": "rectangle",
            "flags": {},
            "mask": null
        },
        {
            "label": "osteochondroma",
            "points": [
                [
                    222.14352428743027,
                    321.68000688527417
                ],
                [
                    220.61080239637477,
                    322.44636783080193
                ],
                [
                    209.69015892260427,
                    323.59590924909355
                ],
                [
                    196.85361308501442,
                    326.2781725584407
                ],
                [
                    189.19000362973688,
                    330.1099772860794
                ],
                [
                    181.7179844108413,
                    335.09132343200986
                ],
                [
                    180.1852625197858,
                    337.3904062685931
                ],
                [
                    179.41890157425803,
                    342.5633426509054
                ],
                [
                    179.41890157425803,
                    346.0119669057803
                ],
                [
                    179.41890157425803,
                    352.33444470638426
                ],
                [
                    180.56844299254965,
                    361.9139565254812
                ],
                [
                    184.40024772018845,
                    369.5775659807587
                ],
                [
                    193.7881693029034,
                    385.6711458368415
                ],
                [
                    204.13404206752807,
                    392.5683943465913
                ],
                [
                    211.60606128642365,
                    398.6992819108133
                ],
                [
                    221.9519340510483,
                    398.89087214719524
                ],
                [
                    235.9380213069298,
                    392.75998458297323
                ],
                [
                    241.30254792562408,
                    373.4093707083975
                ],
                [
                    240.9193674528602,
                    362.1055467618631
                ],
                [
                    241.11095768924213,
                    350.4185423425649
                ],
                [
                    239.19505532542274,
                    338.15676721412086
                ],
                [
                    237.85392367074917,
                    332.02587964989885
                ],
                [
                    234.78847988863816,
                    322.44636783080193
                ],
                [
                    234.02211894311043,
                    315.5491193210521
                ],
                [
                    224.25101688763158,
                    315.74070955743406
                ],
                [
                    223.10147546933996,
                    318.61456310316316
                ]
            ],
            "group_id": null,
            "description": "",
            "shape_type": "polygon",
            "flags": {},
            "mask": null
        }
    ],
    "imagePath": "IMG001828.jpeg",
    "imageData": null,
    "imageHeight": 512,
    "imageWidth": 512
}