{
    "version": "5.4.1",
    "flags": {},
    "shapes": [
        {
            "label": "osteofibroma",
            "points": [
                [
                    181.82689354012953,
                    102.96280680620386
                ],
                [
                    230.01240776991418,
                    172.73543141093208
                ]
            ],
            "group_id": null,
            "description": "",
            "shape_type": "rectangle",
            "flags": {},
            "mask": null
        },
        {
            "label": "osteofibroma",
            "points": [
                [
                    205.209545482502,
                    170.81886954917275
                ],
                [
                    200.3285564917892,
                    171.44867458023248
                ],
                [
                    191.66873731471802,
                    169.40180822928838
                ],
                [
                    188.67716341718435,
                    166.25278307398978
                ],
                [
                    186.00049203518054,
                    163.73356294975088
                ],
                [
                    183.63872316870658,
                    158.69512270127314
                ],
                [
                    183.63872316870658,
                    153.49923119503043
                ],
                [
                    186.78774832400518,
                    137.28175164524262
                ],
                [
                    191.03893228365828,
                    122.32388215757425
                ],
                [
                    193.71560366566212,
                    115.55347807368226
                ],
                [
                    198.12423888308015,
                    109.88523279414477
                ],
                [
                    201.74561781167355,
                    105.31914631896178
                ],
                [
                    203.94993542038256,
                    104.846792545667
                ],
                [
                    209.93308321544993,
                    106.73620763884615
                ],
                [
                    217.01838981487177,
                    111.1448428562642
                ],
                [
                    220.48231748570026,
                    114.92367304262254
                ],
                [
                    225.520757734178,
                    119.48975951780551
                ],
                [
                    228.03997785841688,
                    123.26858970416383
                ],
                [
                    228.82723414724154,
                    132.24331139676485
                ],
                [
                    228.98468540500647,
                    139.1711667384218
                ],
                [
                    228.51233163171167,
                    146.41392459560856
                ],
                [
                    225.520757734178,
                    154.12903622609014
                ],
                [
                    223.316440125469,
                    158.38022018574327
                ],
                [
                    220.16741497017037,
                    162.15905037210158
                ],
                [
                    216.23113352604713,
                    167.0400393628144
                ],
                [
                    209.93308321544993,
                    169.87416200258318
                ]
            ],
            "group_id": null,
            "description": "",
            "shape_type": "polygon",
            "flags": {},
            "mask": null
        }
    ],
    "imagePath": "IMG000412.jpeg",
    "imageData": null,
    "imageHeight": 512,
    "imageWidth": 512
}