{
    "version": "5.4.1",
    "flags": {},
    "shapes": [
        {
            "label": "osteochondroma",
            "points": [
                [
                    274.3612585345537,
                    73.18618620440067
                ],
                [
                    281.917965172349,
                    91.92267800496153
                ]
            ],
            "group_id": null,
            "description": "",
            "shape_type": "rectangle",
            "flags": {},
            "mask": null
        },
        {
            "label": "osteochondroma",
            "points": [
                [
                    278.1913701180938,
                    73.60025232154013
                ],
                [
                    275.1893907688326,
                    82.19212425218406
                ],
                [
                    274.4647750638386,
                    86.7468515407182
                ],
                [
                    274.4647750638386,
                    89.33476477283985
                ],
                [
                    274.4647750638386,
                    90.99102924139773
                ],
                [
                    275.8104899445418,
                    90.16289700711879
                ],
                [
                    276.8456552373905,
                    89.33476477283985
                ],
                [
                    278.812469293803,
                    87.47146724571225
                ],
                [
                    280.2617007037911,
                    86.22926889429387
                ],
                [
                    281.40038252592467,
                    82.29564078146893
                ],
                [
                    280.5722502916457,
                    80.5358597836262
                ],
                [
                    280.46873376236084,
                    79.39717796149266
                ],
                [
                    279.537084998797,
                    76.39519861223152
                ]
            ],
            "group_id": null,
            "description": "",
            "shape_type": "polygon",
            "flags": {},
            "mask": null
        }
    ],
    "imagePath": "IMG001060.jpeg",
    "imageData": null,
    "imageHeight": 512,
    "imageWidth": 512
}