{
    "version": "5.4.1",
    "flags": {},
    "shapes": [
        {
            "label": "osteochondroma",
            "points": [
                [
                    311.780589954503,
                    388.8838671447367
                ],
                [
                    326.50032641336986,
                    408.1673646891038
                ]
            ],
            "group_id": null,
            "description": "",
            "shape_type": "rectangle",
            "flags": {},
            "mask": null
        },
        {
            "label": "osteochondroma",
            "points": [
                [
                    321.165225426095,
                    389.7837636968071
                ],
                [
                    323.15785350567955,
                    390.8122168991734
                ],
                [
                    325.1504815852642,
                    392.9334016290538
                ],
                [
                    326.3074914379262,
                    396.0187612361525
                ],
                [
                    325.92182148703887,
                    398.78272921751176
                ],
                [
                    325.40759488585576,
                    400.51824399650485
                ],
                [
                    323.41496680627114,
                    403.4107686281599
                ],
                [
                    321.2295037512429,
                    404.43922183052615
                ],
                [
                    320.52244217461606,
                    405.4033967077445
                ],
                [
                    320.26532887402453,
                    406.68896321070224
                ],
                [
                    319.0440406962146,
                    407.1389114867375
                ],
                [
                    316.60146434059476,
                    407.9102513885122
                ],
                [
                    313.9017746843834,
                    406.68896321070224
                ],
                [
                    312.87332148201716,
                    404.05355187963875
                ],
                [
                    312.23053823053823,
                    396.98293611337084
                ],
                [
                    312.2948165556861,
                    393.57618488053265
                ],
                [
                    313.9017746843834,
                    391.19788685006074
                ],
                [
                    315.5730111382285,
                    390.0408769973987
                ],
                [
                    319.42971064710196,
                    389.46237207106765
                ],
                [
                    320.58672049976394,
                    389.46237207106765
                ]
            ],
            "group_id": null,
            "description": "",
            "shape_type": "polygon",
            "flags": {},
            "mask": null
        }
    ],
    "imagePath": "IMG001316.jpeg",
    "imageData": null,
    "imageHeight": 512,
    "imageWidth": 512
}