{
    "version": "5.4.1",
    "flags": {},
    "shapes": [
        {
            "label": "other mt",
            "points": [
                [
                    129.17705854355066,
                    279.988576868158
                ],
                [
                    246.45454545454544,
                    387.3660161827702
                ]
            ],
            "group_id": null,
            "description": "",
            "shape_type": "rectangle",
            "flags": {},
            "mask": null
        },
        {
            "label": "other mt",
            "points": [
                [
                    233.88910042836744,
                    386.66032048231
                ],
                [
                    211.75360939235284,
                    375.5925749643027
                ],
                [
                    204.54434396319215,
                    372.749484372521
                ],
                [
                    194.59352689195623,
                    363.204823100111
                ],
                [
                    187.485800412502,
                    361.0725051562748
                ],
                [
                    181.7996192289386,
                    356.80786926860225
                ],
                [
                    174.08265905124546,
                    354.1678565762336
                ],
                [
                    166.67031572267177,
                    357.8232587656671
                ],
                [
                    162.10106298587976,
                    356.40171346977627
                ],
                [
                    156.11026495319692,
                    357.3155640171347
                ],
                [
                    149.81485007139457,
                    350.106298587974
                ],
                [
                    144.63636363636365,
                    353.1524670791686
                ],
                [
                    139.4578772013327,
                    346.65397429795337
                ],
                [
                    138.34094875456134,
                    343.20165000793276
                ],
                [
                    134.38092971600827,
                    340.96779311438996
                ],
                [
                    134.88862446454073,
                    335.789306679359
                ],
                [
                    135.8024750118991,
                    333.65698873552276
                ],
                [
                    136.31016976043156,
                    327.9708075519594
                ],
                [
                    136.41170871013804,
                    323.60463271458036
                ],
                [
                    135.19324131366017,
                    321.77693161986355
                ],
                [
                    133.26400126923687,
                    319.6446136760273
                ],
                [
                    131.94399492305251,
                    310.2014913533238
                ],
                [
                    133.77169601776933,
                    306.4445502141837
                ],
                [
                    137.7317150563224,
                    306.5460891638902
                ],
                [
                    144.43328573695067,
                    300.7583690306203
                ],
                [
                    141.590195145169,
                    296.5952720926543
                ],
                [
                    142.80866254164684,
                    293.34602570204663
                ],
                [
                    152.86101856258927,
                    281.9736633349199
                ],
                [
                    155.19641440583848,
                    280.755195938442
                ],
                [
                    159.15643344439155,
                    281.0598127875615
                ],
                [
                    162.20260193558624,
                    281.0598127875615
                ],
                [
                    165.1472314770744,
                    283.3952086308107
                ],
                [
                    170.63033476122482,
                    287.6598445184832
                ],
                [
                    179.56576233539585,
                    291.5183246073298
                ],
                [
                    185.04886561954623,
                    293.6506425511661
                ],
                [
                    186.6734888148501,
                    295.4783436458829
                ],
                [
                    187.99349516103445,
                    299.43836268443596
                ],
                [
                    190.32889100428366,
                    301.46914167856573
                ],
                [
                    192.15659209900048,
                    302.6876090750436
                ],
                [
                    199.5689354275742,
                    304.2106933206409
                ],
                [
                    222.82135491036016,
                    314.7707440901158
                ],
                [
                    223.4305886085991,
                    319.94923052514673
                ],
                [
                    230.23369823893384,
                    321.26923687133115
                ],
                [
                    233.381405679835,
                    321.47231477074405
                ],
                [
                    241.30144375694115,
                    321.87847056957
                ],
                [
                    244.75376804696177,
                    329.9000475963827
                ],
                [
                    245.36300174520073,
                    333.0477550372838
                ],
                [
                    245.46454069490719,
                    338.32778042202125
                ],
                [
                    245.46454069490719,
                    342.3893384102808
                ],
                [
                    243.43376170077738,
                    347.4662858956053
                ],
                [
                    243.02760590195146,
                    350.0047596382675
                ],
                [
                    243.43376170077738,
                    355.3863239727114
                ],
                [
                    244.55069014754878,
                    358.33095351419956
                ],
                [
                    245.56607964461367,
                    362.59558940187213
                ],
                [
                    246.27685229255908,
                    366.3525305410122
                ],
                [
                    245.76915754402665,
                    374.78026336665084
                ],
                [
                    245.15992384578774,
                    378.9433603046168
                ],
                [
                    243.94145644930987,
                    383.1064572425829
                ],
                [
                    242.31683325400604,
                    386.66032048231
                ]
            ],
            "group_id": null,
            "description": "",
            "shape_type": "polygon",
            "flags": {},
            "mask": null
        }
    ],
    "imagePath": "IMG000020.jpeg",
    "imageData": null,
    "imageHeight": 512,
    "imageWidth": 512
}