{
    "version": "5.4.1",
    "flags": {},
    "shapes": [
        {
            "label": "osteochondroma",
            "points": [
                [
                    225.12084844685262,
                    108.49802218142197
                ],
                [
                    297.7254489274999,
                    172.6957741853627
                ]
            ],
            "group_id": null,
            "description": "",
            "shape_type": "rectangle",
            "flags": {},
            "mask": null
        },
        {
            "label": "osteochondroma",
            "points": [
                [
                    226.81049761417862,
                    112.38173142467622
                ],
                [
                    227.8575323790048,
                    158.10224948875256
                ],
                [
                    235.01226993865032,
                    165.6059986366735
                ],
                [
                    241.2944785276074,
                    167.52556237218815
                ],
                [
                    248.44921608725292,
                    169.79413769597818
                ],
                [
                    259.44308111792776,
                    170.66666666666669
                ],
                [
                    271.6584867075665,
                    171.88820722563054
                ],
                [
                    284.3974096796183,
                    172.06271301976827
                ],
                [
                    291.37764144512613,
                    170.31765507839128
                ],
                [
                    295.5657805044308,
                    160.19631901840492
                ],
                [
                    295.5657805044308,
                    145.88684389911387
                ],
                [
                    294.69325153374234,
                    141.17518745739608
                ],
                [
                    291.55214723926383,
                    132.44989775051127
                ],
                [
                    288.23653715064756,
                    125.64417177914112
                ],
                [
                    282.30334014996595,
                    117.26789366053171
                ],
                [
                    272.70552147239266,
                    111.68370824812544
                ],
                [
                    265.72528970688484,
                    110.28766189502386
                ],
                [
                    255.60395364689845,
                    110.46216768916156
                ],
                [
                    242.51601908657125,
                    111.85821404226313
                ],
                [
                    233.61622358554874,
                    112.90524880708931
                ]
            ],
            "group_id": null,
            "description": "",
            "shape_type": "polygon",
            "flags": {},
            "mask": null
        }
    ],
    "imagePath": "IMG000259.jpeg",
    "imageData": null,
    "imageHeight": 512,
    "imageWidth": 512
}