{
    "version": "5.4.1",
    "flags": {},
    "shapes": [
        {
            "label": "multiple osteochondromas",
            "points": [
                [
                    310.69573924349527,
                    107.17391239370525
                ],
                [
                    342.450405750751,
                    165.32703659976383
                ]
            ],
            "group_id": null,
            "description": "",
            "shape_type": "rectangle",
            "flags": {},
            "mask": null
        },
        {
            "label": "multiple osteochondromas",
            "points": [
                [
                    178.32086440601972,
                    144.66737405287464
                ],
                [
                    248.33416525936659,
                    195.9339440766368
                ]
            ],
            "group_id": null,
            "description": "",
            "shape_type": "rectangle",
            "flags": {},
            "mask": null
        },
        {
            "label": "multiple osteochondromas",
            "points": [
                [
                    157.66120185913053,
                    341.3167545917833
                ],
                [
                    202.8063903875181,
                    386.07935677671003
                ]
            ],
            "group_id": null,
            "description": "",
            "shape_type": "rectangle",
            "flags": {},
            "mask": null
        },
        {
            "label": "multiple osteochondromas",
            "points": [
                [
                    257.51623750242845,
                    357.3853810171417
                ],
                [
                    337.4767832857591,
                    461.4488664385097
                ]
            ],
            "group_id": null,
            "description": "",
            "shape_type": "rectangle",
            "flags": {},
            "mask": null
        },
        {
            "label": "multiple osteochondromas",
            "points": [
                [
                    315.2005587242463,
                    117.91742188669204
                ],
                [
                    315.2005587242463,
                    160.9125829356303
                ],
                [
                    322.0116733458603,
                    148.7802850158804
                ],
                [
                    324.9915359928164,
                    142.3948650581173
                ],
                [
                    328.39709330362336,
                    138.13791841960855
                ],
                [
                    330.9512612867286,
                    133.66812444917437
                ],
                [
                    334.5696659294611,
                    129.19833047874022
                ],
                [
                    339.4651545637461,
                    125.57992583600779
                ],
                [
                    341.8064752149259,
                    120.04589520594642
                ],
                [
                    340.74223855529874,
                    116.21464323128856
                ],
                [
                    337.33668124449173,
                    115.78894856743769
                ],
                [
                    334.14397126561016,
                    120.89728453364816
                ],
                [
                    331.8026506144304,
                    123.02575785290254
                ],
                [
                    328.184245971698,
                    125.79277316793322
                ],
                [
                    326.0557726524436,
                    126.64416249563497
                ],
                [
                    321.373131350084,
                    126.00562049985865
                ],
                [
                    320.09604735853134,
                    123.87714718060428
                ]
            ],
            "group_id": null,
            "description": "",
            "shape_type": "polygon",
            "flags": {},
            "mask": null
        },
        {
            "label": "multiple osteochondromas",
            "points": [
                [
                    216.563293916935,
                    151.243452406708
                ],
                [
                    223.0512371968821,
                    150.76872484963872
                ],
                [
                    227.0073001724596,
                    149.34454217843083
                ],
                [
                    230.4886355909678,
                    148.5533295833153
                ],
                [
                    242.04033947965408,
                    148.8698146213615
                ],
                [
                    243.78100718890818,
                    152.3511500398697
                ],
                [
                    245.99640245523156,
                    156.30721301544722
                ],
                [
                    247.89531268350876,
                    161.52921614320948
                ],
                [
                    246.31288749327777,
                    166.11824919487938
                ],
                [
                    246.31288749327777,
                    169.75782713241068
                ],
                [
                    245.83815993620846,
                    175.13807277919605
                ],
                [
                    243.78100718890818,
                    180.99304598305076
                ],
                [
                    242.98979459379265,
                    183.68316880644346
                ],
                [
                    241.56561192258476,
                    186.05680659178995
                ],
                [
                    234.76118360459148,
                    189.06341445322883
                ],
                [
                    224.47541986809,
                    190.48759712443672
                ],
                [
                    217.67099155009672,
                    190.3293546054136
                ],
                [
                    214.6643836886578,
                    191.12056720052914
                ],
                [
                    205.32807506629496,
                    192.7029923907601
                ],
                [
                    191.87746094933146,
                    193.33596246685252
                ],
                [
                    181.1169696557607,
                    194.12717506196802
                ],
                [
                    177.95211927529868,
                    194.28541758099112
                ],
                [
                    179.8510295035759,
                    186.05680659178995
                ],
                [
                    180.64224209869138,
                    180.20183338793524
                ],
                [
                    180.8004846177145,
                    172.76443499384956
                ],
                [
                    179.8510295035759,
                    166.75121927097177
                ],
                [
                    179.8510295035759,
                    155.6742429393548
                ],
                [
                    180.64224209869138,
                    150.9269673686618
                ],
                [
                    181.59169721283,
                    148.5533295833153
                ],
                [
                    183.4906074411072,
                    147.60387446917673
                ],
                [
                    191.87746094933146,
                    149.661027216477
                ],
                [
                    197.09946407709376,
                    149.81926973550011
                ],
                [
                    198.04891919123236,
                    147.28738943113052
                ],
                [
                    203.11267979997154,
                    147.28738943113052
                ],
                [
                    205.01159002824875,
                    148.8698146213615
                ],
                [
                    212.13250338428824,
                    153.3006051540083
                ]
            ],
            "group_id": null,
            "description": "",
            "shape_type": "polygon",
            "flags": {},
            "mask": null
        },
        {
            "label": "multiple osteochondromas",
            "points": [
                [
                    165.76744531052003,
                    344.2993256148896
                ],
                [
                    197.09946407709376,
                    344.932295690982
                ],
                [
                    195.67528140588587,
                    349.5213287426519
                ],
                [
                    194.72582629174727,
                    353.7938767562756
                ],
                [
                    195.35879636783966,
                    356.9587271367376
                ],
                [
                    197.41594911513997,
                    363.4466704166847
                ],
                [
                    197.73243415318615,
                    367.24449087323904
                ],
                [
                    198.04891919123236,
                    369.93461369663174
                ],
                [
                    197.73243415318615,
                    376.26431445755577
                ],
                [
                    192.51043102542388,
                    376.4225569765789
                ],
                [
                    187.60491293570777,
                    374.0489191912324
                ],
                [
                    183.17412240306098,
                    374.0489191912324
                ],
                [
                    181.59169721283,
                    377.21376957169434
                ],
                [
                    180.4839995796683,
                    384.3346829277338
                ],
                [
                    177.4773917182294,
                    381.6445601043411
                ],
                [
                    174.47078385679052,
                    380.53686247117946
                ],
                [
                    171.4641759953516,
                    380.85334750922567
                ],
                [
                    169.7235082860975,
                    382.7522577375028
                ],
                [
                    166.40041538661242,
                    384.49292544675694
                ],
                [
                    161.81138233494255,
                    383.8599553706646
                ],
                [
                    161.81138233494255,
                    378.4797097238792
                ],
                [
                    160.22895714471153,
                    374.84013178634785
                ],
                [
                    159.91247210666535,
                    369.77637117760867
                ],
                [
                    159.91247210666535,
                    364.39612553082327
                ],
                [
                    160.70368470178084,
                    359.3323649220841
                ],
                [
                    165.76744531052003,
                    355.0598169084604
                ],
                [
                    166.55865790563553,
                    354.5850893513911
                ],
                [
                    166.87514294368174,
                    349.3630862236288
                ]
            ],
            "group_id": null,
            "description": "",
            "shape_type": "polygon",
            "flags": {},
            "mask": null
        },
        {
            "label": "multiple osteochondromas",
            "points": [
                [
                    311.0340777737255,
                    458.86690938761376
                ],
                [
                    272.2646606130661,
                    456.33502908324414
                ],
                [
                    267.6756275613962,
                    445.73278030869653
                ],
                [
                    266.25144489018834,
                    440.66901969995735
                ],
                [
                    263.7195645858187,
                    437.5041693194953
                ],
                [
                    260.55471420535673,
                    432.7568937488023
                ],
                [
                    260.87119924340294,
                    422.7876150503471
                ],
                [
                    261.9788968765646,
                    415.66670169430756
                ],
                [
                    262.77010947168014,
                    410.9194261236146
                ],
                [
                    260.3964716863336,
                    406.33039307194474
                ],
                [
                    258.18107642001024,
                    402.6908151344134
                ],
                [
                    258.18107642001024,
                    395.56990177837395
                ],
                [
                    266.56792992823455,
                    378.9544372809484
                ],
                [
                    277.4866637408284,
                    358.5411523269686
                ],
                [
                    290.14606526267636,
                    358.3829098079455
                ],
                [
                    305.97031716498634,
                    358.2246672889224
                ],
                [
                    314.1989281541875,
                    357.90818225087617
                ],
                [
                    327.8077847901741,
                    361.3895176693844
                ],
                [
                    334.4539705891443,
                    375.63134438146335
                ],
                [
                    335.8781532603522,
                    381.01159002824875
                ],
                [
                    336.03639577937525,
                    385.4423805608955
                ],
                [
                    336.03639577937525,
                    392.0885663598657
                ],
                [
                    332.2385753228209,
                    395.25341674032774
                ],
                [
                    331.2891202086823,
                    398.57650963981285
                ],
                [
                    331.2891202086823,
                    410.1282135284991
                ],
                [
                    330.6561501325899,
                    415.9831867323538
                ],
                [
                    329.3902099804051,
                    430.0667709254096
                ],
                [
                    328.9154824233358,
                    437.5041693194953
                ],
                [
                    326.8583296760355,
                    448.106418094043
                ],
                [
                    325.2759044858045,
                    450.63829839841264
                ],
                [
                    323.5352367765504,
                    452.5372086266898
                ],
                [
                    315.93959586344164,
                    455.70205900715183
                ]
            ],
            "group_id": null,
            "description": "",
            "shape_type": "polygon",
            "flags": {},
            "mask": null
        }
    ],
    "imagePath": "IMG001142.jpeg",
    "imageData": null,
    "imageHeight": 512,
    "imageWidth": 512
}