{
    "version": "5.4.1",
    "flags": {},
    "shapes": [
        {
            "label": "osteosarcoma",
            "points": [
                [
                    147.78398376894614,
                    142.19166965031621
                ],
                [
                    228.74829931972783,
                    277.76870748299314
                ]
            ],
            "group_id": null,
            "description": "",
            "shape_type": "rectangle",
            "flags": {},
            "mask": null
        },
        {
            "label": "osteosarcoma",
            "points": [
                [
                    153.36078690449972,
                    260.93283417749393
                ],
                [
                    152.89099317330985,
                    239.79211627394847
                ],
                [
                    159.46810540996844,
                    205.26227703149087
                ],
                [
                    169.56867063055125,
                    178.24913748807168
                ],
                [
                    178.72964838875433,
                    162.27615062761507
                ],
                [
                    191.88387286207148,
                    153.11517286941205
                ],
                [
                    215.1386625559715,
                    150.29641048227265
                ],
                [
                    224.5345371797695,
                    158.51780077809588
                ],
                [
                    226.64860897012406,
                    171.20223152022317
                ],
                [
                    225.0043309109594,
                    193.75233061733834
                ],
                [
                    220.54129046465536,
                    216.7722234456434
                ],
                [
                    210.67562210966744,
                    239.08742567716362
                ],
                [
                    192.82346032445128,
                    267.0401526829626
                ],
                [
                    183.8973794318432,
                    276.90582103795055
                ],
                [
                    168.62908316817146,
                    274.3219555164061
                ],
                [
                    156.41444615723407,
                    266.3354620861778
                ]
            ],
            "group_id": null,
            "description": "",
            "shape_type": "polygon",
            "flags": {},
            "mask": null
        }
    ],
    "imagePath": "IMG001682.jpeg",
    "imageData": null,
    "imageHeight": 512,
    "imageWidth": 512
}