{
    "version": "5.4.1",
    "flags": {},
    "shapes": [
        {
            "label": "osteochondroma",
            "points": [
                [
                    298.9736147757256,
                    88.7487195405867
                ],
                [
                    303.4435821822133,
                    103.52444513425424
                ]
            ],
            "group_id": null,
            "description": "",
            "shape_type": "rectangle",
            "flags": {},
            "mask": null
        },
        {
            "label": "osteochondroma",
            "points": [
                [
                    300.6052199957213,
                    89.2248448976681
                ],
                [
                    302.7350543155293,
                    98.96123035964723
                ],
                [
                    301.6701371556253,
                    99.11336138249065
                ],
                [
                    300.98554755282987,
                    100.7107371223466
                ],
                [
                    300.22489243861276,
                    102.99270246499796
                ],
                [
                    299.46423732439564,
                    102.30811286220256
                ],
                [
                    299.6924338586607,
                    98.35270626827354
                ],
                [
                    299.9206303929259,
                    91.50681024031947
                ],
                [
                    299.9206303929259,
                    89.68123796619838
                ]
            ],
            "group_id": null,
            "description": "",
            "shape_type": "polygon",
            "flags": {},
            "mask": null
        }
    ],
    "imagePath": "IMG000595.jpeg",
    "imageData": null,
    "imageHeight": 512,
    "imageWidth": 512
}