{
    "version": "5.4.1",
    "flags": {},
    "shapes": [
        {
            "label": "osteochondroma",
            "points": [
                [
                    188.57108112610365,
                    48.885779332555934
                ],
                [
                    240.88270309289805,
                    124.51018934976955
                ]
            ],
            "group_id": null,
            "description": "",
            "shape_type": "rectangle",
            "flags": {},
            "mask": null
        },
        {
            "label": "osteochondroma",
            "points": [
                [
                    223.94475337438578,
                    121.9730049138521
                ],
                [
                    197.67119487466567,
                    123.24687441686882
                ],
                [
                    192.57571686259874,
                    122.45070597748335
                ],
                [
                    190.82414629595075,
                    115.92212477452262
                ],
                [
                    189.86874416868818,
                    102.70572868072402
                ],
                [
                    191.46108104745912,
                    92.99247372022143
                ],
                [
                    195.4419232443864,
                    85.50849038999813
                ],
                [
                    196.87502643528023,
                    76.7506375567581
                ],
                [
                    201.1743360079617,
                    64.96734465385333
                ],
                [
                    211.04682465634136,
                    55.73179075698202
                ],
                [
                    217.09770479567084,
                    51.91018224793182
                ],
                [
                    227.60712819555886,
                    50.795546432792186
                ],
                [
                    235.72804627729056,
                    51.91018224793182
                ],
                [
                    238.11655159544694,
                    62.89730671145114
                ],
                [
                    240.3458232257262,
                    80.09454500217701
                ],
                [
                    240.1865895378491,
                    101.4318591777073
                ],
                [
                    238.59425265907817,
                    115.60365739876843
                ],
                [
                    235.88727996516764,
                    121.33607016234373
                ],
                [
                    229.67716613796108,
                    123.24687441686882
                ]
            ],
            "group_id": null,
            "description": "",
            "shape_type": "polygon",
            "flags": {},
            "mask": null
        }
    ],
    "imagePath": "IMG001672.jpeg",
    "imageData": null,
    "imageHeight": 512,
    "imageWidth": 512
}