{
    "version": "5.4.1",
    "flags": {},
    "shapes": [
        {
            "label": "osteosarcoma",
            "points": [
                [
                    267.1061694067829,
                    352.37835286915043
                ],
                [
                    329.0140045661518,
                    459.7375100442585
                ]
            ],
            "group_id": null,
            "description": "",
            "shape_type": "rectangle",
            "flags": {},
            "mask": null
        },
        {
            "label": "osteosarcoma",
            "points": [
                [
                    271.67742305779115,
                    356.29657028430034
                ],
                [
                    275.3344259785978,
                    354.3374615767254
                ],
                [
                    280.29750137112103,
                    353.81503258803866
                ],
                [
                    285.52179125798756,
                    352.90078185783705
                ],
                [
                    292.57458260525743,
                    352.90078185783705
                ],
                [
                    300.41101743555726,
                    352.90078185783705
                ],
                [
                    304.4598420978789,
                    357.4720355088453
                ],
                [
                    309.03109574888714,
                    365.7002920806602
                ],
                [
                    310.33716822060376,
                    371.57761820338504
                ],
                [
                    313.2105276583804,
                    383.33227044883483
                ],
                [
                    314.7778146244404,
                    392.73599224519467
                ],
                [
                    316.6063160848437,
                    398.8745328622629
                ],
                [
                    318.6960320395903,
                    403.05396477175617
                ],
                [
                    321.3081769830236,
                    407.88643291710775
                ],
                [
                    321.96121321888194,
                    409.45371988316776
                ],
                [
                    326.7936813642335,
                    418.0737981964976
                ],
                [
                    328.6221828246368,
                    423.6899098248791
                ],
                [
                    328.7527900718084,
                    431.0039156664923
                ],
                [
                    328.3609683302935,
                    434.26909684578396
                ],
                [
                    325.3570016453452,
                    446.15435633840536
                ],
                [
                    319.0878537811053,
                    452.0316824611303
                ],
                [
                    310.4677754677755,
                    457.38657959516854
                ],
                [
                    303.5455913676773,
                    459.21508105557183
                ],
                [
                    299.49676670535564,
                    458.17022307819855
                ],
                [
                    291.13790288636915,
                    452.81532594416024
                ],
                [
                    282.7790390673826,
                    449.2889302705253
                ],
                [
                    275.07321148425444,
                    447.9828577988087
                ],
                [
                    268.28163463132785,
                    447.1992143157787
                ],
                [
                    267.36738390112623,
                    436.88124178921726
                ],
                [
                    268.28163463132785,
                    427.8693417343724
                ],
                [
                    269.5877071030445,
                    421.33897937578917
                ],
                [
                    274.15896075405277,
                    415.72286774740763
                ],
                [
                    274.5507824955678,
                    407.6252184227644
                ],
                [
                    274.5507824955678,
                    399.2663546037779
                ],
                [
                    274.0283535068811,
                    389.8626328074181
                ],
                [
                    272.3304592936495,
                    378.23858780914
                ],
                [
                    270.63256508041786,
                    368.1818297769218
                ],
                [
                    270.1101360917312,
                    362.1738964070252
                ],
                [
                    270.3713505860745,
                    357.3414282616737
                ]
            ],
            "group_id": null,
            "description": "",
            "shape_type": "polygon",
            "flags": {},
            "mask": null
        }
    ],
    "imagePath": "IMG000125.jpeg",
    "imageData": null,
    "imageHeight": 512,
    "imageWidth": 512
}