{
    "version": "5.4.1",
    "flags": {},
    "shapes": [
        {
            "label": "osteosarcoma",
            "points": [
                [
                    230.57771754508758,
                    134.76152322516268
                ],
                [
                    290.05319671764926,
                    322.33803446170333
                ]
            ],
            "group_id": null,
            "description": "",
            "shape_type": "rectangle",
            "flags": {},
            "mask": null
        },
        {
            "label": "osteosarcoma",
            "points": [
                [
                    252.3091426273698,
                    320.05051603198945
                ],
                [
                    248.39761249479267,
                    319.20059551045216
                ],
                [
                    241.40446223084223,
                    314.8298765954831
                ],
                [
                    238.7820308818608,
                    312.2074452465017
                ],
                [
                    237.90788709886704,
                    307.31224006173636
                ],
                [
                    237.0337433158732,
                    297.8714872054033
                ],
                [
                    238.43237336866332,
                    287.3817618094776
                ],
                [
                    238.60720212526206,
                    282.4865566247123
                ],
                [
                    238.60720212526206,
                    276.01789263055815
                ],
                [
                    237.3834008290707,
                    267.6261123138176
                ],
                [
                    234.06165445369425,
                    275.31857760416307
                ],
                [
                    233.0126819141017,
                    268.67508485341017
                ],
                [
                    233.71199694049676,
                    260.4581332932684
                ],
                [
                    234.23648321029304,
                    250.84255168033653
                ],
                [
                    232.83785315750293,
                    238.25488120522573
                ],
                [
                    232.83785315750293,
                    229.33861461868892
                ],
                [
                    232.83785315750293,
                    219.5482042491583
                ],
                [
                    232.66302440090416,
                    210.98159517581897
                ],
                [
                    234.06165445369425,
                    193.14906200274535
                ],
                [
                    234.93579823668807,
                    173.04375499388783
                ],
                [
                    236.68408580267567,
                    148.04324280026495
                ],
                [
                    237.3834008290707,
                    143.84735264189467
                ],
                [
                    242.4534347704348,
                    137.20385989114178
                ],
                [
                    255.0411052455456,
                    135.28074356855538
                ],
                [
                    272.1743233922242,
                    135.63040108175292
                ],
                [
                    284.06267884093995,
                    138.25283243073432
                ],
                [
                    289.13271278230405,
                    140.00111999672194
                ],
                [
                    287.90891148611274,
                    185.80625422559737
                ],
                [
                    283.1885350579462,
                    227.065840782905
                ],
                [
                    276.3702135505945,
                    241.92628509379972
                ],
                [
                    274.79675474120563,
                    252.41601048972535
                ],
                [
                    272.1743233922242,
                    262.206420859256
                ],
                [
                    264.30702934527994,
                    278.98998149273706
                ],
                [
                    262.9083992924899,
                    301.19323358077975
                ],
                [
                    262.034255509496,
                    309.060527627724
                ],
                [
                    258.5376803775208,
                    317.27747918786577
                ]
            ],
            "group_id": null,
            "description": "",
            "shape_type": "polygon",
            "flags": {},
            "mask": null
        }
    ],
    "imagePath": "IMG000078.jpeg",
    "imageData": null,
    "imageHeight": 512,
    "imageWidth": 512
}