{
    "version": "5.4.1",
    "flags": {},
    "shapes": [
        {
            "label": "osteochondroma",
            "points": [
                [
                    282.10073629518484,
                    194.260120585702
                ],
                [
                    335.8741796560251,
                    282.7444638937512
                ]
            ],
            "group_id": null,
            "description": "",
            "shape_type": "rectangle",
            "flags": {},
            "mask": null
        },
        {
            "label": "osteochondroma",
            "points": [
                [
                    283.2107089888843,
                    214.34123816950293
                ],
                [
                    284.77638640429336,
                    208.86136721557114
                ],
                [
                    294.0138831552069,
                    202.12895432931208
                ],
                [
                    300.4331605583842,
                    197.74505756616668
                ],
                [
                    303.72108313074324,
                    196.64908337538034
                ],
                [
                    308.10497989388864,
                    194.3005672522667
                ],
                [
                    312.9585798816568,
                    197.27535434154396
                ],
                [
                    316.55963793709765,
                    201.03298013852574
                ],
                [
                    322.03950889102947,
                    207.13912205862115
                ],
                [
                    326.57997339571574,
                    210.89674785560294
                ],
                [
                    331.27700564194305,
                    220.76051557268013
                ],
                [
                    333.62552176505665,
                    226.24038652661193
                ],
                [
                    334.721495955843,
                    232.1899607051664
                ],
                [
                    335.3477669220066,
                    237.51326391755728
                ],
                [
                    330.4941669342385,
                    246.12448970230722
                ],
                [
                    330.4941669342385,
                    247.3770316346345
                ],
                [
                    330.4941669342385,
                    251.76092839777988
                ],
                [
                    332.05984434964756,
                    257.5539348347935
                ],
                [
                    334.2517927312203,
                    262.25096708102075
                ],
                [
                    335.0346314389248,
                    267.41770255187066
                ],
                [
                    335.0346314389248,
                    272.5844380227207
                ],
                [
                    332.999250798893,
                    278.6905799428161
                ],
                [
                    329.7113282265339,
                    280.72596058284785
                ],
                [
                    323.6051863064385,
                    280.2562573582251
                ],
                [
                    316.55963793709765,
                    277.12490252740696
                ],
                [
                    313.2717153647386,
                    273.9935476965888
                ],
                [
                    306.0695992538569,
                    266.7914315857071
                ],
                [
                    302.311973456875,
                    261.31156063177525
                ],
                [
                    295.1098573459933,
                    251.2912251731572
                ],
                [
                    293.7007476721251,
                    246.43762518538904
                ],
                [
                    288.6905799428161,
                    238.1395348837209
                ],
                [
                    283.8369799550479,
                    229.3717413574301
                ],
                [
                    283.0541412473434,
                    223.26559943733469
                ]
            ],
            "group_id": null,
            "description": "",
            "shape_type": "polygon",
            "flags": {},
            "mask": null
        }
    ],
    "imagePath": "IMG000315.jpeg",
    "imageData": null,
    "imageHeight": 512,
    "imageWidth": 512
}