{
    "version": "5.4.1",
    "flags": {},
    "shapes": [
        {
            "label": "osteosarcoma",
            "points": [
                [
                    143.32022639261243,
                    101.5764075067024
                ],
                [
                    304.988382484361,
                    336.45278522490315
                ]
            ],
            "group_id": null,
            "description": "",
            "shape_type": "rectangle",
            "flags": {},
            "mask": null
        },
        {
            "label": "osteosarcoma",
            "points": [
                [
                    195.56148735283833,
                    328.80289077981115
                ],
                [
                    175.41927963632128,
                    314.8152465322298
                ],
                [
                    150.24151999067493,
                    277.8878657186152
                ],
                [
                    148.00349691106192,
                    248.60706376034503
                ],
                [
                    149.68201422077166,
                    227.15934258072036
                ],
                [
                    153.03904884019116,
                    208.1361464040098
                ],
                [
                    162.92365077514864,
                    193.77549830982633
                ],
                [
                    164.04266231495512,
                    189.67245599720246
                ],
                [
                    161.43163538873995,
                    181.0933675253526
                ],
                [
                    161.61813731204103,
                    163.37568481174964
                ],
                [
                    171.87574309360065,
                    144.7254924816412
                ],
                [
                    178.96281617904185,
                    135.5868982398881
                ],
                [
                    190.89893927031125,
                    138.9439328593076
                ],
                [
                    203.39456813148388,
                    131.67035785056532
                ],
                [
                    213.4656719897424,
                    124.0237789952209
                ],
                [
                    228.5723277771302,
                    118.42872129618836
                ],
                [
                    247.78202587714185,
                    117.30970975638186
                ],
                [
                    262.88868166452966,
                    129.24583284765123
                ],
                [
                    278.92784706842286,
                    138.01142324280218
                ],
                [
                    296.64552978202585,
                    159.27264249912577
                ],
                [
                    304.29210863737035,
                    173.073784823406
                ],
                [
                    304.4786105606714,
                    186.31542137778294
                ],
                [
                    298.51054901503676,
                    192.84298869332088
                ],
                [
                    296.45902785872477,
                    200.1165637020632
                ],
                [
                    300.37556824804756,
                    215.59622333605316
                ],
                [
                    301.1215759412519,
                    226.59983681081712
                ],
                [
                    298.13754516843454,
                    268.00326378365776
                ],
                [
                    289.93146054318686,
                    273.41181955938924
                ],
                [
                    277.99533745191746,
                    278.63387341181954
                ],
                [
                    268.11073551696006,
                    280.68539456813147
                ],
                [
                    258.9721412752069,
                    287.3994638069705
                ],
                [
                    251.1390604965614,
                    292.62151765940087
                ],
                [
                    240.13544702179743,
                    297.0975638186269
                ],
                [
                    226.70730854411937,
                    294.30003496911064
                ],
                [
                    217.7552162256673,
                    294.6730388157128
                ],
                [
                    215.14418929945217,
                    296.5380580487236
                ],
                [
                    212.90616621983915,
                    304.7441426739713
                ],
                [
                    206.00559505769905,
                    322.4618253875743
                ],
                [
                    201.90255274507518,
                    328.429886933209
                ]
            ],
            "group_id": null,
            "description": "",
            "shape_type": "polygon",
            "flags": {},
            "mask": null
        }
    ],
    "imagePath": "IMG000006.jpeg",
    "imageData": null,
    "imageHeight": 512,
    "imageWidth": 512
}