{
    "version": "5.4.1",
    "flags": {},
    "shapes": [
        {
            "label": "other bt",
            "points": [
                [
                    262.5086698301848,
                    309.8633718327514
                ],
                [
                    295.36150655087,
                    367.928850687916
                ]
            ],
            "group_id": null,
            "description": "",
            "shape_type": "rectangle",
            "flags": {},
            "mask": null
        },
        {
            "label": "other bt",
            "points": [
                [
                    278.83711393053954,
                    311.9046520569012
                ],
                [
                    283.03652441368706,
                    313.3481994104832
                ],
                [
                    285.92361912085096,
                    316.1040625400488
                ],
                [
                    289.20440856080995,
                    320.6971677559913
                ],
                [
                    291.5665769575804,
                    326.86505190311425
                ],
                [
                    292.3539664231706,
                    331.45815711905686
                ],
                [
                    292.48519800076895,
                    339.0695886197617
                ],
                [
                    291.6978085351788,
                    351.14289375881077
                ],
                [
                    289.4668717160067,
                    356.39215686274514
                ],
                [
                    286.8422401640395,
                    362.5600410098681
                ],
                [
                    283.2989875688838,
                    364.92220940663856
                ],
                [
                    278.44341919774445,
                    359.4104831475074
                ],
                [
                    274.7689350249904,
                    355.0798410867616
                ],
                [
                    272.01307189542484,
                    347.59964116365506
                ],
                [
                    268.46981930026914,
                    341.9566833269256
                ],
                [
                    266.50134563629376,
                    337.7572728437781
                ],
                [
                    264.53287197231833,
                    332.6392413174421
                ],
                [
                    263.4830193515315,
                    328.0461361014995
                ],
                [
                    264.6641035499167,
                    323.58426246315526
                ],
                [
                    265.4514930155069,
                    319.77854671280284
                ],
                [
                    267.8136614122774,
                    316.89145200563894
                ],
                [
                    273.06292451621175,
                    313.47943098808156
                ],
                [
                    277.1311034217609,
                    311.3797257465078
                ]
            ],
            "group_id": null,
            "description": "",
            "shape_type": "polygon",
            "flags": {},
            "mask": null
        }
    ],
    "imagePath": "IMG001809.jpeg",
    "imageData": null,
    "imageHeight": 512,
    "imageWidth": 512
}