{
    "version": "5.4.1",
    "flags": {},
    "shapes": [
        {
            "label": "osteochondroma",
            "points": [
                [
                    306.2082095778408,
                    291.75371266477555
                ],
                [
                    375.1953612547972,
                    369.28416485900215
                ]
            ],
            "group_id": null,
            "description": "",
            "shape_type": "rectangle",
            "flags": {},
            "mask": null
        },
        {
            "label": "osteochondroma",
            "points": [
                [
                    306.84895711663603,
                    307.3547286649239
                ],
                [
                    307.2286593618481,
                    301.6591949867438
                ],
                [
                    313.4937464078462,
                    295.7738101859577
                ],
                [
                    319.7588334538443,
                    294.44485232771564
                ],
                [
                    324.50511151899434,
                    292.9260433468677
                ],
                [
                    338.74394571444464,
                    293.11589446947363
                ],
                [
                    349.9451619481988,
                    297.2926191668057
                ],
                [
                    361.526080427165,
                    302.41859947716785
                ],
                [
                    368.1708697183752,
                    310.39234662661994
                ],
                [
                    371.5881899252832,
                    320.0747538795261
                ],
                [
                    374.24610564176726,
                    329.94701225503826
                ],
                [
                    374.43595676437326,
                    333.17448133934033
                ],
                [
                    370.4490831896472,
                    345.32495318612456
                ],
                [
                    363.8042938984371,
                    352.5392958451527
                ],
                [
                    363.8042938984371,
                    359.5637873815748
                ],
                [
                    360.76667593674097,
                    366.2085766727849
                ],
                [
                    358.10876022025695,
                    367.53753453102695
                ],
                [
                    346.5278417412908,
                    363.9303632015129
                ],
                [
                    328.4919850937205,
                    355.9566160520608
                ],
                [
                    318.80957784081426,
                    345.51480430873056
                ],
                [
                    311.02568181396816,
                    329.7571611324323
                ],
                [
                    307.6083616070601,
                    316.4675825500121
                ]
            ],
            "group_id": null,
            "description": "",
            "shape_type": "polygon",
            "flags": {},
            "mask": null
        }
    ],
    "imagePath": "IMG001016.jpeg",
    "imageData": null,
    "imageHeight": 512,
    "imageWidth": 512
}