{
    "version": "5.4.1",
    "flags": {},
    "shapes": [
        {
            "label": "osteosarcoma",
            "points": [
                [
                    203.19286112660347,
                    232.774865216583
                ],
                [
                    250.0238706079197,
                    322.629485034393
                ]
            ],
            "group_id": null,
            "description": "",
            "shape_type": "rectangle",
            "flags": {},
            "mask": null
        },
        {
            "label": "osteosarcoma",
            "points": [
                [
                    221.88084526244037,
                    319.34560327198363
                ],
                [
                    217.86721199727336,
                    315.5064758009544
                ],
                [
                    215.07511929107022,
                    313.0633946830266
                ],
                [
                    212.63203817314246,
                    309.398773006135
                ],
                [
                    208.61840490797547,
                    300.32447171097476
                ],
                [
                    207.5713701431493,
                    292.1226993865031
                ],
                [
                    206.6988411724608,
                    277.98773006134974
                ],
                [
                    208.96741649625085,
                    260.5371506475801
                ],
                [
                    210.5379686434901,
                    250.59032038173143
                ],
                [
                    214.55160190865712,
                    240.64349011588277
                ],
                [
                    219.78677573278802,
                    238.37491479209274
                ],
                [
                    224.3239263803681,
                    236.28084526244035
                ],
                [
                    234.61976823449217,
                    236.28084526244035
                ],
                [
                    238.28438991138378,
                    235.58282208588957
                ],
                [
                    243.51956373551468,
                    239.7709611451943
                ],
                [
                    247.35869120654397,
                    243.4355828220859
                ],
                [
                    249.62726653033405,
                    248.67075664621677
                ],
                [
                    249.27825494205862,
                    298.40490797546016
                ],
                [
                    247.0096796182686,
                    302.7675528289025
                ],
                [
                    244.74110429447853,
                    308.3517382413088
                ],
                [
                    244.56659850034083,
                    313.0633946830266
                ],
                [
                    243.17055214723925,
                    317.07702794819363
                ],
                [
                    242.4725289706885,
                    318.4730743012952
                ],
                [
                    239.85494205862304,
                    320.04362644853444
                ],
                [
                    237.7608725289707,
                    320.9161554192229
                ]
            ],
            "group_id": null,
            "description": "",
            "shape_type": "polygon",
            "flags": {},
            "mask": null
        }
    ],
    "imagePath": "IMG000057.jpeg",
    "imageData": null,
    "imageHeight": 512,
    "imageWidth": 512
}