{
    "version": "5.4.1",
    "flags": {},
    "shapes": [
        {
            "label": "other bt",
            "points": [
                [
                    207.33103004741182,
                    346.7434827477902
                ],
                [
                    248.81454936219413,
                    375.1888663414073
                ]
            ],
            "group_id": null,
            "description": "",
            "shape_type": "rectangle",
            "flags": {},
            "mask": null
        },
        {
            "label": "other bt",
            "points": [
                [
                    209.84514717910545,
                    372.0449578634906
                ],
                [
                    209.25698216205785,
                    360.9874555429958
                ],
                [
                    208.43355113819123,
                    354.63527335888176
                ],
                [
                    210.0804131859245,
                    350.6357512429581
                ],
                [
                    221.49081451664784,
                    348.6359901849963
                ],
                [
                    240.4297280655804,
                    347.8125591611297
                ],
                [
                    248.07587328719913,
                    350.5181182395486
                ],
                [
                    247.60534127356107,
                    364.1635466350528
                ],
                [
                    243.72345216104694,
                    371.8096918566716
                ],
                [
                    231.25435379963793,
                    373.6918199112239
                ],
                [
                    219.49105345868603,
                    374.6328839385
                ]
            ],
            "group_id": null,
            "description": "",
            "shape_type": "polygon",
            "flags": {},
            "mask": null
        }
    ],
    "imagePath": "IMG001769.jpeg",
    "imageData": null,
    "imageHeight": 512,
    "imageWidth": 512
}