{
    "version": "5.4.1",
    "flags": {},
    "shapes": [
        {
            "label": "simple bone cyst",
            "points": [
                [
                    15.31623931623932,
                    311.1237560004683
                ],
                [
                    56.67907739140616,
                    396.2472778363189
                ]
            ],
            "group_id": null,
            "description": "",
            "shape_type": "rectangle",
            "flags": {},
            "mask": null
        },
        {
            "label": "simple bone cyst",
            "points": [
                [
                    29.75951293759514,
                    395.5616438356164
                ],
                [
                    24.401826484018276,
                    385.82039573820396
                ],
                [
                    18.557077625570788,
                    372.9132420091324
                ],
                [
                    17.095890410958916,
                    361.71080669710807
                ],
                [
                    17.58295281582954,
                    341.25418569254185
                ],
                [
                    20.01826484018266,
                    334.1917808219178
                ],
                [
                    28.54185692541858,
                    322.5022831050228
                ],
                [
                    34.38660578386607,
                    316.1704718417047
                ],
                [
                    43.1537290715373,
                    314.7092846270928
                ],
                [
                    47.53729071537292,
                    314.95281582952816
                ],
                [
                    52.40791476407916,
                    320.0669710806697
                ],
                [
                    53.13850837138509,
                    327.6164383561644
                ],
                [
                    54.843226788432275,
                    347.82952815829526
                ],
                [
                    55.08675799086759,
                    356.1095890410959
                ],
                [
                    53.86910197869103,
                    362.19786910197865
                ],
                [
                    52.164383561643845,
                    368.0426179604262
                ],
                [
                    51.92085235920853,
                    373.1567732115677
                ],
                [
                    51.1902587519026,
                    377.29680365296804
                ],
                [
                    50.70319634703197,
                    379.48858447488584
                ],
                [
                    50.21613394216135,
                    382.8980213089802
                ],
                [
                    48.02435312024354,
                    387.5251141552511
                ],
                [
                    45.34550989345511,
                    390.9345509893455
                ],
                [
                    35.360730593607315,
                    394.3439878234399
                ]
            ],
            "group_id": null,
            "description": "",
            "shape_type": "polygon",
            "flags": {},
            "mask": null
        }
    ],
    "imagePath": "IMG000690.jpeg",
    "imageData": null,
    "imageHeight": 512,
    "imageWidth": 512
}