{
    "version": "5.4.1",
    "flags": {},
    "shapes": [
        {
            "label": "osteochondroma",
            "points": [
                [
                    304.8221515824314,
                    304.32495760247093
                ],
                [
                    317.19649513759737,
                    325.9276251648793
                ]
            ],
            "group_id": null,
            "description": "",
            "shape_type": "rectangle",
            "flags": {},
            "mask": null
        },
        {
            "label": "osteochondroma",
            "points": [
                [
                    305.7205625260018,
                    312.1616648441709
                ],
                [
                    313.0535881947744,
                    305.75981703809964
                ],
                [
                    314.1011632903133,
                    306.8073921336386
                ],
                [
                    314.45035498882635,
                    311.3468842143073
                ],
                [
                    314.68314945450163,
                    313.67482887106047
                ],
                [
                    315.61432731720294,
                    316.933951390515
                ],
                [
                    316.31271071422884,
                    320.4258683756448
                ],
                [
                    315.8471217828783,
                    323.103004730911
                ],
                [
                    313.0535881947744,
                    324.8489632234759
                ],
                [
                    310.37645183950815,
                    324.61616875780055
                ],
                [
                    307.9321099499174,
                    320.3094711428071
                ],
                [
                    306.76813762154075,
                    317.16674585619035
                ],
                [
                    305.4877680603265,
                    314.0240205695735
                ]
            ],
            "group_id": null,
            "description": "",
            "shape_type": "polygon",
            "flags": {},
            "mask": null
        }
    ],
    "imagePath": "IMG000911.jpeg",
    "imageData": null,
    "imageHeight": 512,
    "imageWidth": 512
}