{
    "version": "5.4.1",
    "flags": {},
    "shapes": [
        {
            "label": "osteochondroma",
            "points": [
                [
                    329.2869314985356,
                    114.33688495804536
                ],
                [
                    335.74600143883424,
                    123.76363568172441
                ]
            ],
            "group_id": null,
            "description": "",
            "shape_type": "rectangle",
            "flags": {},
            "mask": null
        },
        {
            "label": "osteochondroma",
            "points": [
                [
                    329.9291684102627,
                    116.26669533202548
                ],
                [
                    330.96112132741086,
                    123.34294390675568
                ],
                [
                    333.02502716170716,
                    123.1955220614488
                ],
                [
                    334.3026831543668,
                    122.21270975940293
                ],
                [
                    334.99065176579893,
                    120.68935069123185
                ],
                [
                    335.08893299600345,
                    119.706538389186
                ],
                [
                    335.53119853192413,
                    117.54435132468508
                ],
                [
                    334.4501049996736,
                    116.16841410182089
                ],
                [
                    332.5336210106842,
                    115.87357041120713
                ],
                [
                    330.8628400972063,
                    115.92271102630941
                ]
            ],
            "group_id": null,
            "description": "",
            "shape_type": "polygon",
            "flags": {},
            "mask": null
        }
    ],
    "imagePath": "IMG000712.jpeg",
    "imageData": null,
    "imageHeight": 512,
    "imageWidth": 512
}