{
    "version": "5.4.1",
    "flags": {},
    "shapes": [
        {
            "label": "other bt",
            "points": [
                [
                    98.03260268597623,
                    94.48472417913645
                ],
                [
                    128.39519163887354,
                    174.38627405518204
                ]
            ],
            "group_id": null,
            "description": "",
            "shape_type": "rectangle",
            "flags": {},
            "mask": null
        },
        {
            "label": "other bt",
            "points": [
                [
                    164.21137844045336,
                    189.3709853533642
                ],
                [
                    192.4052110395723,
                    219.49260137806394
                ]
            ],
            "group_id": null,
            "description": "",
            "shape_type": "rectangle",
            "flags": {},
            "mask": null
        },
        {
            "label": "other bt",
            "points": [
                [
                    311.6868104973832,
                    371.7874919989457
                ],
                [
                    338.91675138371176,
                    401.66813509544784
                ]
            ],
            "group_id": null,
            "description": "",
            "shape_type": "rectangle",
            "flags": {},
            "mask": null
        },
        {
            "label": "other bt",
            "points": [
                [
                    100.7499918015763,
                    97.38415627288727
                ],
                [
                    105.4139839602395,
                    95.518559409422
                ],
                [
                    112.68981172775406,
                    99.24975313635254
                ],
                [
                    116.4210054546846,
                    104.47342435405531
                ],
                [
                    121.0849976133478,
                    111.37613274887681
                ],
                [
                    124.25651228123876,
                    118.0922814573518
                ],
                [
                    124.81619134027834,
                    121.82347518428234
                ],
                [
                    127.24146726278319,
                    126.67402702929206
                ],
                [
                    127.42802694912972,
                    133.01705636507398
                ],
                [
                    127.9877060081693,
                    138.24072758277677
                ],
                [
                    125.9355494583575,
                    145.3299956639448
                ],
                [
                    125.9355494583575,
                    148.6880700181823
                ],
                [
                    125.56243008566445,
                    153.72518154953852
                ],
                [
                    125.56243008566445,
                    158.9488527672413
                ],
                [
                    125.56243008566445,
                    167.53059833918155
                ],
                [
                    124.6296316539318,
                    172.19459049784473
                ],
                [
                    120.5253185543082,
                    172.19459049784473
                ],
                [
                    113.43605047314017,
                    169.02307582995377
                ],
                [
                    108.21237925543741,
                    162.86660618051835
                ],
                [
                    104.66774521485338,
                    152.79238311780588
                ],
                [
                    104.29462584216031,
                    145.88967472298435
                ],
                [
                    102.24246929234852,
                    138.24072758277677
                ],
                [
                    100.19031274253672,
                    121.82347518428234
                ],
                [
                    99.25751431080408,
                    112.30893118060945
                ],
                [
                    98.51127556541798,
                    105.03310341309489
                ],
                [
                    98.51127556541798,
                    99.62287250904559
                ]
            ],
            "group_id": null,
            "description": "",
            "shape_type": "polygon",
            "flags": {},
            "mask": null
        },
        {
            "label": "other bt",
            "points": [
                [
                    191.79111873868166,
                    216.59579584831823
                ],
                [
                    188.6196040707907,
                    206.33501309925924
                ],
                [
                    187.68680563905806,
                    201.297901567903
                ],
                [
                    184.88841034386016,
                    197.3801481546259
                ],
                [
                    175.7469857128803,
                    191.96991725057666
                ],
                [
                    169.5905160634449,
                    191.2236785051905
                ],
                [
                    165.67276265016784,
                    191.037118818844
                ],
                [
                    164.69332429684857,
                    192.5029449258524
                ],
                [
                    168.65771763171227,
                    199.80542407713077
                ],
                [
                    182.09001504866225,
                    212.67804243504116
                ],
                [
                    190.4430029099633,
                    218.52802117119296
                ]
            ],
            "group_id": null,
            "description": "",
            "shape_type": "polygon",
            "flags": {},
            "mask": null
        },
        {
            "label": "other bt",
            "points": [
                [
                    337.91843496689313,
                    400.1527596241253
                ],
                [
                    334.2005669318445,
                    400.70355488857695
                ],
                [
                    328.1418190228763,
                    399.18886791133485
                ],
                [
                    323.3223604589243,
                    396.71028922130245
                ],
                [
                    317.95210663052075,
                    391.7531318412376
                ],
                [
                    314.6473350438108,
                    384.8681910355919
                ],
                [
                    312.9949492504559,
                    379.3602383910754
                ],
                [
                    312.857250434343,
                    374.40308101101056
                ],
                [
                    313.68344333102044,
                    372.47529758542976
                ],
                [
                    314.7850338599237,
                    372.33759876931686
                ],
                [
                    324.42395098782765,
                    374.26538219489765
                ],
                [
                    327.040228493973,
                    377.01935851715587
                ],
                [
                    328.9680119195538,
                    379.63563602330123
                ],
                [
                    333.374374035167,
                    385.5566851161565
                ],
                [
                    334.88906101240906,
                    388.1729626223019
                ],
                [
                    336.6791456218769,
                    393.40551763459257
                ],
                [
                    337.09224207021566,
                    396.0217951407379
                ]
            ],
            "group_id": null,
            "description": "",
            "shape_type": "polygon",
            "flags": {},
            "mask": null
        }
    ],
    "imagePath": "IMG001288.jpeg",
    "imageData": null,
    "imageHeight": 512,
    "imageWidth": 512
}