{
    "version": "5.4.1",
    "flags": {},
    "shapes": [
        {
            "label": "osteosarcoma",
            "points": [
                [
                    222.899188444643,
                    310.8939021666294
                ],
                [
                    297.9970962698235,
                    439.3608815426997
                ]
            ],
            "group_id": null,
            "description": "",
            "shape_type": "rectangle",
            "flags": {},
            "mask": null
        },
        {
            "label": "osteosarcoma",
            "points": [
                [
                    234.1395682588343,
                    376.6050086784032
                ],
                [
                    234.33192074476477,
                    365.06385952257517
                ],
                [
                    236.4477980899999,
                    346.7903733591807
                ],
                [
                    239.33308537895692,
                    340.05803635161436
                ],
                [
                    245.2960124428014,
                    329.6710021113691
                ],
                [
                    254.91363673932477,
                    321.2074927304285
                ],
                [
                    258.18362900014273,
                    315.05221318065355
                ],
                [
                    261.8383262328216,
                    313.32104080727936
                ],
                [
                    269.1477206981794,
                    312.35927837762705
                ],
                [
                    274.72594279016295,
                    311.3975159479747
                ],
                [
                    278.9576974806332,
                    313.89809826507076
                ],
                [
                    287.0365018897129,
                    316.01397561030586
                ],
                [
                    293.5764864113488,
                    320.6304352726371
                ],
                [
                    296.4617737003058,
                    329.8633545972995
                ],
                [
                    296.8464786721667,
                    348.71389821848544
                ],
                [
                    292.03766652390505,
                    379.2979434814297
                ],
                [
                    292.03766652390505,
                    384.87616557341335
                ],
                [
                    292.80707646762687,
                    389.1079202638836
                ],
                [
                    293.19178143948784,
                    391.6085025809797
                ],
                [
                    296.4617737003058,
                    401.8031843352944
                ],
                [
                    295.307658784723,
                    409.1125788006522
                ],
                [
                    294.92295381286203,
                    412.95962851926157
                ],
                [
                    295.50001127065343,
                    420.6537279564802
                ],
                [
                    295.6923637565839,
                    430.46370473893415
                ],
                [
                    295.6923637565839,
                    433.15663954196066
                ],
                [
                    295.11530629879246,
                    437.1960417465005
                ],
                [
                    287.99826431936526,
                    436.61898428870904
                ],
                [
                    280.68886985400746,
                    437.00368926057
                ],
                [
                    276.45711516353714,
                    437.3883942324309
                ],
                [
                    257.0295140845599,
                    436.23427931684813
                ],
                [
                    240.67955278047017,
                    435.8495743449872
                ],
                [
                    236.64015057593036,
                    437.5807467183614
                ],
                [
                    229.13840362464214,
                    436.61898428870904
                ],
                [
                    225.48370639196324,
                    433.54134451382157
                ],
                [
                    224.32959147638047,
                    426.4243025343943
                ],
                [
                    224.32959147638047,
                    417.3837356956623
                ],
                [
                    225.48370639196324,
                    404.88082411018195
                ],
                [
                    230.29251854022496,
                    394.1090848980757
                ],
                [
                    231.8313384276687,
                    391.9932075528406
                ]
            ],
            "group_id": null,
            "description": "",
            "shape_type": "polygon",
            "flags": {},
            "mask": null
        }
    ],
    "imagePath": "IMG000095.jpeg",
    "imageData": null,
    "imageHeight": 512,
    "imageWidth": 512
}