{
    "version": "5.4.1",
    "flags": {},
    "shapes": [
        {
            "label": "osteochondroma",
            "points": [
                [
                    286.2842835159538,
                    318.7457960212841
                ],
                [
                    311.91418506776427,
                    358.9942340137568
                ]
            ],
            "group_id": null,
            "description": "",
            "shape_type": "rectangle",
            "flags": {},
            "mask": null
        },
        {
            "label": "osteochondroma",
            "points": [
                [
                    287.24137502245185,
                    356.6640231012615
                ],
                [
                    295.1643339734999,
                    320.5862635920251
                ],
                [
                    296.86211089158155,
                    323.2744103789878
                ],
                [
                    297.56951794078225,
                    323.6988546085082
                ],
                [
                    299.6917390883844,
                    321.15218923138565
                ],
                [
                    302.8043301048676,
                    319.4544123133039
                ],
                [
                    305.6339583016704,
                    319.4544123133039
                ],
                [
                    307.89766085911265,
                    320.44478218218495
                ],
                [
                    310.161363416555,
                    320.5862635920251
                ],
                [
                    311.7176589247965,
                    322.4255219199469
                ],
                [
                    309.4539563673543,
                    331.48033214971605
                ],
                [
                    307.19025380991195,
                    334.3099603465189
                ],
                [
                    305.35099548199014,
                    336.7151443138013
                ],
                [
                    303.65321856390835,
                    337.422551363002
                ],
                [
                    301.81396023598654,
                    338.12995841220277
                ],
                [
                    300.5406275474253,
                    338.27143982204285
                ],
                [
                    299.5502576785443,
                    340.2521795598049
                ],
                [
                    297.28655512110197,
                    342.7988449369275
                ],
                [
                    294.17396410461885,
                    342.9403263467676
                ],
                [
                    293.04211282589773,
                    346.76032441245144
                ],
                [
                    293.04211282589773,
                    349.44847119941414
                ],
                [
                    292.90063141605754,
                    351.00476670765573
                ],
                [
                    291.0613730881357,
                    354.6832833634994
                ]
            ],
            "group_id": null,
            "description": "",
            "shape_type": "polygon",
            "flags": {},
            "mask": null
        }
    ],
    "imagePath": "IMG001147.jpeg",
    "imageData": null,
    "imageHeight": 512,
    "imageWidth": 512
}