{
    "version": "5.4.1",
    "flags": {},
    "shapes": [
        {
            "label": "osteosarcoma",
            "points": [
                [
                    236.87664462649744,
                    180.81196281746415
                ],
                [
                    299.87384747337575,
                    460.0168679865627
                ]
            ],
            "group_id": null,
            "description": "",
            "shape_type": "rectangle",
            "flags": {},
            "mask": null
        },
        {
            "label": "osteosarcoma",
            "points": [
                [
                    267.7225665478828,
                    456.0959800688197
                ],
                [
                    240.27635112368154,
                    454.266232373873
                ],
                [
                    241.32192123507969,
                    424.4674841990259
                ],
                [
                    241.32192123507969,
                    373.2345487405168
                ],
                [
                    242.36749134647783,
                    343.1744080378202
                ],
                [
                    251.25483729336204,
                    268.1547525450034
                ],
                [
                    259.6193981845472,
                    210.6483964181055
                ],
                [
                    265.37003379723694,
                    182.1566108825061
                ],
                [
                    294.12321186068596,
                    183.46357352175377
                ],
                [
                    296.21435208348225,
                    198.1015550813278
                ],
                [
                    298.3054923062785,
                    221.62688258778604
                ],
                [
                    296.9985296670309,
                    257.699051431022
                ],
                [
                    294.9073894442345,
                    289.5889398286654
                ],
                [
                    294.3846043885355,
                    335.5940247301836
                ],
                [
                    292.03207163788966,
                    375.5870814911626
                ],
                [
                    290.4637164707924,
                    393.88455844063014
                ],
                [
                    280.7921929403596,
                    426.5586244218222
                ],
                [
                    271.1206694099268,
                    446.1630640105373
                ]
            ],
            "group_id": null,
            "description": "",
            "shape_type": "polygon",
            "flags": {},
            "mask": null
        }
    ],
    "imagePath": "IMG001505.jpeg",
    "imageData": null,
    "imageHeight": 512,
    "imageWidth": 512
}