{
    "version": "5.4.1",
    "flags": {},
    "shapes": [
        {
            "label": "osteochondroma",
            "points": [
                [
                    181.89161648911534,
                    353.72255673923115
                ],
                [
                    204.86521537748956,
                    371.13802686428903
                ]
            ],
            "group_id": null,
            "description": "",
            "shape_type": "rectangle",
            "flags": {},
            "mask": null
        },
        {
            "label": "osteochondroma",
            "points": [
                [
                    196.46733347520748,
                    361.01986238206706
                ],
                [
                    201.57480314960625,
                    361.9278569908491
                ],
                [
                    204.41228630205006,
                    362.38185429524003
                ],
                [
                    204.63928495424557,
                    365.7868340781726
                ],
                [
                    204.63928495424557,
                    367.82982194793215
                ],
                [
                    202.93679506277928,
                    369.4188125133007
                ],
                [
                    200.43980988862876,
                    369.8728098176917
                ],
                [
                    197.48882741008725,
                    369.8728098176917
                ],
                [
                    194.42434560544794,
                    369.8728098176917
                ],
                [
                    191.35986380080865,
                    369.0783145350074
                ],
                [
                    187.16038873519187,
                    367.2623253174434
                ],
                [
                    185.6848974959211,
                    366.0138327303681
                ],
                [
                    184.0959069305526,
                    364.4248421649996
                ],
                [
                    183.52841030006383,
                    361.24686103426257
                ],
                [
                    183.30141164786835,
                    357.72838192523227
                ],
                [
                    183.30141164786835,
                    355.91239270766823
                ],
                [
                    185.00390153933458,
                    354.77739944669077
                ],
                [
                    186.81989075689862,
                    354.77739944669077
                ],
                [
                    188.29538199616937,
                    355.7988933815705
                ],
                [
                    189.54387458324464,
                    358.29587855572106
                ],
                [
                    191.24636447471093,
                    359.3173724906008
                ],
                [
                    192.94885436617716,
                    360.56586507767605
                ],
                [
                    194.7648435837412,
                    361.8143576647513
                ]
            ],
            "group_id": null,
            "description": "",
            "shape_type": "polygon",
            "flags": {},
            "mask": null
        }
    ],
    "imagePath": "IMG001136.jpeg",
    "imageData": null,
    "imageHeight": 512,
    "imageWidth": 512
}