{
    "version": "5.4.1",
    "flags": {},
    "shapes": [
        {
            "label": "osteochondroma",
            "points": [
                [
                    206.67550317085272,
                    128.149760763372
                ],
                [
                    236.74420118639512,
                    176.39953199761447
                ]
            ],
            "group_id": null,
            "description": "",
            "shape_type": "rectangle",
            "flags": {},
            "mask": null
        },
        {
            "label": "osteochondroma",
            "points": [
                [
                    236.07731547903714,
                    131.28311542337755
                ],
                [
                    211.0380700716279,
                    175.82807134153094
                ],
                [
                    209.93136309229493,
                    175.1363794794478
                ],
                [
                    209.93136309229493,
                    171.2629050517823
                ],
                [
                    209.37800960262842,
                    168.08112248619994
                ],
                [
                    208.6863177405453,
                    162.27091084470166
                ],
                [
                    210.34637820954478,
                    157.42906781011976
                ],
                [
                    212.0064386785443,
                    155.49233059628702
                ],
                [
                    214.0815142647937,
                    152.172209658288
                ],
                [
                    215.7415747337932,
                    146.63867476162298
                ],
                [
                    214.35819100962695,
                    144.84027592020686
                ],
                [
                    214.0815142647937,
                    141.2434782373746
                ],
                [
                    217.12495845795945,
                    135.8482817131262
                ],
                [
                    221.41344800287484,
                    131.69813054062743
                ],
                [
                    225.0102456857071,
                    129.34637820954478
                ],
                [
                    229.85208872028898,
                    130.31474681646117
                ],
                [
                    232.34217942378825,
                    130.31474681646117
                ]
            ],
            "group_id": null,
            "description": "",
            "shape_type": "polygon",
            "flags": {},
            "mask": null
        }
    ],
    "imagePath": "IMG000255.jpeg",
    "imageData": null,
    "imageHeight": 512,
    "imageWidth": 512
}