{
    "version": "5.4.1",
    "flags": {},
    "shapes": [
        {
            "label": "multiple osteochondromas",
            "points": [
                [
                    163.92425599681496,
                    76.69553100427989
                ],
                [
                    339.7379317209117,
                    220.1492982979994
                ]
            ],
            "group_id": null,
            "description": "",
            "shape_type": "rectangle",
            "flags": {},
            "mask": null
        },
        {
            "label": "multiple osteochondromas",
            "points": [
                [
                    147.61690056733354,
                    302.96008758833483
                ],
                [
                    300.2435552901364,
                    414.3087488802628
                ]
            ],
            "group_id": null,
            "description": "",
            "shape_type": "rectangle",
            "flags": {},
            "mask": null
        },
        {
            "label": "multiple osteochondromas",
            "points": [
                [
                    197.55817657012045,
                    216.58206429780034
                ],
                [
                    191.69772071265055,
                    217.09166915497164
                ],
                [
                    185.83726485518065,
                    203.07753558276102
                ],
                [
                    185.32765999800938,
                    196.19787001094852
                ],
                [
                    178.70279685478255,
                    187.02498258186523
                ],
                [
                    172.58753856872698,
                    180.65492186722403
                ],
                [
                    170.2943167114562,
                    176.57808300985369
                ],
                [
                    165.7078729969145,
                    167.65999800935603
                ],
                [
                    165.7078729969145,
                    152.88145715138847
                ],
                [
                    173.35194585448394,
                    148.80461829401813
                ],
                [
                    179.97680899771075,
                    148.54981586543246
                ],
                [
                    186.85647456952327,
                    152.11704986563154
                ],
                [
                    190.93331342689362,
                    153.39106200855977
                ],
                [
                    195.2649547128496,
                    148.04021100826117
                ],
                [
                    193.73614014133574,
                    142.6893600079626
                ],
                [
                    200.36100328456257,
                    139.6317308649348
                ],
                [
                    202.39942271324776,
                    137.84811386483528
                ],
                [
                    241.8937991440231,
                    131.73285557877972
                ],
                [
                    244.18702100129394,
                    118.99273414949735
                ],
                [
                    247.75425500149296,
                    95.80571314820344
                ],
                [
                    253.8695132875485,
                    81.28197471882154
                ],
                [
                    257.18194485916194,
                    78.47914800437943
                ],
                [
                    265.08082014531703,
                    87.39723300487708
                ],
                [
                    273.99890514581466,
                    94.27689857668956
                ],
                [
                    280.62376828904155,
                    104.97860057728676
                ],
                [
                    284.44580471782626,
                    109.81984672041405
                ],
                [
                    288.7774460037822,
                    116.69951229222654
                ],
                [
                    294.3830994326665,
                    121.28595600676819
                ],
                [
                    301.262765004479,
                    125.10799243555289
                ],
                [
                    308.1424305762914,
                    125.10799243555289
                ],
                [
                    313.2384791480044,
                    124.08878272121032
                ],
                [
                    313.2384791480044,
                    117.46391957798348
                ],
                [
                    315.27689857668963,
                    114.15148800637007
                ],
                [
                    325.2141932915298,
                    121.79556086393949
                ],
                [
                    325.46899572011546,
                    127.91081914999502
                ],
                [
                    323.68537872001593,
                    137.08370657907835
                ],
                [
                    324.19498357718726,
                    141.16054543644867
                ],
                [
                    328.5266248631432,
                    146.51139643674728
                ],
                [
                    334.1322782920275,
                    150.333432865532
                ],
                [
                    337.18990743505526,
                    156.1938887230019
                ],
                [
                    336.1706977207126,
                    167.65999800935603
                ],
                [
                    333.62267343485615,
                    175.5588732955111
                ],
                [
                    330.05543943465716,
                    185.49616801035134
                ],
                [
                    329.0362297203145,
                    192.1210311535782
                ],
                [
                    327.50741514880065,
                    201.03911615407583
                ],
                [
                    324.95939086294413,
                    206.38996715437443
                ],
                [
                    315.27689857668963,
                    210.21200358315915
                ],
                [
                    311.2000597193192,
                    214.54364486911516
                ],
                [
                    309.16164029063407,
                    219.1300885836568
                ]
            ],
            "group_id": null,
            "description": "",
            "shape_type": "polygon",
            "flags": {},
            "mask": null
        },
        {
            "label": "multiple osteochondromas",
            "points": [
                [
                    185.32765999800938,
                    312.1329750174181
                ],
                [
                    283.4265950034836,
                    305.76291430277695
                ],
                [
                    294.1282970040808,
                    312.3877774460038
                ],
                [
                    299.7339504329651,
                    319.2674430178163
                ],
                [
                    297.6955310042799,
                    330.2239474469991
                ],
                [
                    293.87349457549516,
                    334.04598387578386
                ],
                [
                    285.4650144321688,
                    338.63242759032545
                ],
                [
                    277.31133671742805,
                    343.9832785906241
                ],
                [
                    271.70568328854387,
                    348.8245247337514
                ],
                [
                    275.7825221459142,
                    353.6657708768787
                ],
                [
                    274.2537075744003,
                    362.074251020205
                ],
                [
                    263.2972031452175,
                    364.11267044889024
                ],
                [
                    259.22036428784713,
                    366.91549716333236
                ],
                [
                    256.6723400019906,
                    372.52115059221654
                ],
                [
                    251.32148900169204,
                    378.89121130685777
                ],
                [
                    246.48024285856476,
                    382.4584453070568
                ],
                [
                    242.40340400119442,
                    385.77087687867026
                ],
                [
                    239.3457748581666,
                    389.592913307455
                ],
                [
                    237.81696028665274,
                    392.39574002189704
                ],
                [
                    231.95650442918287,
                    397.49178859361
                ],
                [
                    217.68756842838658,
                    389.8477157360406
                ],
                [
                    211.31750771374544,
                    385.26127202149894
                ],
                [
                    206.98586642778943,
                    386.79008659301286
                ],
                [
                    205.9666567134468,
                    388.828506021698
                ],
                [
                    205.9666567134468,
                    390.6121230217975
                ],
                [
                    207.24066885637504,
                    398.256195879367
                ],
                [
                    207.4954712849607,
                    402.84263959390864
                ],
                [
                    205.20224942768988,
                    405.3906638797651
                ],
                [
                    197.55817657012045,
                    403.6070468796656
                ],
                [
                    194.50054742709267,
                    406.4098735941077
                ],
                [
                    191.18811585547928,
                    410.7415148800637
                ],
                [
                    183.54404299790983,
                    412.01552702299193
                ],
                [
                    170.80392156862746,
                    408.7030954513785
                ],
                [
                    163.92425599681496,
                    408.7030954513785
                ],
                [
                    157.80899771075946,
                    402.587837165323
                ],
                [
                    154.75136856773167,
                    401.823429879566
                ],
                [
                    149.91012242460437,
                    405.1358614511795
                ],
                [
                    148.89091271026177,
                    395.96297402209615
                ],
                [
                    151.94854185328956,
                    383.22285259281375
                ],
                [
                    156.78978799641686,
                    378.38160644968644
                ],
                [
                    162.14063899671547,
                    372.7759530208022
                ],
                [
                    164.94346571115756,
                    369.4635214491888
                ],
                [
                    162.3954414253011,
                    363.0934607345476
                ],
                [
                    162.9050462824724,
                    345.51209316213794
                ],
                [
                    166.7270827112571,
                    338.1228227331542
                ],
                [
                    170.80392156862746,
                    332.77197173285555
                ],
                [
                    179.21240171195382,
                    324.8730964467005
                ]
            ],
            "group_id": null,
            "description": "",
            "shape_type": "polygon",
            "flags": {},
            "mask": null
        }
    ],
    "imagePath": "IMG000717.jpeg",
    "imageData": null,
    "imageHeight": 512,
    "imageWidth": 512
}