{
    "version": "5.4.1",
    "flags": {},
    "shapes": [
        {
            "label": "osteosarcoma",
            "points": [
                [
                    287.227179773192,
                    187.0860754787135
                ],
                [
                    324.53969139245214,
                    349.28127904815017
                ]
            ],
            "group_id": null,
            "description": "",
            "shape_type": "rectangle",
            "flags": {},
            "mask": null
        },
        {
            "label": "osteosarcoma",
            "points": [
                [
                    290.5269256987049,
                    190.2694842081345
                ],
                [
                    297.97250624857986,
                    188.40808907066577
                ],
                [
                    308.44285389684165,
                    191.20018177686887
                ],
                [
                    311.700295387412,
                    198.8784367189275
                ],
                [
                    313.0963417405135,
                    211.21017950465802
                ],
                [
                    317.2844807998182,
                    221.44785276073617
                ],
                [
                    319.61122472165414,
                    229.3587820949784
                ],
                [
                    319.145875937287,
                    249.36877982276755
                ],
                [
                    319.145875937287,
                    255.8836628039082
                ],
                [
                    320.5419222903886,
                    260.7698250397637
                ],
                [
                    321.4726198591229,
                    265.65598727561917
                ],
                [
                    322.6359918200409,
                    271.7055214723926
                ],
                [
                    322.6359918200409,
                    280.08179959100204
                ],
                [
                    321.70529425130655,
                    285.4333106112247
                ],
                [
                    321.00727107475575,
                    292.18086798454897
                ],
                [
                    319.61122472165414,
                    297.7650533969552
                ],
                [
                    316.35378323108387,
                    336.38900249943197
                ],
                [
                    314.4923880936151,
                    341.97318791183824
                ],
                [
                    312.86366734832995,
                    346.1613269711429
                ],
                [
                    311.700295387412,
                    348.0227221086117
                ],
                [
                    306.1161099750057,
                    294.5076119063849
                ],
                [
                    301.6952965235174,
                    281.9431947284708
                ],
                [
                    297.2744830720291,
                    266.58668484435356
                ],
                [
                    292.8536696205408,
                    254.48761645080663
                ],
                [
                    292.8536696205408,
                    242.38854805725973
                ],
                [
                    291.9229720518064,
                    230.52215405589638
                ],
                [
                    289.82890252215407,
                    218.19041127016587
                ],
                [
                    289.3635537377869,
                    206.32401726880252
                ],
                [
                    289.5962281299705,
                    197.94773915019312
                ]
            ],
            "group_id": null,
            "description": "",
            "shape_type": "polygon",
            "flags": {},
            "mask": null
        }
    ],
    "imagePath": "IMG000044.jpeg",
    "imageData": null,
    "imageHeight": 512,
    "imageWidth": 512
}