{
    "version": "5.4.1",
    "flags": {},
    "shapes": [
        {
            "label": "osteosarcoma",
            "points": [
                [
                    57.61933739012845,
                    346.77604988355495
                ],
                [
                    164.93509127789045,
                    459.4768236796635
                ]
            ],
            "group_id": null,
            "description": "",
            "shape_type": "rectangle",
            "flags": {},
            "mask": null
        },
        {
            "label": "osteosarcoma",
            "points": [
                [
                    152.51259540833257,
                    348.2919117868887
                ],
                [
                    161.47147554831508,
                    348.6008386882674
                ],
                [
                    163.7884273086554,
                    350.9177904486077
                ],
                [
                    162.86164660451925,
                    357.09632847618184
                ],
                [
                    162.70718315382993,
                    364.0471837572028
                ],
                [
                    163.47950040727667,
                    372.38821009442785
                ],
                [
                    160.39023139348961,
                    378.566748122002
                ],
                [
                    152.66705885902192,
                    388.45240896612063
                ],
                [
                    144.01710562041814,
                    396.021118049899
                ],
                [
                    138.1474944942227,
                    405.2889250912602
                ],
                [
                    129.4975412556189,
                    415.94690318882556
                ],
                [
                    124.55471083355961,
                    420.7352701601955
                ],
                [
                    113.2788789332368,
                    434.9459076236161
                ],
                [
                    105.55570639876912,
                    442.2056898060157
                ],
                [
                    94.43433794913568,
                    449.92886234048336
                ],
                [
                    91.19060548465924,
                    454.4083024104746
                ],
                [
                    78.98799288020032,
                    457.9609617763297
                ],
                [
                    65.70413612091593,
                    456.8797176215042
                ],
                [
                    60.76130569885661,
                    452.5547410022023
                ],
                [
                    60.76130569885661,
                    448.53869128427914
                ],
                [
                    62.76933055781821,
                    441.7422994539476
                ],
                [
                    62.76933055781821,
                    435.10037107430543
                ],
                [
                    63.07825745919691,
                    420.7352701601955
                ],
                [
                    61.68808640299273,
                    410.3862189640089
                ],
                [
                    62.76933055781821,
                    401.736265725405
                ],
                [
                    72.34606450055811,
                    393.70416628955866
                ],
                [
                    75.12640661296649,
                    387.37116481129516
                ],
                [
                    83.77635985157028,
                    386.9077744592271
                ],
                [
                    87.79240956949347,
                    380.72923643165296
                ],
                [
                    91.19060548465924,
                    373.6239176999427
                ],
                [
                    93.81648414637826,
                    367.7543065737473
                ],
                [
                    99.84055872326304,
                    367.7543065737473
                ],
                [
                    105.40124294807977,
                    364.3561106585815
                ],
                [
                    109.72621956738168,
                    364.3561106585815
                ],
                [
                    123.9368570308022,
                    365.59181826409633
                ],
                [
                    129.03415090355082,
                    360.3400609406583
                ],
                [
                    142.4724711135246,
                    357.8686457296286
                ]
            ],
            "group_id": null,
            "description": "",
            "shape_type": "polygon",
            "flags": {},
            "mask": null
        }
    ],
    "imagePath": "IMG001577.jpeg",
    "imageData": null,
    "imageHeight": 512,
    "imageWidth": 512
}