{
    "version": "5.4.1",
    "flags": {},
    "shapes": [
        {
            "label": "osteochondroma",
            "points": [
                [
                    81.38863075775826,
                    199.29415476395343
                ],
                [
                    107.16979238537289,
                    229.96581571849714
                ]
            ],
            "group_id": null,
            "description": "",
            "shape_type": "rectangle",
            "flags": {},
            "mask": null
        },
        {
            "label": "osteochondroma",
            "points": [
                [
                    83.6831296965525,
                    228.57196122296793
                ],
                [
                    82.94889003613834,
                    225.17610279355245
                ],
                [
                    83.0406699936901,
                    222.14736419434405
                ],
                [
                    83.95846956920781,
                    219.76108529799805
                ],
                [
                    86.16118855045028,
                    217.37480640165205
                ],
                [
                    86.7118682957609,
                    214.34606780244366
                ],
                [
                    85.61050880513966,
                    212.0515688636494
                ],
                [
                    84.8762691447255,
                    207.00367119830207
                ],
                [
                    85.24338897493259,
                    203.88315264154193
                ],
                [
                    86.7118682957609,
                    202.32289336316182
                ],
                [
                    88.1803476165892,
                    202.23111340561005
                ],
                [
                    90.9337463431423,
                    202.96535306602422
                ],
                [
                    92.40222566397061,
                    204.43383238685252
                ],
                [
                    95.430964263179,
                    208.01325073137153
                ],
                [
                    96.89944358400733,
                    208.7474903917857
                ],
                [
                    98.82682269259449,
                    211.04198933057995
                ],
                [
                    100.2953020134228,
                    212.60224860896002
                ],
                [
                    102.03912120690642,
                    215.90632708082373
                ],
                [
                    105.34319967877013,
                    219.3021855102392
                ],
                [
                    106.35277921183959,
                    224.25830321803477
                ],
                [
                    105.98565938163252,
                    226.55280215682902
                ],
                [
                    105.52675959387366,
                    227.745941605002
                ],
                [
                    101.85556129180287,
                    228.29662135031262
                ],
                [
                    99.56106235300864,
                    228.84730109562327
                ],
                [
                    95.98164400848962,
                    229.6733207135892
                ],
                [
                    93.3200252394883,
                    229.85688062869272
                ],
                [
                    90.10772672517638,
                    229.48976079848563
                ]
            ],
            "group_id": null,
            "description": "",
            "shape_type": "polygon",
            "flags": {},
            "mask": null
        }
    ],
    "imagePath": "IMG001334.jpeg",
    "imageData": null,
    "imageHeight": 512,
    "imageWidth": 512
}