{
    "version": "5.4.1",
    "flags": {},
    "shapes": [
        {
            "label": "osteochondroma",
            "points": [
                [
                    137.15363881401618,
                    75.55795148247978
                ],
                [
                    145.7789757412399,
                    89.5309973045822
                ]
            ],
            "group_id": null,
            "description": "",
            "shape_type": "rectangle",
            "flags": {},
            "mask": null
        },
        {
            "label": "osteochondroma",
            "points": [
                [
                    137.69700067653918,
                    76.39780500638953
                ],
                [
                    138.3705329624897,
                    86.88566488761933
                ],
                [
                    139.04406524844023,
                    85.24994362173945
                ],
                [
                    139.5251597384049,
                    84.09531684582424
                ],
                [
                    140.29491092234838,
                    84.57641133578892
                ],
                [
                    142.4117266781929,
                    86.40457039765467
                ],
                [
                    145.00963692400214,
                    87.0781026836052
                ],
                [
                    144.9134180260092,
                    83.51800345786664
                ],
                [
                    143.75879125009402,
                    81.6898443960009
                ],
                [
                    142.6041644741788,
                    79.95790423212809
                ],
                [
                    141.44953769826358,
                    78.51462076223409
                ],
                [
                    139.5251597384049,
                    76.8788994963542
                ]
            ],
            "group_id": null,
            "description": "",
            "shape_type": "polygon",
            "flags": {},
            "mask": null
        }
    ],
    "imagePath": "IMG000250.jpeg",
    "imageData": null,
    "imageHeight": 512,
    "imageWidth": 512
}