{
    "version": "5.4.1",
    "flags": {},
    "shapes": [
        {
            "label": "osteochondroma",
            "points": [
                [
                    144.91688029401763,
                    361.235736744734
                ],
                [
                    217.764221774227,
                    457.0204335598198
                ]
            ],
            "group_id": null,
            "description": "",
            "shape_type": "rectangle",
            "flags": {},
            "mask": null
        },
        {
            "label": "osteochondroma",
            "points": [
                [
                    164.2953173437755,
                    444.6767825093817
                ],
                [
                    159.59634524392237,
                    437.8893783651494
                ],
                [
                    155.41948115516396,
                    428.2303801598957
                ],
                [
                    152.28683308859522,
                    420.0071789851526
                ],
                [
                    148.24049600261054,
                    412.5671398270518
                ],
                [
                    147.06575297764726,
                    402.2555066079296
                ],
                [
                    146.67417196932615,
                    394.55441344428135
                ],
                [
                    147.06575297764726,
                    382.41540218632736
                ],
                [
                    147.71838799151578,
                    370.40691793114706
                ],
                [
                    152.02577908304784,
                    363.61951378691475
                ],
                [
                    155.94158916625878,
                    362.4447707619515
                ],
                [
                    168.6027084353076,
                    362.4447707619515
                ],
                [
                    178.7838146516561,
                    362.5752977647251
                ],
                [
                    184.26594876815145,
                    367.7963778756731
                ],
                [
                    189.225974873552,
                    378.1080110947953
                ],
                [
                    195.75232501223692,
                    387.2449012889542
                ],
                [
                    200.84287812041117,
                    395.72915646924463
                ],
                [
                    205.15026921194323,
                    399.7754935552293
                ],
                [
                    214.80926741719696,
                    408.65132974384085
                ],
                [
                    216.24506444770765,
                    413.2197748409203
                ],
                [
                    217.68086147821833,
                    420.5292869962474
                ],
                [
                    216.24506444770765,
                    428.4914341654431
                ],
                [
                    212.59030837004406,
                    433.3209332680699
                ],
                [
                    207.6302822646435,
                    434.4956762930332
                ],
                [
                    206.45553923968023,
                    436.5841083374124
                ],
                [
                    205.93343122858542,
                    439.84728340675485
                ],
                [
                    204.10605318975365,
                    445.32941752325024
                ],
                [
                    201.75656713982707,
                    450.02838962310335
                ],
                [
                    197.8407570566161,
                    454.5968347201828
                ],
                [
                    188.05123184858869,
                    456.685266764562
                ],
                [
                    177.4785446239191,
                    453.42209169521954
                ],
                [
                    172.64904552129224,
                    446.5041605482135
                ],
                [
                    167.16691140479688,
                    445.9820525371187
                ]
            ],
            "group_id": null,
            "description": "",
            "shape_type": "polygon",
            "flags": {},
            "mask": null
        }
    ],
    "imagePath": "IMG001013.jpeg",
    "imageData": null,
    "imageHeight": 512,
    "imageWidth": 512
}