{
    "version": "5.4.1",
    "flags": {},
    "shapes": [
        {
            "label": "multiple osteochondromas",
            "points": [
                [
                    224.66675102014995,
                    339.67865540547666
                ],
                [
                    271.2028806714537,
                    399.6033699216567
                ]
            ],
            "group_id": null,
            "description": "",
            "shape_type": "rectangle",
            "flags": {},
            "mask": null
        },
        {
            "label": "multiple osteochondromas",
            "points": [
                [
                    191.95025040965635,
                    369.38586166308943
                ],
                [
                    225.3145857716762,
                    412.991954786533
                ]
            ],
            "group_id": null,
            "description": "",
            "shape_type": "rectangle",
            "flags": {},
            "mask": null
        },
        {
            "label": "multiple osteochondromas",
            "points": [
                [
                    246.58516011345543,
                    340.54243507417834
                ],
                [
                    262.99697381878764,
                    340.7583799913538
                ],
                [
                    260.621579729858,
                    347.45267242379185
                ],
                [
                    261.16144202279656,
                    350.6918461814232
                ],
                [
                    261.91724923291054,
                    356.19844156939655
                ],
                [
                    262.24116660867367,
                    360.7332848300805
                ],
                [
                    263.7527810289016,
                    363.32462383618554
                ],
                [
                    265.5883128248927,
                    367.5355497211063
                ],
                [
                    267.747761996647,
                    371.3145857716762
                ],
                [
                    269.6912662512258,
                    375.0936218222461
                ],
                [
                    270.23112854416433,
                    378.7646854142283
                ],
                [
                    269.5832937926381,
                    384.1633083436139
                ],
                [
                    266.236147576419,
                    389.02206898006096
                ],
                [
                    264.5085882390156,
                    390.53368340028885
                ],
                [
                    260.1896898955071,
                    394.2047469922711
                ],
                [
                    256.5186263035249,
                    397.4439207499025
                ],
                [
                    252.4156728771919,
                    396.2562237054376
                ],
                [
                    251.7678381256656,
                    397.98378304284097
                ],
                [
                    247.125022406394,
                    398.5236453357796
                ],
                [
                    241.94234439418383,
                    397.0120309155516
                ],
                [
                    235.24805196174572,
                    395.5004164953237
                ],
                [
                    230.0653739495355,
                    395.3924440367359
                ],
                [
                    228.8776769050707,
                    386.754647349719
                ],
                [
                    228.01389723636902,
                    382.32777654762276
                ],
                [
                    228.22984215354444,
                    378.872657872816
                ],
                [
                    226.3943103575533,
                    377.0371260768249
                ],
                [
                    225.53053068885163,
                    373.15011756766734
                ],
                [
                    227.68997986060586,
                    369.910943810036
                ],
                [
                    230.28131886671096,
                    366.3478526766414
                ],
                [
                    232.98063033140375,
                    364.1884035048872
                ],
                [
                    232.98063033140375,
                    359.9774776199664
                ],
                [
                    231.03712607682496,
                    357.49411107244913
                ],
                [
                    229.41753919800925,
                    353.0672402703529
                ],
                [
                    231.14509853541264,
                    349.93603897130924
                ],
                [
                    235.24805196174572,
                    349.07225930260756
                ],
                [
                    237.40750113349995,
                    349.5041491369584
                ],
                [
                    240.32275751536815,
                    349.2882042197829
                ],
                [
                    241.94234439418383,
                    345.83308554497626
                ]
            ],
            "group_id": null,
            "description": "",
            "shape_type": "polygon",
            "flags": {},
            "mask": null
        },
        {
            "label": "multiple osteochondromas",
            "points": [
                [
                    192.1670409852487,
                    408.99697381878764
                ],
                [
                    192.9228481953627,
                    402.086736469174
                ],
                [
                    193.89460032265208,
                    394.636636826622
                ],
                [
                    197.88958129039742,
                    387.6184270184207
                ],
                [
                    203.18023176119527,
                    380.27629983445627
                ],
                [
                    210.41438648657197,
                    374.87767690507064
                ],
                [
                    217.8644861291241,
                    370.5587785615622
                ],
                [
                    219.4840730079398,
                    370.0189162686237
                ],
                [
                    222.7232467655711,
                    371.74647560602705
                ],
                [
                    222.93919168274653,
                    373.47403494343047
                ],
                [
                    222.93919168274653,
                    376.28131886671093
                ],
                [
                    222.83121922415884,
                    381.78791425468427
                ],
                [
                    223.80297135144826,
                    386.2147850567804
                ],
                [
                    224.2348611857991,
                    387.6184270184207
                ],
                [
                    224.45080610297452,
                    390.7496283174643
                ],
                [
                    224.1268887272114,
                    398.84756271154276
                ],
                [
                    224.2348611857991,
                    402.1947089277617
                ],
                [
                    221.42757726251858,
                    407.3773869399719
                ],
                [
                    214.73328483008046,
                    411.2643954491296
                ],
                [
                    212.03397336538768,
                    411.3723679077173
                ],
                [
                    207.82304748046693,
                    410.9404780733664
                ],
                [
                    204.47590126424782,
                    411.48034036630503
                ],
                [
                    201.4526724237919,
                    412.0202026592435
                ],
                [
                    197.13377408028344,
                    411.3723679077173
                ],
                [
                    192.81487573677498,
                    410.07669840466474
                ]
            ],
            "group_id": null,
            "description": "",
            "shape_type": "polygon",
            "flags": {},
            "mask": null
        }
    ],
    "imagePath": "IMG000942.jpeg",
    "imageData": null,
    "imageHeight": 512,
    "imageWidth": 512
}