{
    "version": "5.4.1",
    "flags": {},
    "shapes": [
        {
            "label": "multiple osteochondromas",
            "points": [
                [
                    192.448325017819,
                    46.163934426229524
                ],
                [
                    225.52031361368495,
                    132.07507721549064
                ]
            ],
            "group_id": null,
            "description": "",
            "shape_type": "rectangle",
            "flags": {},
            "mask": null
        },
        {
            "label": "multiple osteochondromas",
            "points": [
                [
                    233.8880662788648,
                    95.73206416358191
                ],
                [
                    273.2323285739468,
                    234.6356425171867
                ]
            ],
            "group_id": null,
            "description": "",
            "shape_type": "rectangle",
            "flags": {},
            "mask": null
        },
        {
            "label": "multiple osteochondromas",
            "points": [
                [
                    278.73960560703256,
                    306.5583273936802
                ],
                [
                    364.0484752335625,
                    399.20465362242203
                ]
            ],
            "group_id": null,
            "description": "",
            "shape_type": "rectangle",
            "flags": {},
            "mask": null
        },
        {
            "label": "multiple osteochondromas",
            "points": [
                [
                    212.03014278159702,
                    47.08055702450205
                ],
                [
                    207.2355014983254,
                    48.06768905341091
                ],
                [
                    205.26123744050767,
                    48.913802221047085
                ],
                [
                    202.0178036312357,
                    50.60602855631942
                ],
                [
                    199.47946412832715,
                    53.00334919795524
                ],
                [
                    197.50520007050943,
                    55.96474528468185
                ],
                [
                    196.23603031905517,
                    58.36206592631766
                ],
                [
                    195.2488982901463,
                    62.16957518068044
                ],
                [
                    194.68482284505552,
                    65.55402785122513
                ],
                [
                    196.09501145778248,
                    71.89987660849641
                ],
                [
                    196.37704918032787,
                    73.87414066631413
                ],
                [
                    196.51806804160057,
                    77.8226687819496
                ],
                [
                    196.65908690287324,
                    81.63017803631237
                ],
                [
                    196.65908690287324,
                    90.09130971267408
                ],
                [
                    195.5309360126917,
                    98.83447911158119
                ],
                [
                    194.96686056760092,
                    107.01357306539752
                ],
                [
                    194.82584170632822,
                    113.21840296139611
                ],
                [
                    194.68482284505552,
                    119.4232328573947
                ],
                [
                    193.83870967741936,
                    125.48704389212058
                ],
                [
                    211.18402961396086,
                    84.45055526176627
                ],
                [
                    214.00440683941477,
                    79.93795170104003
                ],
                [
                    223.45267054468533,
                    56.95187731359071
                ],
                [
                    223.31165168341266,
                    52.721311475409856
                ],
                [
                    220.20923673541338,
                    49.61889652741056
                ],
                [
                    216.96580292614138,
                    47.36259474704743
                ]
            ],
            "group_id": null,
            "description": "",
            "shape_type": "polygon",
            "flags": {},
            "mask": null
        },
        {
            "label": "multiple osteochondromas",
            "points": [
                [
                    266.7454609554028,
                    96.86021505376345
                ],
                [
                    250.52829190904282,
                    104.75727128503439
                ],
                [
                    237.41353781068216,
                    118.01304424466775
                ],
                [
                    236.00334919795523,
                    126.61519478230214
                ],
                [
                    234.45214172395558,
                    137.47364710029967
                ],
                [
                    237.1315000881368,
                    154.9599858981139
                ],
                [
                    237.69557553322758,
                    169.6259474704742
                ],
                [
                    236.567424643046,
                    185.13802221047067
                ],
                [
                    236.14436805922793,
                    194.58628591574126
                ],
                [
                    236.14436805922793,
                    204.45760620482991
                ],
                [
                    235.43927375286444,
                    217.99541688700864
                ],
                [
                    235.43927375286444,
                    225.32839767318882
                ],
                [
                    236.4264057817733,
                    229.98202009518775
                ],
                [
                    240.65697161995416,
                    233.78952934955052
                ],
                [
                    253.48968799576946,
                    226.03349197955228
                ],
                [
                    258.2843292790411,
                    214.0468887713732
                ],
                [
                    259.55349903049535,
                    196.56054997355898
                ],
                [
                    262.37387625594926,
                    186.97126740701572
                ],
                [
                    268.7197250132205,
                    178.36911686938132
                ],
                [
                    269.7068570421294,
                    169.3439097479288
                ],
                [
                    271.5401022386744,
                    158.62647629120394
                ],
                [
                    271.6811210999471,
                    144.10153358011635
                ],
                [
                    269.5658381808567,
                    131.83289264939188
                ],
                [
                    267.591574123039,
                    120.97444033139433
                ]
            ],
            "group_id": null,
            "description": "",
            "shape_type": "polygon",
            "flags": {},
            "mask": null
        },
        {
            "label": "multiple osteochondromas",
            "points": [
                [
                    279.86021505376345,
                    330.9515247664375
                ],
                [
                    280.5653093601269,
                    321.92631764498503
                ],
                [
                    284.5138374757624,
                    313.74722369116876
                ],
                [
                    292.6929314295787,
                    308.10646924026094
                ],
                [
                    302.7052705799401,
                    308.10646924026094
                ],
                [
                    314.69187378811915,
                    316.9906575004407
                ],
                [
                    323.8580997708444,
                    324.18261942534815
                ],
                [
                    327.242552441389,
                    329.54133615371063
                ],
                [
                    331.75515600211526,
                    341.95099594570775
                ],
                [
                    335.56266525647806,
                    352.6684294024326
                ],
                [
                    345.0109289617486,
                    359.43733474352194
                ],
                [
                    354.74123038956463,
                    365.07808919442977
                ],
                [
                    358.6897585052001,
                    368.1805041424291
                ],
                [
                    362.2152300370175,
                    372.834126564428
                ],
                [
                    362.9203243433809,
                    378.3338621540631
                ],
                [
                    353.89511722192844,
                    379.74405076679005
                ],
                [
                    347.83130618720253,
                    376.5006169575181
                ],
                [
                    346.84417415829364,
                    378.6158998766085
                ],
                [
                    343.0366649039309,
                    382.00035254715317
                ],
                [
                    340.0752688172043,
                    385.66684294024327
                ],
                [
                    332.46025030847875,
                    393.7049180327869
                ],
                [
                    328.7937599153887,
                    397.79446500969505
                ],
                [
                    325.5503261061167,
                    398.21752159351314
                ],
                [
                    318.6404019037546,
                    395.8202009518773
                ],
                [
                    307.7819495857571,
                    386.08989952406137
                ],
                [
                    296.92349726775956,
                    366.48827780715675
                ]
            ],
            "group_id": null,
            "description": "",
            "shape_type": "polygon",
            "flags": {},
            "mask": null
        }
    ],
    "imagePath": "IMG000299.jpeg",
    "imageData": null,
    "imageHeight": 512,
    "imageWidth": 512
}