{
    "version": "5.4.1",
    "flags": {},
    "shapes": [
        {
            "label": "osteofibroma",
            "points": [
                [
                    400.641192917055,
                    369.6029822926375
                ],
                [
                    432.55172413793105,
                    396.14538676607646
                ]
            ],
            "group_id": null,
            "description": "",
            "shape_type": "rectangle",
            "flags": {},
            "mask": null
        },
        {
            "label": "osteofibroma",
            "points": [
                [
                    401.7584091389887,
                    382.02157816797126
                ],
                [
                    401.9276496720965,
                    376.6905013750793
                ],
                [
                    403.02771313729636,
                    372.121006981172
                ],
                [
                    404.3816374021578,
                    370.51322191664906
                ],
                [
                    407.85106833086525,
                    370.9363232494182
                ],
                [
                    415.97461392003385,
                    373.89803257880266
                ],
                [
                    423.84429870954096,
                    379.8214512375714
                ],
                [
                    429.0061349693251,
                    385.5756293632325
                ],
                [
                    431.3755024328326,
                    387.94499682674
                ],
                [
                    429.7677173683097,
                    391.49904802200126
                ],
                [
                    425.1136027078485,
                    394.0376560186165
                ],
                [
                    420.29024751427966,
                    394.96847895070874
                ],
                [
                    415.88999365348,
                    394.0376560186165
                ],
                [
                    409.035752062619,
                    389.8066426909245
                ],
                [
                    404.804738734927,
                    386.92955362809397
                ]
            ],
            "group_id": null,
            "description": "",
            "shape_type": "polygon",
            "flags": {},
            "mask": null
        }
    ],
    "imagePath": "IMG001719.jpeg",
    "imageData": null,
    "imageHeight": 512,
    "imageWidth": 512
}