{
    "version": "5.4.1",
    "flags": {},
    "shapes": [
        {
            "label": "osteochondroma",
            "points": [
                [
                    237.84246218049037,
                    333.4126238914971
                ],
                [
                    283.9561815336464,
                    380.1523213354199
                ]
            ],
            "group_id": null,
            "description": "",
            "shape_type": "rectangle",
            "flags": {},
            "mask": null
        },
        {
            "label": "osteochondroma",
            "points": [
                [
                    239.22527253918994,
                    369.2209755709398
                ],
                [
                    239.73454285032227,
                    359.4175220816424
                ],
                [
                    241.38967136150237,
                    350.2506564812604
                ],
                [
                    245.84578658391024,
                    342.48428423649244
                ],
                [
                    252.46630062863056,
                    334.9725471472906
                ],
                [
                    262.5243892734941,
                    334.9725471472906
                ],
                [
                    269.14490331821435,
                    334.71791199172435
                ],
                [
                    275.7654173629347,
                    334.9725471472906
                ],
                [
                    280.22153258534263,
                    340.5745205697462
                ],
                [
                    282.0039786743057,
                    345.15795336993716
                ],
                [
                    283.14983687435347,
                    352.03310257022366
                ],
                [
                    283.40447202991965,
                    358.5262990371608
                ],
                [
                    282.89520171878735,
                    364.6375427707488
                ],
                [
                    279.2029919630779,
                    367.9477997931089
                ],
                [
                    279.4576271186441,
                    369.4756107265059
                ],
                [
                    279.2029919630779,
                    373.6770907933477
                ],
                [
                    277.80249860746403,
                    378.0058884379725
                ],
                [
                    276.40200525185014,
                    379.66101694915255
                ],
                [
                    273.98297127397154,
                    377.36930054905713
                ],
                [
                    263.4156123179757,
                    378.3878411713217
                ],
                [
                    254.75801702872604,
                    378.3878411713217
                ],
                [
                    240.24381316145463,
                    372.78586774886605
                ]
            ],
            "group_id": null,
            "description": "",
            "shape_type": "polygon",
            "flags": {},
            "mask": null
        }
    ],
    "imagePath": "IMG000581.jpeg",
    "imageData": null,
    "imageHeight": 512,
    "imageWidth": 512
}