{
    "version": "5.4.1",
    "flags": {},
    "shapes": [
        {
            "label": "other bt",
            "points": [
                [
                    112.21118012422362,
                    261.46583850931677
                ],
                [
                    178.0496894409938,
                    330.4099378881987
                ]
            ],
            "group_id": null,
            "description": "",
            "shape_type": "rectangle",
            "flags": {},
            "mask": null
        },
        {
            "label": "other bt",
            "points": [
                [
                    165.00900900900902,
                    264.207957957958
                ],
                [
                    170.56456456456456,
                    262.5563063063063
                ],
                [
                    173.56756756756758,
                    262.85660660660665
                ],
                [
                    176.72072072072072,
                    268.262012012012
                ],
                [
                    176.72072072072072,
                    271.7154654654655
                ],
                [
                    176.27027027027026,
                    281.47522522522524
                ],
                [
                    176.4204204204204,
                    291.234984984985
                ],
                [
                    176.27027027027026,
                    294.6884384384384
                ],
                [
                    145.93993993993993,
                    318.71246246246244
                ],
                [
                    142.33633633633633,
                    320.3641141141141
                ],
                [
                    137.68168168168168,
                    322.01576576576576
                ],
                [
                    131.22522522522522,
                    324.8686186186186
                ],
                [
                    124.91891891891892,
                    326.37012012012013
                ],
                [
                    115.45945945945945,
                    329.07282282282284
                ],
                [
                    113.50750750750751,
                    326.97072072072075
                ],
                [
                    112.90690690690691,
                    320.9647147147147
                ],
                [
                    113.50750750750751,
                    311.50525525525524
                ],
                [
                    113.95795795795796,
                    307.1509009009009
                ],
                [
                    121.01501501501501,
                    299.6433933933934
                ],
                [
                    124.61861861861861,
                    294.6884384384384
                ],
                [
                    130.17417417417417,
                    289.7334834834835
                ],
                [
                    134.52852852852854,
                    285.3791291291291
                ],
                [
                    138.88288288288288,
                    281.62537537537537
                ],
                [
                    150.8948948948949,
                    273.6674174174174
                ],
                [
                    161.85585585585585,
                    266.1599099099099
                ]
            ],
            "group_id": null,
            "description": "",
            "shape_type": "polygon",
            "flags": {},
            "mask": null
        }
    ],
    "imagePath": "IMG001825.jpeg",
    "imageData": null,
    "imageHeight": 512,
    "imageWidth": 512
}