{
    "version": "5.4.1",
    "flags": {},
    "shapes": [
        {
            "label": "osteochondroma",
            "points": [
                [
                    323.33929883715905,
                    187.23040677819566
                ],
                [
                    338.61098863096015,
                    202.05943889681407
                ]
            ],
            "group_id": null,
            "description": "",
            "shape_type": "rectangle",
            "flags": {},
            "mask": null
        },
        {
            "label": "osteochondroma",
            "points": [
                [
                    324.11959591254475,
                    188.25913418149003
                ],
                [
                    326.2809397653498,
                    190.1223616408047
                ],
                [
                    328.88945820839035,
                    192.5072927887275
                ],
                [
                    331.12533115956796,
                    194.8176948382777
                ],
                [
                    333.21214591400036,
                    197.649800576436
                ],
                [
                    334.18102419284406,
                    198.99132434714258
                ],
                [
                    335.5225479635506,
                    200.55643541296692
                ],
                [
                    336.34236804564904,
                    200.85455180645727
                ],
                [
                    337.2367172261201,
                    200.85455180645727
                ],
                [
                    337.98200820984596,
                    199.88567352761362
                ],
                [
                    337.609362717983,
                    196.15921860898428
                ],
                [
                    334.7027278814521,
                    193.17805467408078
                ],
                [
                    333.21214591400036,
                    191.61294360825644
                ],
                [
                    331.4979766514309,
                    189.82424524731434
                ],
                [
                    330.00739468397916,
                    188.63177967335295
                ],
                [
                    327.24981804419343,
                    188.40819237823519
                ],
                [
                    326.1318815686046,
                    187.73743049288188
                ]
            ],
            "group_id": null,
            "description": "",
            "shape_type": "polygon",
            "flags": {},
            "mask": null
        }
    ],
    "imagePath": "IMG000377.jpeg",
    "imageData": null,
    "imageHeight": 512,
    "imageWidth": 512
}