{
    "version": "5.4.1",
    "flags": {},
    "shapes": [
        {
            "label": "osteochondroma",
            "points": [
                [
                    317.2066119134024,
                    201.22237631381537
                ],
                [
                    328.9699825885727,
                    216.6706582848222
                ]
            ],
            "group_id": null,
            "description": "",
            "shape_type": "rectangle",
            "flags": {},
            "mask": null
        },
        {
            "label": "osteochondroma",
            "points": [
                [
                    318.2296948704892,
                    204.46269862142415
                ],
                [
                    319.3756791691614,
                    211.72059917968116
                ],
                [
                    324.7236058962981,
                    214.29906385169352
                ],
                [
                    327.11107318519845,
                    213.05758086146537
                ],
                [
                    327.6840653345345,
                    211.2431057219011
                ],
                [
                    325.2965980456342,
                    203.60321039742004
                ],
                [
                    322.9091307567338,
                    202.26622871563586
                ],
                [
                    320.33066608472154,
                    202.17073002407986
                ]
            ],
            "group_id": null,
            "description": "",
            "shape_type": "polygon",
            "flags": {},
            "mask": null
        }
    ],
    "imagePath": "IMG000848.jpeg",
    "imageData": null,
    "imageHeight": 512,
    "imageWidth": 512
}