{
    "version": "5.4.1",
    "flags": {},
    "shapes": [
        {
            "label": "simple bone cyst",
            "points": [
                [
                    206.83729168435053,
                    56.06315253374077
                ],
                [
                    282.457357892652,
                    157.90396966867553
                ]
            ],
            "group_id": null,
            "description": "",
            "shape_type": "rectangle",
            "flags": {},
            "mask": null
        },
        {
            "label": "simple bone cyst",
            "points": [
                [
                    212.05246866423337,
                    115.16849163907986
                ],
                [
                    208.2859519565402,
                    105.17273576097105
                ],
                [
                    207.99621990210224,
                    97.06023823670881
                ],
                [
                    207.99621990210224,
                    83.4428316781258
                ],
                [
                    212.19733469145234,
                    73.73680785445491
                ],
                [
                    222.77255467843702,
                    65.4794443029737
                ],
                [
                    228.8569278216337,
                    60.55399937752878
                ],
                [
                    234.3618368559545,
                    58.6707410236822
                ],
                [
                    240.0116119174943,
                    57.946410887587355
                ],
                [
                    248.1241094417565,
                    59.539937186996
                ],
                [
                    262.90044421809125,
                    64.32051608522197
                ],
                [
                    265.07343462637584,
                    68.81136292900999
                ],
                [
                    266.9566929802224,
                    72.8676116911411
                ],
                [
                    269.1296833885069,
                    78.80711880711881
                ],
                [
                    271.5924058512294,
                    83.15309962368785
                ],
                [
                    275.0691905044846,
                    89.67207084854142
                ],
                [
                    277.966511048864,
                    96.19104207339501
                ],
                [
                    279.99463542992953,
                    102.85487932546755
                ],
                [
                    280.5740995388054,
                    113.28523328523328
                ],
                [
                    281.44329570211926,
                    119.65933848286788
                ],
                [
                    281.15356364768127,
                    128.351300116006
                ],
                [
                    278.9805732393968,
                    136.6086636674872
                ],
                [
                    276.0832526950174,
                    146.31468749115808
                ],
                [
                    273.185932150638,
                    153.5579888521065
                ],
                [
                    267.9707551707552,
                    155.00664912429616
                ],
                [
                    258.9890614831791,
                    156.45530939648586
                ],
                [
                    249.57276971394617,
                    157.17963953258072
                ],
                [
                    238.41808561808563,
                    156.45530939648586
                ],
                [
                    227.69799960388195,
                    152.2541946071358
                ],
                [
                    219.87523413405768,
                    144.28656311009252
                ],
                [
                    216.25358345358345,
                    135.1600033952975
                ],
                [
                    213.50112893642307,
                    121.10799875505757
                ]
            ],
            "group_id": null,
            "description": "",
            "shape_type": "polygon",
            "flags": {},
            "mask": null
        }
    ],
    "imagePath": "IMG001389.jpeg",
    "imageData": null,
    "imageHeight": 512,
    "imageWidth": 512
}