{
    "version": "5.4.1",
    "flags": {},
    "shapes": [
        {
            "label": "osteofibroma",
            "points": [
                [
                    350.30285714285714,
                    110.09523809523814
                ],
                [
                    390.30285714285714,
                    166.4761904761905
                ]
            ],
            "group_id": null,
            "description": "",
            "shape_type": "rectangle",
            "flags": {},
            "mask": null
        },
        {
            "label": "osteofibroma",
            "points": [
                [
                    352.0091438071488,
                    159.9201995012469
                ],
                [
                    354.9883624272652,
                    149.81213632585207
                ],
                [
                    359.3507896924356,
                    142.25768911055695
                ],
                [
                    364.45802161263515,
                    127.78719866999171
                ],
                [
                    368.0756442227764,
                    117.78553615960102
                ],
                [
                    371.9060681629261,
                    113.21030756442228
                ],
                [
                    375.63009143807153,
                    110.97589359933501
                ],
                [
                    383.39733998337493,
                    112.35910224438905
                ],
                [
                    388.8237738985869,
                    119.80714879467999
                ],
                [
                    388.8237738985869,
                    129.27680798004988
                ],
                [
                    387.12136325852043,
                    142.3640897755611
                ],
                [
                    386.80216126350797,
                    147.15211970074813
                ],
                [
                    381.5885286783043,
                    154.17456359102246
                ],
                [
                    367.4372402327515,
                    162.89941812136328
                ],
                [
                    359.5635910224439,
                    165.5594347464672
                ],
                [
                    353.0731504571904,
                    165.24023275145473
                ],
                [
                    351.3707398171239,
                    160.8778054862843
                ]
            ],
            "group_id": null,
            "description": "",
            "shape_type": "polygon",
            "flags": {},
            "mask": null
        }
    ],
    "imagePath": "IMG001709.jpeg",
    "imageData": null,
    "imageHeight": 512,
    "imageWidth": 512
}