{
    "version": "5.4.1",
    "flags": {},
    "shapes": [
        {
            "label": "simple bone cyst",
            "points": [
                [
                    230.78162074497152,
                    264.05767976448607
                ],
                [
                    252.53741915614415,
                    280.874653526332
                ]
            ],
            "group_id": null,
            "description": "",
            "shape_type": "rectangle",
            "flags": {},
            "mask": null
        },
        {
            "label": "simple bone cyst",
            "points": [
                [
                    231.12008391065984,
                    277.93466955770623
                ],
                [
                    231.12008391065984,
                    274.60644842843794
                ],
                [
                    231.3457260211187,
                    271.2782272991697
                ],
                [
                    233.65855765332202,
                    269.0218061945811
                ],
                [
                    235.46369453699296,
                    268.1192377527456
                ],
                [
                    236.36626297882842,
                    266.652564034763
                ],
                [
                    239.1303788319495,
                    265.5807640100834
                ],
                [
                    241.27397888130872,
                    265.01665873393625
                ],
                [
                    244.54578948296228,
                    264.96024820632147
                ],
                [
                    245.1098947591094,
                    264.45255345778907
                ],
                [
                    248.3252948331482,
                    264.28332187494493
                ],
                [
                    250.58171593773687,
                    266.31410086907465
                ],
                [
                    251.3714633243429,
                    270.432069384949
                ],
                [
                    251.54069490718706,
                    273.19618523807003
                ],
                [
                    252.16121071094895,
                    275.9603010911912
                ],
                [
                    251.9355686004901,
                    278.21672219577977
                ],
                [
                    250.69453699296633,
                    280.3039117175243
                ],
                [
                    246.97144217039502,
                    280.3039117175243
                ],
                [
                    244.20732631727395,
                    278.89364852715636
                ],
                [
                    239.18678935956422,
                    278.16031166816504
                ],
                [
                    237.94575775204046,
                    280.13468013468014
                ],
                [
                    235.06882084368996,
                    280.6423748832126
                ],
                [
                    232.3611155181836,
                    280.52955382798314
                ]
            ],
            "group_id": null,
            "description": "",
            "shape_type": "polygon",
            "flags": {},
            "mask": null
        }
    ],
    "imagePath": "IMG000714.jpeg",
    "imageData": null,
    "imageHeight": 512,
    "imageWidth": 512
}