{
    "version": "5.4.1",
    "flags": {},
    "shapes": [
        {
            "label": "osteosarcoma",
            "points": [
                [
                    179.468465184105,
                    93.58253331713045
                ],
                [
                    249.5534225208471,
                    275.5812586237927
                ]
            ],
            "group_id": null,
            "description": "",
            "shape_type": "rectangle",
            "flags": {},
            "mask": null
        },
        {
            "label": "osteosarcoma",
            "points": [
                [
                    227.16968444930532,
                    97.21197391339571
                ],
                [
                    222.5032608255357,
                    109.13727872969578
                ],
                [
                    219.65155749989876,
                    120.80333778911977
                ],
                [
                    217.57759144489003,
                    130.91392230728724
                ],
                [
                    212.65192206424433,
                    146.72791347672862
                ],
                [
                    212.39267630736828,
                    156.06076072426782
                ],
                [
                    215.5036253898813,
                    166.43059099931136
                ],
                [
                    216.79985417426175,
                    172.9117349212136
                ],
                [
                    217.57759144489003,
                    180.42986187062016
                ],
                [
                    217.57759144489003,
                    188.20723457690283
                ],
                [
                    216.2813626605096,
                    197.54008182444198
                ],
                [
                    207.46700692672258,
                    202.72499696196377
                ],
                [
                    206.4300238992182,
                    211.28010693887472
                ],
                [
                    206.68926965609433,
                    221.90918297079435
                ],
                [
                    197.09717665167904,
                    221.39069145704215
                ],
                [
                    192.68999878478553,
                    222.6869202414226
                ],
                [
                    188.0235751610159,
                    229.16806416332486
                ],
                [
                    183.6163972941224,
                    239.5378944383684
                ],
                [
                    181.5424312391137,
                    245.24130108964232
                ],
                [
                    181.02393972536152,
                    249.38923319965974
                ],
                [
                    181.02393972536152,
                    255.0926398509337
                ],
                [
                    189.06055818852025,
                    261.833029529712
                ],
                [
                    196.83793089480292,
                    265.98096163972946
                ],
                [
                    205.91153238546605,
                    269.09191072224246
                ],
                [
                    213.68890509174872,
                    271.68436829100335
                ],
                [
                    226.9104386924292,
                    271.68436829100335
                ],
                [
                    239.0949892656054,
                    271.1658767772512
                ],
                [
                    244.79839591687934,
                    257.94434317657067
                ],
                [
                    248.1685907562685,
                    242.38959776400534
                ],
                [
                    245.05764167375543,
                    146.72791347672862
                ],
                [
                    235.46554866934014,
                    97.98971118402396
                ],
                [
                    230.79912504557055,
                    94.61951634463482
                ]
            ],
            "group_id": null,
            "description": "",
            "shape_type": "polygon",
            "flags": {},
            "mask": null
        }
    ],
    "imagePath": "IMG001521.jpeg",
    "imageData": null,
    "imageHeight": 512,
    "imageWidth": 512
}