{
    "version": "5.4.1",
    "flags": {},
    "shapes": [
        {
            "label": "osteochondroma",
            "points": [
                [
                    303.50354090354085,
                    221.3040293040293
                ],
                [
                    339.76239316239315,
                    263.032967032967
                ]
            ],
            "group_id": null,
            "description": "",
            "shape_type": "rectangle",
            "flags": {},
            "mask": null
        },
        {
            "label": "osteochondroma",
            "points": [
                [
                    330.20039960039963,
                    222.75324675324674
                ],
                [
                    333.89448329448334,
                    221.9007659007659
                ],
                [
                    337.588566988567,
                    224.17404817404815
                ],
                [
                    336.0256854256854,
                    230.56765456765456
                ],
                [
                    332.615762015762,
                    237.67166167166167
                ],
                [
                    328.92167832167837,
                    242.9286269286269
                ],
                [
                    326.9325563325563,
                    249.7484737484737
                ],
                [
                    322.1018315018315,
                    257.1366411366411
                ],
                [
                    318.69190809190815,
                    260.26240426240423
                ],
                [
                    316.84486624486624,
                    262.5356865356865
                ],
                [
                    311.587900987901,
                    262.1094461094461
                ],
                [
                    305.62053502053504,
                    261.82528582528585
                ],
                [
                    304.3418137418138,
                    256.99456099456097
                ],
                [
                    304.4838938838939,
                    253.58463758463756
                ],
                [
                    311.587900987901,
                    245.20190920190922
                ],
                [
                    319.9706293706294,
                    236.96126096126096
                ],
                [
                    324.6592740592741,
                    229.43101343101338
                ],
                [
                    327.35879675879676,
                    225.3106893106893
                ]
            ],
            "group_id": null,
            "description": "",
            "shape_type": "polygon",
            "flags": {},
            "mask": null
        }
    ],
    "imagePath": "IMG000606.jpeg",
    "imageData": null,
    "imageHeight": 512,
    "imageWidth": 512
}