{
    "version": "5.4.1",
    "flags": {},
    "shapes": [
        {
            "label": "osteosarcoma",
            "points": [
                [
                    261.8630902801228,
                    354.74008539504587
                ],
                [
                    346.804243536495,
                    415.2680927366525
                ]
            ],
            "group_id": null,
            "description": "",
            "shape_type": "rectangle",
            "flags": {},
            "mask": null
        },
        {
            "label": "osteosarcoma",
            "points": [
                [
                    264.8876926544269,
                    394.091523081381
                ],
                [
                    263.74644039755594,
                    384.70789341377565
                ],
                [
                    263.112411365961,
                    375.3242637461704
                ],
                [
                    265.6485274923408,
                    362.26326569531426
                ],
                [
                    271.3547887766954,
                    358.58589731206354
                ],
                [
                    289.99524230558706,
                    355.54255796040775
                ],
                [
                    304.45110422595207,
                    358.3322856994256
                ],
                [
                    324.2328100117146,
                    362.89729472690925
                ],
                [
                    338.68867193207956,
                    366.06743988488404
                ],
                [
                    345.1557680543481,
                    369.74480826813476
                ],
                [
                    345.91660289226206,
                    377.7335740662312
                ],
                [
                    343.7609041848392,
                    386.73678631487957
                ],
                [
                    342.8732635406063,
                    395.9936101761659
                ],
                [
                    340.3371474142264,
                    402.7143179110724
                ],
                [
                    333.36282806668197,
                    409.0546082270219
                ],
                [
                    326.51531452545646,
                    412.2247533849967
                ],
                [
                    306.09957970809893,
                    414.38045209241955
                ],
                [
                    282.1332823138097,
                    409.0546082270219
                ],
                [
                    268.6918668439966,
                    403.3483469426674
                ]
            ],
            "group_id": null,
            "description": "",
            "shape_type": "polygon",
            "flags": {},
            "mask": null
        }
    ],
    "imagePath": "IMG001578.jpeg",
    "imageData": null,
    "imageHeight": 512,
    "imageWidth": 512
}