{
    "version": "5.4.1",
    "flags": {},
    "shapes": [
        {
            "label": "other bt",
            "points": [
                [
                    130.63917525773195,
                    202.24925544100802
                ],
                [
                    197.23711340206185,
                    299.04192439862544
                ]
            ],
            "group_id": null,
            "description": "",
            "shape_type": "rectangle",
            "flags": {},
            "mask": null
        },
        {
            "label": "other bt",
            "points": [
                [
                    136.75601374570448,
                    274.1621993127148
                ],
                [
                    136.893470790378,
                    257.3924398625429
                ],
                [
                    136.48109965635737,
                    248.04536082474226
                ],
                [
                    135.10652920962198,
                    238.285910652921
                ],
                [
                    134.55670103092783,
                    228.80137457044674
                ],
                [
                    132.90721649484536,
                    222.89072164948453
                ],
                [
                    134.55670103092783,
                    215.33058419243986
                ],
                [
                    140.05498281786942,
                    211.06941580756015
                ],
                [
                    151.60137457044675,
                    208.32027491408934
                ],
                [
                    158.4742268041237,
                    204.60893470790379
                ],
                [
                    161.77319587628867,
                    202.82199312714778
                ],
                [
                    171.94501718213058,
                    204.05910652920963
                ],
                [
                    182.8041237113402,
                    213.9560137457045
                ],
                [
                    194.07560137457045,
                    221.51615120274914
                ],
                [
                    196.13745704467357,
                    225.5024054982818
                ],
                [
                    197.0996563573883,
                    233.33745704467356
                ],
                [
                    193.93814432989691,
                    243.09690721649486
                ],
                [
                    191.0515463917526,
                    249.14501718213057
                ],
                [
                    183.07903780068727,
                    251.34432989690723
                ],
                [
                    177.99312714776633,
                    253.4061855670103
                ],
                [
                    173.59450171821305,
                    262.0659793814433
                ],
                [
                    170.15807560137458,
                    267.83917525773194
                ],
                [
                    164.93470790378007,
                    278.28591065292096
                ],
                [
                    164.79725085910655,
                    284.8838487972509
                ],
                [
                    163.2852233676976,
                    292.58144329896913
                ],
                [
                    162.04810996563575,
                    296.0178694158076
                ],
                [
                    158.19931271477665,
                    297.6673539518901
                ],
                [
                    155.45017182130584,
                    290.519587628866
                ],
                [
                    153.93814432989691,
                    279.7979381443299
                ],
                [
                    153.11340206185568,
                    277.4611683848797
                ],
                [
                    148.30240549828181,
                    277.18625429553265
                ],
                [
                    140.7422680412371,
                    277.04879725085914
                ]
            ],
            "group_id": null,
            "description": "",
            "shape_type": "polygon",
            "flags": {},
            "mask": null
        }
    ],
    "imagePath": "IMG000468.jpeg",
    "imageData": null,
    "imageHeight": 512,
    "imageWidth": 512
}