{
    "version": "5.4.1",
    "flags": {},
    "shapes": [
        {
            "label": "osteochondroma",
            "points": [
                [
                    213.54819976771196,
                    340.8130081300813
                ],
                [
                    237.1486643437863,
                    381.8815331010453
                ]
            ],
            "group_id": null,
            "description": "",
            "shape_type": "rectangle",
            "flags": {},
            "mask": null
        },
        {
            "label": "osteochondroma",
            "points": [
                [
                    218.0081300813008,
                    341.9279907084785
                ],
                [
                    236.03368176538908,
                    374.6341463414634
                ],
                [
                    234.91869918699186,
                    379.0940766550522
                ],
                [
                    230.6445993031359,
                    375.37746806039485
                ],
                [
                    227.85714285714286,
                    376.86411149825784
                ],
                [
                    227.11382113821136,
                    378.7224157955865
                ],
                [
                    225.62717770034843,
                    379.2799070847852
                ],
                [
                    223.19241982507288,
                    380.45481049562676
                ],
                [
                    221.5389082462253,
                    378.16492450638793
                ],
                [
                    219.27405247813408,
                    374.76384839650143
                ],
                [
                    220.2380952380952,
                    372.96167247386757
                ],
                [
                    218.93728222996515,
                    367.9442508710801
                ],
                [
                    217.31486880466468,
                    365.62099125364426
                ],
                [
                    218.0081300813008,
                    363.67015098722413
                ],
                [
                    220.05226480836237,
                    359.21022067363526
                ],
                [
                    220.42392566782812,
                    355.6794425087108
                ],
                [
                    218.93728222996515,
                    357.35191637630663
                ],
                [
                    215.35568513119532,
                    358.8104956268221
                ],
                [
                    214.04956268221574,
                    355.91836734693874
                ],
                [
                    214.29152148664343,
                    347.8745644599303
                ],
                [
                    215.40650406504065,
                    342.85714285714283
                ]
            ],
            "group_id": null,
            "description": "",
            "shape_type": "polygon",
            "flags": {},
            "mask": null
        }
    ],
    "imagePath": "IMG000486.jpeg",
    "imageData": null,
    "imageHeight": 512,
    "imageWidth": 512
}