{
    "version": "5.4.1",
    "flags": {},
    "shapes": [
        {
            "label": "simple bone cyst",
            "points": [
                [
                    276.0036461789685,
                    228.8944994146727
                ],
                [
                    340.52237292432505,
                    349.5330654000731
                ]
            ],
            "group_id": null,
            "description": "",
            "shape_type": "rectangle",
            "flags": {},
            "mask": null
        },
        {
            "label": "simple bone cyst",
            "points": [
                [
                    277.7338423957831,
                    259.07545097973093
                ],
                [
                    280.5395169737832,
                    253.3561912630383
                ],
                [
                    290.3593779967838,
                    235.01139594534504
                ],
                [
                    295.43117434932253,
                    230.91079463903708
                ],
                [
                    303.0928241584768,
                    230.2633312748832
                ],
                [
                    308.38044163240016,
                    239.86737117649915
                ],
                [
                    310.9702950890157,
                    239.97528173719147
                ],
                [
                    314.74716471324666,
                    248.8239477139612
                ],
                [
                    324.4591151755549,
                    277.6360674188089
                ],
                [
                    329.31509040670903,
                    292.5277247943482
                ],
                [
                    332.2286755454015,
                    306.98773992711824
                ],
                [
                    337.84002470140183,
                    325.5483563661962
                ],
                [
                    338.8112197476326,
                    333.9653801001967
                ],
                [
                    338.0558458227864,
                    340.11628205965854
                ],
                [
                    337.08465077655563,
                    344.10897280527416
                ],
                [
                    335.6881425526987,
                    347.45554985987764
                ],
                [
                    330.35906970208714,
                    348.65459125126523
                ],
                [
                    323.76434204945525,
                    348.1882973768367
                ],
                [
                    318.16881555631306,
                    348.45475101936734
                ],
                [
                    312.90635611633405,
                    346.05666823659215
                ],
                [
                    303.1141847533352,
                    331.93462518247134
                ],
                [
                    296.7859107432339,
                    323.6745622640233
                ],
                [
                    291.05715742882643,
                    309.5525192099025
                ],
                [
                    287.1728554399362,
                    300.0995581368253
                ],
                [
                    284.1441657031719,
                    292.48194455647877
                ],
                [
                    282.21681768886737,
                    283.6712107768009
                ],
                [
                    279.83057729020464,
                    276.60426805768424
                ],
                [
                    279.83057729020464,
                    271.09755944538557
                ]
            ],
            "group_id": null,
            "description": "",
            "shape_type": "polygon",
            "flags": {},
            "mask": null
        }
    ],
    "imagePath": "IMG001365.jpeg",
    "imageData": null,
    "imageHeight": 512,
    "imageWidth": 512
}