{
    "version": "5.4.1",
    "flags": {},
    "shapes": [
        {
            "label": "osteochondroma",
            "points": [
                [
                    246.21146643618553,
                    154.19187554019015
                ],
                [
                    259.1184096802075,
                    177.009507346586
                ]
            ],
            "group_id": null,
            "description": "",
            "shape_type": "rectangle",
            "flags": {},
            "mask": null
        },
        {
            "label": "osteochondroma",
            "points": [
                [
                    247.04284863914123,
                    173.04831696087763
                ],
                [
                    247.04284863914123,
                    170.63768164681906
                ],
                [
                    247.55941334929662,
                    164.78328159839108
                ],
                [
                    249.7117663082775,
                    159.44544626011856
                ],
                [
                    258.1489899074825,
                    155.91558740738995
                ],
                [
                    258.83774285435635,
                    166.59125808393503
                ],
                [
                    258.75164873599715,
                    169.43236398978976
                ],
                [
                    257.80461343404556,
                    173.39269343431454
                ],
                [
                    256.51320165865707,
                    175.2867640382177
                ],
                [
                    253.67209575280228,
                    175.8033287483731
                ],
                [
                    248.42035453288898,
                    176.23379934016927
                ]
            ],
            "group_id": null,
            "description": "",
            "shape_type": "polygon",
            "flags": {},
            "mask": null
        }
    ],
    "imagePath": "IMG000726.jpeg",
    "imageData": null,
    "imageHeight": 512,
    "imageWidth": 512
}