{
    "version": "5.4.1",
    "flags": {},
    "shapes": [
        {
            "label": "giant cell tumor",
            "points": [
                [
                    163.3291444783613,
                    141.54028059386675
                ],
                [
                    284.2533663094256,
                    263.98556181903257
                ]
            ],
            "group_id": null,
            "description": "",
            "shape_type": "rectangle",
            "flags": {},
            "mask": null
        },
        {
            "label": "giant cell tumor",
            "points": [
                [
                    175.14063630398573,
                    252.03748506822353
                ],
                [
                    170.8335548564026,
                    242.21733936773393
                ],
                [
                    166.52647340881944,
                    226.88412941433793
                ],
                [
                    165.49277386139948,
                    219.99279909820487
                ],
                [
                    166.18190689301278,
                    198.11282534448242
                ],
                [
                    176.69118562511568,
                    178.30025068559988
                ],
                [
                    193.9195114154483,
                    165.7235728586571
                ],
                [
                    197.8820263472248,
                    167.790971953497
                ],
                [
                    200.81084173158138,
                    162.96704073220386
                ],
                [
                    207.18532227400442,
                    154.86972761074753
                ],
                [
                    217.86688426401065,
                    144.53273213654796
                ],
                [
                    222.6908154853038,
                    142.8098995575147
                ],
                [
                    253.52951864999918,
                    142.46533304170805
                ],
                [
                    270.4132779245251,
                    152.6300452580043
                ],
                [
                    277.3046082406582,
                    163.65617376381718
                ],
                [
                    281.6116896882413,
                    182.4350488752797
                ],
                [
                    281.7839729461447,
                    203.2813230815822
                ],
                [
                    278.85515756178813,
                    223.26618099836807
                ],
                [
                    276.44319195114156,
                    241.52820633612063
                ],
                [
                    264.21108064000543,
                    252.20976832612686
                ],
                [
                    254.73550145532244,
                    258.4119656106466
                ],
                [
                    247.8441711391894,
                    260.47936470548655
                ],
                [
                    230.44356209095346,
                    262.54676380032646
                ],
                [
                    205.80705621077783,
                    261.3407809950032
                ],
                [
                    191.33526254689843,
                    259.2733819001632
                ],
                [
                    178.93086797785892,
                    256.8614162895167
                ]
            ],
            "group_id": null,
            "description": "",
            "shape_type": "polygon",
            "flags": {},
            "mask": null
        }
    ],
    "imagePath": "IMG001511.jpeg",
    "imageData": null,
    "imageHeight": 512,
    "imageWidth": 512
}