{
    "version": "5.4.1",
    "flags": {},
    "shapes": [
        {
            "label": "multiple osteochondromas",
            "points": [
                [
                    281.9249971980423,
                    261.73840923525233
                ],
                [
                    306.79143721746925,
                    290.4304554115141
                ]
            ],
            "group_id": null,
            "description": "",
            "shape_type": "rectangle",
            "flags": {},
            "mask": null
        },
        {
            "label": "multiple osteochondromas",
            "points": [
                [
                    285.40416434239137,
                    286.7726915677189
                ],
                [
                    284.2384216937421,
                    284.7909290650151
                ],
                [
                    283.53897610455255,
                    278.729067292039
                ],
                [
                    282.9561047802279,
                    274.88211655149644
                ],
                [
                    283.6555503694175,
                    267.7710863947359
                ],
                [
                    285.8704614018511,
                    264.6235812433829
                ],
                [
                    292.6317687640168,
                    262.75839300554406
                ],
                [
                    297.6444621532087,
                    263.57441285959857
                ],
                [
                    301.95770995321095,
                    270.21914595689935
                ],
                [
                    304.28919525050947,
                    275.46498787582107
                ],
                [
                    305.8046606937535,
                    282.2262952379868
                ],
                [
                    304.8720665748341,
                    287.35556289204357
                ],
                [
                    295.42955112077505,
                    289.3373253947473
                ]
            ],
            "group_id": null,
            "description": "",
            "shape_type": "polygon",
            "flags": {},
            "mask": null
        }
    ],
    "imagePath": "IMG001304.jpeg",
    "imageData": null,
    "imageHeight": 512,
    "imageWidth": 512
}