{
    "version": "5.4.1",
    "flags": {},
    "shapes": [
        {
            "label": "multiple osteochondromas",
            "points": [
                [
                    195.51499286054263,
                    125.7762970014279
                ],
                [
                    257.19990480723465,
                    221.73060447406
                ]
            ],
            "group_id": null,
            "description": "",
            "shape_type": "rectangle",
            "flags": {},
            "mask": null
        },
        {
            "label": "multiple osteochondromas",
            "points": [
                [
                    294.8962398857687,
                    79.70299857210854
                ],
                [
                    326.5002379819134,
                    135.67634459781058
                ]
            ],
            "group_id": null,
            "description": "",
            "shape_type": "rectangle",
            "flags": {},
            "mask": null
        },
        {
            "label": "multiple osteochondromas",
            "points": [
                [
                    316.21941932413137,
                    81.98762494050453
                ],
                [
                    296.92701887989847,
                    127.42630493415835
                ],
                [
                    297.9424083769634,
                    128.94938917975568
                ],
                [
                    304.54244010788517,
                    124.12628906869745
                ],
                [
                    313.68094558146913,
                    126.66476281135968
                ],
                [
                    315.2040298270665,
                    119.81088370617167
                ],
                [
                    319.26558781532606,
                    118.03395208630812
                ],
                [
                    325.61177217198156,
                    111.1800729811201
                ],
                [
                    325.61177217198156,
                    101.02617801047121
                ],
                [
                    321.04251943518966,
                    95.94923052514677
                ],
                [
                    317.7425035697288,
                    91.633825162621
                ]
            ],
            "group_id": null,
            "description": "",
            "shape_type": "polygon",
            "flags": {},
            "mask": null
        },
        {
            "label": "multiple osteochondromas",
            "points": [
                [
                    209.14659685863876,
                    126.77137870855148
                ],
                [
                    222.36358347876674,
                    126.77137870855148
                ],
                [
                    245.26061663758,
                    132.7283304246655
                ],
                [
                    250.10063990692265,
                    141.2914485165794
                ],
                [
                    255.3129726585224,
                    150.22687609075044
                ],
                [
                    256.42990110529377,
                    159.90692262943574
                ],
                [
                    255.68528214077952,
                    171.44851657940663
                ],
                [
                    255.68528214077952,
                    185.782431646306
                ],
                [
                    255.68528214077952,
                    194.53170447934846
                ],
                [
                    255.68528214077952,
                    204.21175101803377
                ],
                [
                    255.68528214077952,
                    213.89179755671904
                ],
                [
                    251.03141361256544,
                    220.40721349621873
                ],
                [
                    242.46829552065154,
                    220.0349040139616
                ],
                [
                    240.42059336823735,
                    210.72716695753348
                ],
                [
                    235.5805700988947,
                    208.67946480511924
                ],
                [
                    232.04363001745202,
                    210.5410122164049
                ],
                [
                    218.0820244328098,
                    210.72716695753348
                ],
                [
                    201.3280977312391,
                    203.09482257126237
                ],
                [
                    198.3496218731821,
                    198.25479930191972
                ],
                [
                    195.92961023851075,
                    187.08551483420595
                ],
                [
                    198.16346713205354,
                    177.77777777777777
                ],
                [
                    201.88656195462477,
                    166.79464805119255
                ],
                [
                    199.09424083769636,
                    155.81151832460733
                ],
                [
                    198.53577661431063,
                    145.94531704479348
                ],
                [
                    199.65270506108203,
                    136.8237347294939
                ],
                [
                    202.4450261780105,
                    129.93600930773707
                ]
            ],
            "group_id": null,
            "description": "",
            "shape_type": "polygon",
            "flags": {},
            "mask": null
        }
    ],
    "imagePath": "IMG001464.jpeg",
    "imageData": null,
    "imageHeight": 512,
    "imageWidth": 512
}