{
    "version": "5.4.1",
    "flags": {},
    "shapes": [
        {
            "label": "synovial osteochondroma",
            "points": [
                [
                    184.72503840245776,
                    149.85784108364754
                ],
                [
                    333.3076385979612,
                    301.7919285016059
                ]
            ],
            "group_id": null,
            "description": "",
            "shape_type": "rectangle",
            "flags": {},
            "mask": null
        },
        {
            "label": "synovial osteochondroma",
            "points": [
                [
                    312.75185030023744,
                    295.53581901969
                ],
                [
                    304.4848484848485,
                    297.993576316157
                ],
                [
                    300.9099287808965,
                    300.22790113112694
                ],
                [
                    286.83368244658567,
                    300.22790113112694
                ],
                [
                    262.47954196341294,
                    301.12163105711494
                ],
                [
                    247.7329981846111,
                    301.12163105711494
                ],
                [
                    238.7956989247312,
                    301.34506353861195
                ],
                [
                    209.3026113671275,
                    297.77014383465996
                ],
                [
                    200.58874458874456,
                    287.7156821672951
                ],
                [
                    195.44979751431362,
                    277.4377880184332
                ],
                [
                    191.42801284736768,
                    264.2552716101103
                ],
                [
                    190.75771540287667,
                    249.2852953498115
                ],
                [
                    187.40622818042172,
                    240.12456360843458
                ],
                [
                    184.27817343946376,
                    228.2826420890937
                ],
                [
                    185.61876832844573,
                    216.66415305124983
                ],
                [
                    189.64055299539172,
                    209.96117860633993
                ],
                [
                    187.40622818042172,
                    196.33179723502303
                ],
                [
                    185.84220080994277,
                    187.84136293813714
                ],
                [
                    185.84220080994277,
                    172.20108923334732
                ],
                [
                    195.67322999581066,
                    156.11395056556347
                ],
                [
                    207.5151515151515,
                    151.86873341712052
                ],
                [
                    221.5913978494624,
                    151.19843597262954
                ],
                [
                    231.86929199832426,
                    153.8796257505935
                ],
                [
                    249.0735930735931,
                    157.23111297304848
                ],
                [
                    264.2670018153889,
                    183.81957827119118
                ],
                [
                    274.7683284457478,
                    185.16017316017317
                ],
                [
                    282.1416003351487,
                    191.1928501605921
                ],
                [
                    300.46306381790254,
                    197.22552716101103
                ],
                [
                    310.5175254852674,
                    199.90671693897502
                ],
                [
                    316.32677000418937,
                    206.38625890238794
                ],
                [
                    320.5719871526323,
                    212.86580086580088
                ],
                [
                    323.7000418935903,
                    226.49518223711772
                ],
                [
                    324.1469068565843,
                    233.86845412651866
                ],
                [
                    324.1469068565843,
                    244.36978075687756
                ],
                [
                    327.94525904203323,
                    254.20080994274545
                ],
                [
                    330.8498813014942,
                    260.45691942466135
                ],
                [
                    332.8607736349672,
                    270.73481357352324
                ],
                [
                    330.8498813014942,
                    282.35330261136716
                ],
                [
                    326.15779919005723,
                    288.1625471302891
                ]
            ],
            "group_id": null,
            "description": "",
            "shape_type": "polygon",
            "flags": {},
            "mask": null
        }
    ],
    "imagePath": "IMG001208.jpeg",
    "imageData": null,
    "imageHeight": 512,
    "imageWidth": 512
}