{
    "version": "5.4.1",
    "flags": {},
    "shapes": [
        {
            "label": "simple bone cyst",
            "points": [
                [
                    371.3026311980779,
                    270.6033114308044
                ],
                [
                    440.0692390077285,
                    377.0137088603931
                ]
            ],
            "group_id": null,
            "description": "",
            "shape_type": "rectangle",
            "flags": {},
            "mask": null
        },
        {
            "label": "simple bone cyst",
            "points": [
                [
                    372.66081404628886,
                    289.5043894652833
                ],
                [
                    374.97632349028993,
                    281.19579675445596
                ],
                [
                    381.1056131949986,
                    274.79409417398244
                ],
                [
                    395.6797020484171,
                    273.15961691939344
                ],
                [
                    408.2106943335993,
                    273.15961691939344
                ],
                [
                    422.1037509976057,
                    277.6544293695132
                ],
                [
                    429.32269220537376,
                    286.09922851822296
                ],
                [
                    434.3623304070231,
                    293.5905826017557
                ],
                [
                    435.9968076616121,
                    301.8991753125831
                ],
                [
                    434.4985368449055,
                    323.41979249800477
                ],
                [
                    431.2295823357275,
                    346.84729981378024
                ],
                [
                    428.2330407023144,
                    364.145517424847
                ],
                [
                    424.0106411279595,
                    374.2247938281458
                ],
                [
                    421.4227188081936,
                    375.99547752061716
                ],
                [
                    404.6693269486565,
                    375.99547752061716
                ],
                [
                    400.44692737430165,
                    370.41101356743815
                ],
                [
                    395.8159084862995,
                    362.1024208566107
                ],
                [
                    389.14179303006114,
                    339.35594573024736
                ],
                [
                    384.510774142059,
                    327.91460494812446
                ],
                [
                    381.5142325086459,
                    319.87842511306195
                ],
                [
                    379.0625166267624,
                    312.11465815376425
                ],
                [
                    376.4745943069965,
                    305.0319233838786
                ],
                [
                    373.3418462357009,
                    290.73024740622503
                ]
            ],
            "group_id": null,
            "description": "",
            "shape_type": "polygon",
            "flags": {},
            "mask": null
        }
    ],
    "imagePath": "IMG001596.jpeg",
    "imageData": null,
    "imageHeight": 512,
    "imageWidth": 512
}