{
    "version": "5.4.1",
    "flags": {},
    "shapes": [
        {
            "label": "osteochondroma",
            "points": [
                [
                    144.2240539527913,
                    249.95728737354816
                ],
                [
                    233.42600224803294,
                    335.41850880479575
                ]
            ],
            "group_id": null,
            "description": "",
            "shape_type": "rectangle",
            "flags": {},
            "mask": null
        },
        {
            "label": "osteochondroma",
            "points": [
                [
                    170.3132259273136,
                    265.87935556388163
                ],
                [
                    175.10902959910078,
                    259.35706257025106
                ],
                [
                    184.70063694267517,
                    253.21843387036344
                ],
                [
                    189.49644061446236,
                    250.7246159610341
                ],
                [
                    197.16972648932182,
                    250.7246159610341
                ],
                [
                    204.65118021730984,
                    252.45110528287748
                ],
                [
                    213.47545897339828,
                    255.71225177969276
                ],
                [
                    220.38141626077186,
                    259.9325590108655
                ],
                [
                    226.13638066691647,
                    263.19370550768076
                ],
                [
                    229.39752716373175,
                    268.9486699138254
                ],
                [
                    231.89134507306107,
                    275.6627950543275
                ],
                [
                    233.2341701011615,
                    287.3645560134882
                ],
                [
                    232.46684151367555,
                    295.0378418883477
                ],
                [
                    230.74035219183216,
                    300.21730985387785
                ],
                [
                    223.83439490445858,
                    307.3150992881229
                ],
                [
                    206.95316597976768,
                    314.60472086923943
                ],
                [
                    196.01873360809293,
                    319.78418883476957
                ],
                [
                    169.35406519295617,
                    332.25327838141624
                ],
                [
                    159.7624578493818,
                    334.7470962907456
                ],
                [
                    146.71787186212063,
                    332.06144623454475
                ],
                [
                    145.37504683402022,
                    323.04533533158485
                ],
                [
                    148.828025477707,
                    311.53540651929563
                ]
            ],
            "group_id": null,
            "description": "",
            "shape_type": "polygon",
            "flags": {},
            "mask": null
        }
    ],
    "imagePath": "IMG000417.jpeg",
    "imageData": null,
    "imageHeight": 512,
    "imageWidth": 512
}