{
    "version": "5.4.1",
    "flags": {},
    "shapes": [
        {
            "label": "osteosarcoma",
            "points": [
                [
                    191.54564193823452,
                    343.76302228154077
                ],
                [
                    285.31644978311647,
                    460.5019834649464
                ]
            ],
            "group_id": null,
            "description": "",
            "shape_type": "rectangle",
            "flags": {},
            "mask": null
        },
        {
            "label": "osteosarcoma",
            "points": [
                [
                    227.1813508616694,
                    344.5046138288459
                ],
                [
                    255.55028862764925,
                    344.18101377828344
                ],
                [
                    266.7684237138162,
                    344.5046138288459
                ],
                [
                    268.6021573336704,
                    352.37888172586696
                ],
                [
                    268.38642396662874,
                    357.6643492183879
                ],
                [
                    268.6021573336704,
                    360.900349724013
                ],
                [
                    270.7594910040871,
                    371.1476846584924
                ],
                [
                    273.9954915097122,
                    382.7972864787427
                ],
                [
                    277.0157586482956,
                    391.96595457801374
                ],
                [
                    277.8786921164623,
                    395.741288501243
                ],
                [
                    281.22255930560823,
                    411.489824295285
                ],
                [
                    284.13495976067077,
                    422.1686259638478
                ],
                [
                    284.89002654531663,
                    430.2586272279105
                ],
                [
                    284.5664264947541,
                    458.30396494332786
                ],
                [
                    283.0562929254624,
                    459.16689841149457
                ],
                [
                    193.41907891964775,
                    459.59836514557793
                ],
                [
                    192.12467871739773,
                    426.69902667172295
                ],
                [
                    204.0978805882105,
                    350.11368137192943
                ]
            ],
            "group_id": null,
            "description": "",
            "shape_type": "polygon",
            "flags": {},
            "mask": null
        }
    ],
    "imagePath": "IMG000094.jpeg",
    "imageData": null,
    "imageHeight": 512,
    "imageWidth": 512
}