{
    "version": "5.4.1",
    "flags": {},
    "shapes": [
        {
            "label": "other mt",
            "points": [
                [
                    187.51120751988432,
                    264.2762111352133
                ],
                [
                    261.73566130182184,
                    303.86826044526697
                ]
            ],
            "group_id": null,
            "description": "",
            "shape_type": "rectangle",
            "flags": {},
            "mask": null
        },
        {
            "label": "other mt",
            "points": [
                [
                    187.95261137994328,
                    269.30672653449227
                ],
                [
                    191.3181540079588,
                    266.71784758986496
                ],
                [
                    202.83866531155036,
                    267.2356233787904
                ],
                [
                    216.43027977084375,
                    269.69505837618635
                ],
                [
                    226.5269076548903,
                    270.98949784850004
                ],
                [
                    231.96355343860765,
                    271.3778296901941
                ],
                [
                    240.76574185034053,
                    275.5200360015978
                ],
                [
                    251.89792131223803,
                    281.2155696797779
                ],
                [
                    258.4995626210377,
                    285.8755517801071
                ],
                [
                    260.7001097239709,
                    289.6294262498167
                ],
                [
                    261.47677340735913,
                    294.80718413907135
                ],
                [
                    261.088441565665,
                    298.4316146615496
                ],
                [
                    257.9817868321122,
                    300.6321617644828
                ],
                [
                    253.4512486790144,
                    302.1854891312592
                ],
                [
                    247.62627105360295,
                    303.2210407091101
                ],
                [
                    190.02371453564513,
                    276.4261436322174
                ]
            ],
            "group_id": null,
            "description": "",
            "shape_type": "polygon",
            "flags": {},
            "mask": null
        }
    ],
    "imagePath": "IMG001379.jpeg",
    "imageData": null,
    "imageHeight": 512,
    "imageWidth": 512
}