{
    "version": "5.4.1",
    "flags": {},
    "shapes": [
        {
            "label": "other bt",
            "points": [
                [
                    367.44657078331164,
                    150.63924878164747
                ],
                [
                    426.0225840960418,
                    206.55271603470823
                ]
            ],
            "group_id": null,
            "description": "",
            "shape_type": "rectangle",
            "flags": {},
            "mask": null
        },
        {
            "label": "other bt",
            "points": [
                [
                    389.90956045114365,
                    201.86275956572152
                ],
                [
                    383.66944239485616,
                    205.06714451354483
                ],
                [
                    377.59797617792765,
                    204.0552334773901
                ],
                [
                    376.0801096236956,
                    198.32107093917995
                ],
                [
                    374.5622430694635,
                    190.73173816801938
                ],
                [
                    374.5622430694635,
                    184.66027195109095
                ],
                [
                    374.8995467481817,
                    179.26341309159903
                ],
                [
                    373.3816801939496,
                    174.5411615895436
                ],
                [
                    370.85190260356273,
                    171.16812480236115
                ],
                [
                    370.1772952461263,
                    165.60261410351006
                ],
                [
                    369.50268788868976,
                    159.36249604722252
                ],
                [
                    373.04437651523136,
                    153.79698534837146
                ],
                [
                    375.23685042689993,
                    152.95372615157586
                ],
                [
                    384.3440497522926,
                    151.77316327606198
                ],
                [
                    390.2468641298619,
                    151.0985559186255
                ],
                [
                    401.04058184884576,
                    151.26720775798464
                ],
                [
                    407.78665542321073,
                    152.27911879413935
                ],
                [
                    414.0267734794982,
                    159.8684515652999
                ],
                [
                    417.39981026668073,
                    166.4458733003057
                ],
                [
                    421.6161062506588,
                    175.55307262569832
                ],
                [
                    422.62801728681353,
                    179.26341309159903
                ],
                [
                    416.89385474860336,
                    182.80510171814063
                ],
                [
                    414.0267734794982,
                    184.8289237904501
                ],
                [
                    412.8462106039844,
                    186.68409402340043
                ],
                [
                    409.9791293348793,
                    190.90039000737852
                ],
                [
                    408.4612627806472,
                    194.10477495520186
                ],
                [
                    406.9433962264151,
                    196.46590070622958
                ],
                [
                    400.7032781701276,
                    197.47781174238432
                ],
                [
                    397.6675450616633,
                    200.00758933277115
                ]
            ],
            "group_id": null,
            "description": "",
            "shape_type": "polygon",
            "flags": {},
            "mask": null
        }
    ],
    "imagePath": "IMG001155.jpeg",
    "imageData": null,
    "imageHeight": 512,
    "imageWidth": 512
}