{
    "version": "5.4.1",
    "flags": {},
    "shapes": [
        {
            "label": "osteosarcoma",
            "points": [
                [
                    163.84374057315233,
                    385.09401709401703
                ],
                [
                    214.29723479135242,
                    441.21065862242324
                ]
            ],
            "group_id": null,
            "description": "",
            "shape_type": "rectangle",
            "flags": {},
            "mask": null
        },
        {
            "label": "osteosarcoma",
            "points": [
                [
                    176.95271663925223,
                    436.05754418944673
                ],
                [
                    174.27915720216183,
                    433.5622220481623
                ],
                [
                    170.80352993394428,
                    429.0171710051086
                ],
                [
                    169.021156975884,
                    424.82859455366696
                ],
                [
                    167.86261455314482,
                    418.8576451441651
                ],
                [
                    166.8823094262117,
                    416.6296789465897
                ],
                [
                    166.08024159508454,
                    411.81727195982694
                ],
                [
                    164.4761059328303,
                    404.86601742339184
                ],
                [
                    164.65434322863632,
                    401.83598339468944
                ],
                [
                    165.01081782024838,
                    392.30028806906694
                ],
                [
                    166.70407213040565,
                    385.9728640679529
                ],
                [
                    171.16000452555633,
                    385.70550812424386
                ],
                [
                    182.03247956972402,
                    385.70550812424386
                ],
                [
                    194.33085298033993,
                    385.9728640679529
                ],
                [
                    199.41061591081174,
                    385.88374542004993
                ],
                [
                    203.59919236225338,
                    385.7946267721469
                ],
                [
                    211.79810796933063,
                    390.51791511100663
                ],
                [
                    212.42193850465176,
                    394.1717796750302
                ],
                [
                    212.8675317441668,
                    398.00388153485983
                ],
                [
                    213.22400633577888,
                    405.48984795871297
                ],
                [
                    213.3131249836819,
                    413.95611950949933
                ],
                [
                    213.4913622794879,
                    425.8088996806001
                ],
                [
                    212.8675317441668,
                    432.7601542170352
                ],
                [
                    212.1545825609427,
                    436.23578148525274
                ],
                [
                    211.08515878610655,
                    437.83991714750704
                ],
                [
                    208.8571925885312,
                    440.42435793669443
                ],
                [
                    193.70702244501882,
                    440.5134765845974
                ],
                [
                    186.31017466906872,
                    438.46374768282806
                ],
                [
                    184.79515765471746,
                    435.2554763583196
                ],
                [
                    182.74542875294813,
                    434.0969339355804
                ],
                [
                    181.05217444279089,
                    434.7207644709015
                ]
            ],
            "group_id": null,
            "description": "",
            "shape_type": "polygon",
            "flags": {},
            "mask": null
        }
    ],
    "imagePath": "IMG000198.jpeg",
    "imageData": null,
    "imageHeight": 512,
    "imageWidth": 512
}