{
    "version": "5.4.1",
    "flags": {},
    "shapes": [
        {
            "label": "osteochondroma",
            "points": [
                [
                    279.96537790054344,
                    295.02225355114217
                ],
                [
                    290.87658500200814,
                    327.75587485553626
                ]
            ],
            "group_id": null,
            "description": "",
            "shape_type": "rectangle",
            "flags": {},
            "mask": null
        },
        {
            "label": "osteochondroma",
            "points": [
                [
                    180.29569764677922,
                    294.18292992795256
                ],
                [
                    193.0953829004205,
                    327.1263821381441
                ]
            ],
            "group_id": null,
            "description": "",
            "shape_type": "rectangle",
            "flags": {},
            "mask": null
        },
        {
            "label": "osteochondroma",
            "points": [
                [
                    190.3812837190541,
                    295.0460343871325
                ],
                [
                    185.73448293248626,
                    298.9183683759391
                ],
                [
                    183.4110825392023,
                    301.6290021681037
                ],
                [
                    182.636615741441,
                    304.7268693591489
                ],
                [
                    182.50753794181412,
                    308.59920334795544
                ],
                [
                    182.24938234256038,
                    311.5679927393738
                ],
                [
                    181.08768214591842,
                    315.05309332929966
                ],
                [
                    180.70044874703777,
                    316.9892603237029
                ],
                [
                    180.70044874703777,
                    323.8303837039278
                ],
                [
                    182.1203045429335,
                    325.3793172994504
                ],
                [
                    184.18554933696362,
                    325.5083950990773
                ],
                [
                    186.7671053295013,
                    323.1849947057934
                ],
                [
                    189.21958352241214,
                    320.3452831140019
                ],
                [
                    191.02667271718852,
                    315.6984823274341
                ],
                [
                    191.9302173145767,
                    309.115514546463
                ],
                [
                    192.44652851308425,
                    300.20914637220795
                ],
                [
                    191.9302173145767,
                    298.0148237785509
                ]
            ],
            "group_id": null,
            "description": "",
            "shape_type": "polygon",
            "flags": {},
            "mask": null
        },
        {
            "label": "osteochondroma",
            "points": [
                [
                    283.2650717524947,
                    295.7834048760935
                ],
                [
                    285.7110418210546,
                    296.2606673284954
                ],
                [
                    288.1570118896144,
                    297.632796879151
                ],
                [
                    288.6939321485666,
                    299.78047791495965
                ],
                [
                    289.05187898786806,
                    302.5247370162707
                ],
                [
                    289.17119460096853,
                    306.93941470098855
                ],
                [
                    289.4098258271695,
                    311.771697031558
                ],
                [
                    289.46948363371973,
                    317.0215840079792
                ],
                [
                    289.5887992468202,
                    320.06413214204144
                ],
                [
                    289.4098258271695,
                    321.07831485339557
                ],
                [
                    289.11153679441827,
                    321.6152351123477
                ],
                [
                    288.57461653546613,
                    321.31694607959656
                ],
                [
                    287.6200916306623,
                    320.54139459444343
                ],
                [
                    286.9638557586096,
                    320.1237899485917
                ],
                [
                    286.00933085380575,
                    322.6890756302521
                ],
                [
                    286.068988660356,
                    324.24017860055835
                ],
                [
                    285.5917262079541,
                    326.5071752494675
                ],
                [
                    283.8019920114469,
                    323.9418895678071
                ],
                [
                    283.1457561393942,
                    322.33112879095063
                ],
                [
                    281.7736265887387,
                    319.7658431092903
                ],
                [
                    281.2367063297865,
                    317.31987304073044
                ],
                [
                    281.2367063297865,
                    313.26314219531406
                ],
                [
                    281.2367063297865,
                    307.89393960579235
                ],
                [
                    281.29636413633676,
                    301.9281589507683
                ],
                [
                    281.59465316908796,
                    297.5731390726008
                ],
                [
                    282.6684936869923,
                    296.14135171539493
                ]
            ],
            "group_id": null,
            "description": "",
            "shape_type": "polygon",
            "flags": {},
            "mask": null
        }
    ],
    "imagePath": "IMG000261.jpeg",
    "imageData": null,
    "imageHeight": 512,
    "imageWidth": 512
}