{
    "version": "5.4.1",
    "flags": {},
    "shapes": [
        {
            "label": "synovial osteochondroma",
            "points": [
                [
                    225.68490593135144,
                    351.5725980180956
                ],
                [
                    319.43759873617694,
                    441.87850064627315
                ]
            ],
            "group_id": null,
            "description": "",
            "shape_type": "rectangle",
            "flags": {},
            "mask": null
        },
        {
            "label": "synovial osteochondroma",
            "points": [
                [
                    226.1444779549045,
                    419.84331834568803
                ],
                [
                    226.33302032354166,
                    411.17036938837884
                ],
                [
                    237.83410481040812,
                    392.12759015602614
                ],
                [
                    238.7768166535939,
                    387.97965804600875
                ],
                [
                    247.26122324226588,
                    368.7483364450189
                ],
                [
                    264.7956635255214,
                    359.69830275043546
                ],
                [
                    276.86237511829927,
                    356.68162485224093
                ],
                [
                    293.83118829564324,
                    352.53369274222354
                ],
                [
                    304.7666456765983,
                    353.85348932268363
                ],
                [
                    313.0625098966331,
                    362.9035230172671
                ],
                [
                    315.7021030575533,
                    370.25667539411614
                ],
                [
                    316.8333572693762,
                    376.85565829641655
                ],
                [
                    318.1531538498363,
                    386.4713190969115
                ],
                [
                    317.2104420066505,
                    397.4067764778665
                ],
                [
                    316.64481490073905,
                    405.5140983292642
                ],
                [
                    313.0625098966331,
                    412.30162360020176
                ],
                [
                    310.04583199843864,
                    420.97457255751095
                ],
                [
                    304.7666456765983,
                    427.1964707225371
                ],
                [
                    293.45410355836896,
                    437.9433857348549
                ],
                [
                    281.7644767028653,
                    440.394436527138
                ],
                [
                    275.35403616920206,
                    440.7715212644123
                ],
                [
                    266.3040024746186,
                    440.7715212644123
                ],
                [
                    252.35186719546908,
                    440.01735178986365
                ],
                [
                    244.2445453440714,
                    434.92670783666046
                ]
            ],
            "group_id": null,
            "description": "",
            "shape_type": "polygon",
            "flags": {},
            "mask": null
        }
    ],
    "imagePath": "IMG000222.jpeg",
    "imageData": null,
    "imageHeight": 512,
    "imageWidth": 512
}