{
    "version": "5.4.1",
    "flags": {},
    "shapes": [
        {
            "label": "simple bone cyst",
            "points": [
                [
                    243.05387931034483,
                    115.73275862068967
                ],
                [
                    280.44612068965523,
                    203.55603448275863
                ]
            ],
            "group_id": null,
            "description": "",
            "shape_type": "rectangle",
            "flags": {},
            "mask": null
        },
        {
            "label": "simple bone cyst",
            "points": [
                [
                    245.74784482758622,
                    169.07327586206898
                ],
                [
                    243.9159482758621,
                    128.55603448275863
                ],
                [
                    243.9159482758621,
                    120.15086206896552
                ],
                [
                    248.11853448275863,
                    116.37931034482759
                ],
                [
                    265.3599137931035,
                    116.48706896551725
                ],
                [
                    275.05818965517244,
                    117.99568965517243
                ],
                [
                    279.79956896551727,
                    123.81465517241381
                ],
                [
                    279.79956896551727,
                    150.32327586206898
                ],
                [
                    278.39870689655174,
                    164.54741379310346
                ],
                [
                    272.4719827586207,
                    194.5043103448276
                ],
                [
                    271.1788793103449,
                    199.13793103448276
                ],
                [
                    268.2693965517242,
                    201.29310344827587
                ],
                [
                    263.8512931034483,
                    202.80172413793105
                ],
                [
                    255.23060344827587,
                    202.1551724137931
                ],
                [
                    245.74784482758622,
                    200.10775862068968
                ]
            ],
            "group_id": null,
            "description": "",
            "shape_type": "polygon",
            "flags": {},
            "mask": null
        }
    ],
    "imagePath": "IMG001856.jpeg",
    "imageData": null,
    "imageHeight": 512,
    "imageWidth": 512
}