{
    "version": "5.4.1",
    "flags": {},
    "shapes": [
        {
            "label": "osteofibroma",
            "points": [
                [
                    188.67136150234745,
                    390.23474178403757
                ],
                [
                    205.94835680751174,
                    425.5399061032864
                ]
            ],
            "group_id": null,
            "description": "",
            "shape_type": "rectangle",
            "flags": {},
            "mask": null
        },
        {
            "label": "osteofibroma",
            "points": [
                [
                    196.87480438184664,
                    390.3755868544601
                ],
                [
                    199.0657276995305,
                    392.17527386541474
                ],
                [
                    201.80438184663535,
                    395.6181533646323
                ],
                [
                    202.9780907668232,
                    398.66979655712055
                ],
                [
                    204.38654147104853,
                    400.86071987480443
                ],
                [
                    205.48200312989047,
                    405.5555555555556
                ],
                [
                    205.48200312989047,
                    408.60719874804386
                ],
                [
                    205.16901408450704,
                    411.9718309859155
                ],
                [
                    203.52582159624413,
                    417.9968701095462
                ],
                [
                    202.9780907668232,
                    420.81377151799694
                ],
                [
                    200.7089201877934,
                    423.63067292644763
                ],
                [
                    196.17057902973397,
                    424.9608763693271
                ],
                [
                    193.9796557120501,
                    424.72613458528957
                ],
                [
                    190.38028169014086,
                    424.33489827856033
                ],
                [
                    189.1283255086072,
                    421.1267605633803
                ],
                [
                    189.05007824726135,
                    418.77934272300473
                ],
                [
                    188.9718309859155,
                    411.8935837245697
                ],
                [
                    190.1455399061033,
                    407.0422535211268
                ],
                [
                    195.23161189358373,
                    391.00156494522696
                ],
                [
                    195.86458415296246,
                    390.5608099247253
                ]
            ],
            "group_id": null,
            "description": "",
            "shape_type": "polygon",
            "flags": {},
            "mask": null
        }
    ],
    "imagePath": "IMG000544.jpeg",
    "imageData": null,
    "imageHeight": 512,
    "imageWidth": 512
}