{
    "version": "5.4.1",
    "flags": {},
    "shapes": [
        {
            "label": "osteochondroma",
            "points": [
                [
                    357.31274131274137,
                    256.8730158730159
                ],
                [
                    393.28013728013724,
                    277.46503646503646
                ]
            ],
            "group_id": null,
            "description": "",
            "shape_type": "rectangle",
            "flags": {},
            "mask": null
        },
        {
            "label": "osteochondroma",
            "points": [
                [
                    373.9617117117117,
                    258.6463963963964
                ],
                [
                    358.0833333333333,
                    276.10135135135135
                ],
                [
                    362.3626126126126,
                    276.6644144144144
                ],
                [
                    370.2454954954955,
                    276.213963963964
                ],
                [
                    373.6238738738739,
                    275.8761261261261
                ],
                [
                    379.9301801801802,
                    275.31306306306305
                ],
                [
                    383.64639639639637,
                    272.38513513513516
                ],
                [
                    388.1509009009009,
                    268.4436936936937
                ],
                [
                    388.60135135135135,
                    265.8536036036036
                ],
                [
                    390.740990990991,
                    261.9121621621622
                ],
                [
                    385.56081081081084,
                    259.9977477477478
                ],
                [
                    380.7184684684685,
                    257.9707207207207
                ],
                [
                    377.90315315315314,
                    258.98423423423424
                ],
                [
                    377.0022522522523,
                    260.56081081081084
                ],
                [
                    376.77702702702703,
                    262.9256756756757
                ],
                [
                    375.98873873873873,
                    263.60135135135135
                ],
                [
                    374.8626126126126,
                    259.9977477477478
                ]
            ],
            "group_id": null,
            "description": "",
            "shape_type": "polygon",
            "flags": {},
            "mask": null
        }
    ],
    "imagePath": "IMG000367.jpeg",
    "imageData": null,
    "imageHeight": 512,
    "imageWidth": 512
}