{
    "version": "5.4.1",
    "flags": {},
    "shapes": [
        {
            "label": "osteosarcoma",
            "points": [
                [
                    325.91797556719024,
                    287.60907504363
                ],
                [
                    425.1722989052832,
                    440.67396477867686
                ]
            ],
            "group_id": null,
            "description": "",
            "shape_type": "rectangle",
            "flags": {},
            "mask": null
        },
        {
            "label": "osteosarcoma",
            "points": [
                [
                    409.474547934357,
                    438.2517488670861
                ],
                [
                    402.15350433367064,
                    438.11095956707294
                ],
                [
                    392.72062123278636,
                    433.887280566677
                ],
                [
                    387.2298385322716,
                    431.2122838664262
                ],
                [
                    384.2732632319944,
                    424.17281886576626
                ],
                [
                    377.09300893132126,
                    412.20572836464436
                ],
                [
                    370.0535439306613,
                    403.1952131637996
                ],
                [
                    365.82986493026533,
                    398.4083769633508
                ],
                [
                    351.04698842887944,
                    366.730784460381
                ],
                [
                    348.65357032865506,
                    367.2939416604338
                ],
                [
                    345.2746271283383,
                    364.1965770601435
                ],
                [
                    342.3180518280611,
                    360.3952659597871
                ],
                [
                    337.2496370275859,
                    352.511065159048
                ],
                [
                    336.26411192749356,
                    343.78212855822966
                ],
                [
                    337.81279422763873,
                    340.82555325795244
                ],
                [
                    340.2062123278631,
                    340.1216067578864
                ],
                [
                    344.14831272823267,
                    336.4610849575433
                ],
                [
                    342.88120902811386,
                    330.9703022570285
                ],
                [
                    337.2496370275859,
                    328.43609485679093
                ],
                [
                    334.57464032733515,
                    319.988736855999
                ],
                [
                    330.35096132693917,
                    310.13348585507504
                ],
                [
                    329.6470148268732,
                    301.8269171542963
                ],
                [
                    335.5601654274276,
                    294.92824145364955
                ],
                [
                    343.3035769281535,
                    291.69008755334596
                ],
                [
                    355.1298781292622,
                    290.0006159531876
                ],
                [
                    356.53777112939423,
                    289.85982665317437
                ],
                [
                    359.7759250296978,
                    290.70456245325363
                ],
                [
                    367.2377579303973,
                    293.3795591535044
                ],
                [
                    373.7140657310045,
                    293.3795591535044
                ],
                [
                    379.48642703154565,
                    290.0006159531876
                ],
                [
                    382.16142373179645,
                    289.2966694531216
                ],
                [
                    385.3995776321,
                    291.9716661533724
                ],
                [
                    386.3851027321924,
                    296.1953451537683
                ],
                [
                    389.62325663249595,
                    301.4045492542567
                ],
                [
                    393.0021998328127,
                    307.31769985481105
                ],
                [
                    394.41009283294477,
                    310.837432355141
                ],
                [
                    398.63377183334075,
                    326.46504465660615
                ],
                [
                    399.33771833340666,
                    336.0387170575037
                ],
                [
                    418.20348453517533,
                    403.1952131637996
                ],
                [
                    424.9613709358089,
                    428.959655066215
                ],
                [
                    422.42716353557137,
                    439.37806326719175
                ],
                [
                    414.402173434819,
                    440.0820097672577
                ]
            ],
            "group_id": null,
            "description": "",
            "shape_type": "polygon",
            "flags": {},
            "mask": null
        }
    ],
    "imagePath": "IMG000027.jpeg",
    "imageData": null,
    "imageHeight": 512,
    "imageWidth": 512
}