{
    "version": "5.4.1",
    "flags": {},
    "shapes": [
        {
            "label": "multiple osteochondromas",
            "points": [
                [
                    221.33304442036837,
                    54.160149709445484
                ],
                [
                    245.03441347385007,
                    83.40864769033783
                ]
            ],
            "group_id": null,
            "description": "",
            "shape_type": "rectangle",
            "flags": {},
            "mask": null
        },
        {
            "label": "multiple osteochondromas",
            "points": [
                [
                    294.70643159657243,
                    68.28011425194524
                ],
                [
                    330.8638377329477,
                    108.61230915681179
                ]
            ],
            "group_id": null,
            "description": "",
            "shape_type": "rectangle",
            "flags": {},
            "mask": null
        },
        {
            "label": "multiple osteochondromas",
            "points": [
                [
                    267.7847178999011,
                    63.99765679346832
                ],
                [
                    294.5910006224142,
                    94.45934170541503
                ]
            ],
            "group_id": null,
            "description": "",
            "shape_type": "rectangle",
            "flags": {},
            "mask": null
        },
        {
            "label": "multiple osteochondromas",
            "points": [
                [
                    230.10595687035476,
                    56.593124153333584
                ],
                [
                    227.5752938161315,
                    56.87430893713618
                ],
                [
                    225.5132720682459,
                    58.748874162486736
                ],
                [
                    223.82616336543038,
                    60.71716764910483
                ],
                [
                    222.88888075275509,
                    62.68546113572292
                ],
                [
                    222.13905466261485,
                    63.903928532200794
                ],
                [
                    221.48295683374215,
                    68.12170028923957
                ],
                [
                    221.48295683374215,
                    71.02727638853294
                ],
                [
                    222.42023944641744,
                    72.9018416138835
                ],
                [
                    222.79515249148756,
                    74.58895031669901
                ],
                [
                    223.07633727529014,
                    76.08860249697948
                ],
                [
                    223.73243510416285,
                    78.71299381247026
                ],
                [
                    224.38853293303555,
                    80.40010251528577
                ],
                [
                    227.38783729359645,
                    81.149928605426
                ],
                [
                    228.9812177351444,
                    80.58755903782082
                ],
                [
                    232.35543514077546,
                    79.36909164134296
                ],
                [
                    236.94811994288432,
                    80.21264599275071
                ],
                [
                    238.26031560062972,
                    80.86874382162341
                ],
                [
                    243.04045692527367,
                    82.55585252443892
                ],
                [
                    244.16519606048402,
                    80.96247208289094
                ],
                [
                    243.04045692527367,
                    72.33947204627835
                ],
                [
                    240.60352213231795,
                    67.93424376670451
                ],
                [
                    240.1348808259803,
                    63.62274374839821
                ],
                [
                    239.57251125837513,
                    61.373265477977526
                ],
                [
                    239.57251125837513,
                    57.90531981107898
                ],
                [
                    239.10386995203748,
                    56.87430893713618
                ],
                [
                    234.230000366126,
                    56.12448284699595
                ],
                [
                    231.13696774429758,
                    56.12448284699595
                ]
            ],
            "group_id": null,
            "description": "",
            "shape_type": "polygon",
            "flags": {},
            "mask": null
        },
        {
            "label": "multiple osteochondromas",
            "points": [
                [
                    295.622011496357,
                    107.86248306667156
                ],
                [
                    296.46556584776476,
                    100.55167868780437
                ],
                [
                    296.37183758649724,
                    94.83425475048513
                ],
                [
                    297.3091201991725,
                    91.17885256105151
                ],
                [
                    299.93351151466334,
                    86.86735254274522
                ],
                [
                    300.4958810822685,
                    84.52414601105701
                ],
                [
                    300.30842455973345,
                    78.90045033500532
                ],
                [
                    299.27741368579063,
                    75.33877640683924
                ],
                [
                    302.55790283015415,
                    72.43320030754586
                ],
                [
                    306.1195767583202,
                    71.8708307399407
                ],
                [
                    314.83630505620033,
                    71.49591769487058
                ],
                [
                    320.55372899351954,
                    71.8708307399407
                ],
                [
                    325.24014205689593,
                    74.58895031669901
                ],
                [
                    329.45791381393474,
                    74.77640683923407
                ],
                [
                    330.48892468787756,
                    77.40079815472487
                ],
                [
                    328.23944641745686,
                    82.64958078570645
                ],
                [
                    326.7397942371764,
                    84.43041774978948
                ],
                [
                    325.427598579431,
                    86.58616775894264
                ],
                [
                    324.02167466041806,
                    88.83564602936332
                ],
                [
                    323.0843920477428,
                    90.89766777724894
                ],
                [
                    321.865924651265,
                    93.33460257020468
                ],
                [
                    321.49101160619483,
                    94.27188518287997
                ],
                [
                    320.460000732252,
                    96.42763519203311
                ],
                [
                    318.2105224618314,
                    98.48965693991873
                ],
                [
                    316.52341375901585,
                    100.3642221652693
                ],
                [
                    314.7425767949328,
                    101.58268956174716
                ],
                [
                    306.58821806465784,
                    105.3318200124483
                ],
                [
                    303.9638267491671,
                    106.55028740892617
                ],
                [
                    296.9342071541024,
                    107.86248306667156
                ]
            ],
            "group_id": null,
            "description": "",
            "shape_type": "polygon",
            "flags": {},
            "mask": null
        },
        {
            "label": "multiple osteochondromas",
            "points": [
                [
                    293.841174532274,
                    68.77779811811226
                ],
                [
                    289.6234027752352,
                    81.149928605426
                ],
                [
                    286.62409841467434,
                    85.64888514626735
                ],
                [
                    284.6558049280562,
                    87.71090689415298
                ],
                [
                    282.5937831801706,
                    89.58547211950354
                ],
                [
                    279.31329403580713,
                    91.55376560612163
                ],
                [
                    275.84534836890856,
                    92.95968952513458
                ],
                [
                    272.65858748581263,
                    94.17815692161244
                ],
                [
                    268.7220005125764,
                    93.14714604766962
                ],
                [
                    268.25335920623877,
                    90.80393951598141
                ]
            ],
            "group_id": null,
            "description": "",
            "shape_type": "polygon",
            "flags": {},
            "mask": null
        }
    ],
    "imagePath": "IMG001081.jpeg",
    "imageData": null,
    "imageHeight": 512,
    "imageWidth": 512
}