{
    "version": "5.4.1",
    "flags": {},
    "shapes": [
        {
            "label": "other bt",
            "points": [
                [
                    141.66910918036214,
                    229.5849620911905
                ],
                [
                    197.56179808885759,
                    302.3220229995065
                ]
            ],
            "group_id": null,
            "description": "",
            "shape_type": "rectangle",
            "flags": {},
            "mask": null
        },
        {
            "label": "other bt",
            "points": [
                [
                    167.83521548326297,
                    300.7680863080766
                ],
                [
                    163.19603555496488,
                    300.92272563901986
                ],
                [
                    159.94860960515624,
                    300.3041683152467
                ],
                [
                    153.60839703648216,
                    301.6959222937362
                ],
                [
                    151.4434464032764,
                    301.6959222937362
                ],
                [
                    147.2681844678081,
                    295.20107039411886
                ],
                [
                    143.2475618632831,
                    294.4278737394025
                ],
                [
                    142.31972587762348,
                    289.9433331420477
                ],
                [
                    142.31972587762348,
                    281.2835306092246
                ],
                [
                    143.86611918705617,
                    275.0979573714938
                ],
                [
                    144.17539784894274,
                    264.73712219829474
                ],
                [
                    143.40220119422636,
                    250.81958241340047
                ],
                [
                    144.48467651082925,
                    242.15977988057736
                ],
                [
                    148.04138112252446,
                    233.6546166786975
                ],
                [
                    150.20633175573025,
                    231.79894470737827
                ],
                [
                    155.61870833874468,
                    231.02574805266195
                ],
                [
                    161.95892090741873,
                    229.94327273605907
                ],
                [
                    168.14449414514954,
                    230.25255139794558
                ],
                [
                    174.9486247066534,
                    230.7164693907754
                ],
                [
                    182.98986991570342,
                    232.10822336926483
                ],
                [
                    187.93832850588805,
                    233.19069868586772
                ],
                [
                    192.7321477651294,
                    234.11853467152733
                ],
                [
                    197.37132769342747,
                    236.59276396661963
                ],
                [
                    197.37132769342747,
                    243.3968945281235
                ],
                [
                    195.97957371493806,
                    248.34535311830814
                ],
                [
                    195.97957371493806,
                    252.05669706094662
                ],
                [
                    195.97957371493806,
                    255.61340167264183
                ],
                [
                    193.65998375078902,
                    260.2525816009399
                ],
                [
                    192.88678709607268,
                    263.65464688169186
                ],
                [
                    188.86616449154766,
                    263.9639255435784
                ],
                [
                    186.7012138583419,
                    265.66495818395435
                ],
                [
                    186.7012138583419,
                    267.9845481481034
                ],
                [
                    187.47441051305822,
                    270.7680561050822
                ],
                [
                    188.5568858296611,
                    275.7165146952669
                ],
                [
                    189.33008248437747,
                    280.6649732854515
                ],
                [
                    189.33008248437747,
                    286.3866285303525
                ],
                [
                    188.24760716777456,
                    291.9536444443102
                ],
                [
                    186.23729586551207,
                    293.0361197609131
                ],
                [
                    182.83523058476015,
                    295.9742670488352
                ],
                [
                    180.5156406206111,
                    299.68561099147365
                ],
                [
                    178.81460798023514,
                    300.61344697713326
                ],
                [
                    171.70119875684472,
                    301.8505616246795
                ]
            ],
            "group_id": null,
            "description": "",
            "shape_type": "polygon",
            "flags": {},
            "mask": null
        }
    ],
    "imagePath": "IMG001135.jpeg",
    "imageData": null,
    "imageHeight": 512,
    "imageWidth": 512
}