{
    "version": "5.4.1",
    "flags": {},
    "shapes": [
        {
            "label": "osteochondroma",
            "points": [
                [
                    187.75387596899228,
                    393.5968992248062
                ],
                [
                    216.82364341085272,
                    451.7364341085271
                ]
            ],
            "group_id": null,
            "description": "",
            "shape_type": "rectangle",
            "flags": {},
            "mask": null
        },
        {
            "label": "osteochondroma",
            "points": [
                [
                    216.09615384615384,
                    407.28205128205127
                ],
                [
                    213.40384615384613,
                    449.71794871794873
                ],
                [
                    210.07051282051282,
                    446.38461538461536
                ],
                [
                    205.8397435897436,
                    439.58974358974353
                ],
                [
                    199.30128205128204,
                    433.6923076923077
                ],
                [
                    195.07051282051282,
                    430.8717948717948
                ],
                [
                    190.71153846153845,
                    428.43589743589735
                ],
                [
                    189.1730769230769,
                    422.28205128205127
                ],
                [
                    188.91666666666666,
                    415.10256410256403
                ],
                [
                    190.45512820512818,
                    411.7692307692307
                ],
                [
                    191.3525641025641,
                    409.97435897435895
                ],
                [
                    190.45512820512818,
                    408.05128205128204
                ],
                [
                    188.91666666666666,
                    405.8717948717948
                ],
                [
                    190.45512820512818,
                    401.1282051282051
                ],
                [
                    192.7628205128205,
                    397.4102564102564
                ],
                [
                    194.30128205128204,
                    396.0
                ],
                [
                    200.45512820512818,
                    394.97435897435895
                ],
                [
                    205.9679487179487,
                    394.2051282051282
                ],
                [
                    211.3525641025641,
                    398.05128205128204
                ],
                [
                    212.7628205128205,
                    403.05128205128204
                ],
                [
                    212.7628205128205,
                    405.7435897435897
                ],
                [
                    212.7628205128205,
                    407.28205128205127
                ],
                [
                    215.07051282051282,
                    408.1794871794871
                ]
            ],
            "group_id": null,
            "description": "",
            "shape_type": "polygon",
            "flags": {},
            "mask": null
        }
    ],
    "imagePath": "IMG001457.jpeg",
    "imageData": null,
    "imageHeight": 512,
    "imageWidth": 512
}