{
    "version": "5.4.1",
    "flags": {},
    "shapes": [
        {
            "label": "other mt",
            "points": [
                [
                    252.32265753016532,
                    258.8410546700432
                ],
                [
                    350.1541950113378,
                    332.7633369137128
                ]
            ],
            "group_id": null,
            "description": "",
            "shape_type": "rectangle",
            "flags": {},
            "mask": null
        },
        {
            "label": "other mt",
            "points": [
                [
                    257.8840061572074,
                    264.08461194696855
                ],
                [
                    267.2588509856497,
                    263.2901335716768
                ],
                [
                    273.9324693381002,
                    260.4300114206266
                ],
                [
                    276.79259148915037,
                    259.6355330453349
                ],
                [
                    285.05516659218426,
                    260.1122200705099
                ],
                [
                    287.7563930681762,
                    263.1312378966185
                ],
                [
                    293.6355330453349,
                    267.73921247331043
                ],
                [
                    298.24350762202687,
                    271.23491732459405
                ],
                [
                    302.5336908486022,
                    273.9361438005859
                ],
                [
                    308.88951785093593,
                    276.16068325140276
                ],
                [
                    315.2453448532697,
                    276.9551616266944
                ],
                [
                    320.64779780525345,
                    278.86190972739456
                ],
                [
                    323.666815631362,
                    282.0398232285615
                ],
                [
                    325.57356373206215,
                    286.1711107800784
                ],
                [
                    328.751477233229,
                    291.25577238194546
                ],
                [
                    332.08828640945427,
                    296.8171210089875
                ],
                [
                    334.63061721038775,
                    298.08828640945427
                ],
                [
                    343.6876706887134,
                    296.9760166840459
                ],
                [
                    346.2300014896469,
                    299.51834748497936
                ],
                [
                    349.7257063409305,
                    310.0054620388301
                ],
                [
                    347.660062565172,
                    321.44595064303087
                ],
                [
                    344.32325338894674,
                    324.6238641441978
                ],
                [
                    336.6962609861463,
                    329.39073439594813
                ],
                [
                    329.22816425840404,
                    331.2974824966483
                ],
                [
                    319.21773672972836,
                    330.8207954714732
                ],
                [
                    314.60976215303634,
                    331.2974824966483
                ],
                [
                    304.281543274244,
                    329.39073439594813
                ],
                [
                    296.33675952132677,
                    325.41834251948956
                ],
                [
                    286.6441233427677,
                    317.9502457917473
                ],
                [
                    274.8858433884502,
                    309.84656636377173
                ],
                [
                    269.16559908634986,
                    302.5373653110879
                ],
                [
                    262.9686677590744,
                    296.8171210089875
                ],
                [
                    261.6975023586076,
                    286.1711107800784
                ],
                [
                    257.08952778191565,
                    282.0398232285615
                ],
                [
                    253.43492725557374,
                    274.57172650081924
                ],
                [
                    253.11713590545705,
                    265.9913600476687
                ],
                [
                    255.8183623814489,
                    264.24350762202687
                ]
            ],
            "group_id": null,
            "description": "",
            "shape_type": "polygon",
            "flags": {},
            "mask": null
        }
    ],
    "imagePath": "IMG001827.jpeg",
    "imageData": null,
    "imageHeight": 512,
    "imageWidth": 512
}