{
    "version": "5.4.1",
    "flags": {},
    "shapes": [
        {
            "label": "multiple osteochondromas",
            "points": [
                [
                    256.2333250941884,
                    125.40278183493247
                ],
                [
                    304.10824988078207,
                    177.03004291845494
                ]
            ],
            "group_id": null,
            "description": "",
            "shape_type": "rectangle",
            "flags": {},
            "mask": null
        },
        {
            "label": "multiple osteochondromas",
            "points": [
                [
                    180.30136545101828,
                    290.68901721981285
                ],
                [
                    280.20174669872443,
                    394.80784066991737
                ]
            ],
            "group_id": null,
            "description": "",
            "shape_type": "rectangle",
            "flags": {},
            "mask": null
        },
        {
            "label": "multiple osteochondromas",
            "points": [
                [
                    289.98086271337513,
                    175.44884614520367
                ],
                [
                    296.11677864413633,
                    174.10661453534968
                ],
                [
                    300.3352208465347,
                    171.9973934341505
                ],
                [
                    302.4444419477338,
                    161.83478267382722
                ],
                [
                    296.6920207626452,
                    161.25954055531835
                ],
                [
                    287.1046521208308,
                    158.9585720812829
                ],
                [
                    284.8036836467954,
                    148.41246657528703
                ],
                [
                    285.37892576530425,
                    147.4537297111056
                ],
                [
                    291.32309432322916,
                    148.41246657528703
                ],
                [
                    297.0755155083178,
                    148.60421394812334
                ],
                [
                    296.11677864413633,
                    139.7838347976541
                ],
                [
                    293.6240627972646,
                    132.68918200271142
                ],
                [
                    291.13134695039287,
                    127.51200293613164
                ],
                [
                    284.42018890112274,
                    126.36151869911392
                ],
                [
                    282.3109677999236,
                    125.97802395344134
                ],
                [
                    279.81825195305186,
                    130.96345564718482
                ],
                [
                    280.20174669872443,
                    133.64791886689287
                ],
                [
                    276.36679924199865,
                    130.57996090151224
                ],
                [
                    274.2575781407995,
                    127.51200293613164
                ],
                [
                    270.61437805691,
                    130.00471878300337
                ],
                [
                    268.50515695571085,
                    131.5386977656937
                ],
                [
                    258.1507988225513,
                    132.68918200271142
                ],
                [
                    257.19206195836983,
                    142.08480327168954
                ],
                [
                    259.4930304324053,
                    148.98770869379592
                ],
                [
                    265.82069373600285,
                    153.39789826903052
                ]
            ],
            "group_id": null,
            "description": "",
            "shape_type": "polygon",
            "flags": {},
            "mask": null
        },
        {
            "label": "multiple osteochondromas",
            "points": [
                [
                    212.32317671467843,
                    143.04354013587098
                ],
                [
                    205.80376603824462,
                    175.0653513995311
                ],
                [
                    199.4761027346471,
                    174.68185665385852
                ],
                [
                    200.05134485315597,
                    167.58720385891587
                ],
                [
                    199.4761027346471,
                    164.1357511478627
                ],
                [
                    198.51736587046568,
                    159.1503194541192
                ],
                [
                    197.7503763791205,
                    151.28867716783137
                ],
                [
                    197.7503763791205,
                    143.42703488154356
                ],
                [
                    201.0100817173374,
                    136.5241294594372
                ],
                [
                    201.77707120868257,
                    138.0581084421275
                ],
                [
                    201.96881858151886,
                    141.70130852601696
                ],
                [
                    201.96881858151886,
                    143.81052962721614
                ],
                [
                    205.9955134110809,
                    147.6454770839419
                ]
            ],
            "group_id": null,
            "description": "",
            "shape_type": "polygon",
            "flags": {},
            "mask": null
        },
        {
            "label": "multiple osteochondromas",
            "points": [
                [
                    209.83046086780666,
                    390.3976510946827
                ],
                [
                    204.84502917406317,
                    382.15251406272233
                ],
                [
                    192.18970256686816,
                    372.9486401665805
                ],
                [
                    188.92999722865127,
                    364.7035031346201
                ],
                [
                    186.8207761274521,
                    350.89769229040735
                ],
                [
                    186.6290287546158,
                    336.708386700522
                ],
                [
                    184.51980765341662,
                    321.94383899212784
                ],
                [
                    182.21883917938118,
                    312.16472297747714
                ],
                [
                    189.6969867199964,
                    307.1792912837337
                ],
                [
                    200.43483959882855,
                    295.2909541678838
                ],
                [
                    206.1872607839172,
                    291.8395014568306
                ],
                [
                    215.00763993438648,
                    293.1817330666846
                ],
                [
                    224.59500857620085,
                    297.0166805234104
                ],
                [
                    228.23820866009032,
                    302.38560696282644
                ],
                [
                    241.46877738579423,
                    304.4948280640256
                ],
                [
                    265.245451617494,
                    300.85162798013613
                ],
                [
                    276.9420413605075,
                    298.3589121332644
                ],
                [
                    276.9420413605075,
                    306.60404916522475
                ],
                [
                    274.6410728864721,
                    313.69870196016745
                ],
                [
                    264.8619568718214,
                    315.61617568853035
                ],
                [
                    253.35711450164408,
                    319.64287051809237
                ],
                [
                    237.63382992906844,
                    323.66956534765444
                ],
                [
                    234.56587196368787,
                    329.80548127841564
                ],
                [
                    237.05858781055957,
                    338.81760780172124
                ],
                [
                    237.82557730190473,
                    349.1719659348808
                ],
                [
                    237.05858781055957,
                    359.14282932236773
                ],
                [
                    233.22364035383384,
                    369.305440082691
                ],
                [
                    229.38869289710806,
                    371.2229138110539
                ],
                [
                    227.47121916874517,
                    371.2229138110539
                ],
                [
                    224.78675594903714,
                    372.9486401665805
                ],
                [
                    222.2940401021654,
                    375.8248507591248
                ],
                [
                    220.7600611194751,
                    379.85154558868686
                ],
                [
                    219.22608213678478,
                    383.6864930454127
                ],
                [
                    218.45909264543965,
                    388.09668262064724
                ],
                [
                    215.58288205289531,
                    391.54813533170045
                ],
                [
                    214.2406504430413,
                    393.27386168722705
                ]
            ],
            "group_id": null,
            "description": "",
            "shape_type": "polygon",
            "flags": {},
            "mask": null
        },
        {
            "label": "multiple osteochondromas",
            "points": [
                [
                    196.4081447692665,
                    134.99015047674686
                ],
                [
                    213.09016620602358,
                    176.40758300938512
                ]
            ],
            "group_id": null,
            "description": "",
            "shape_type": "rectangle",
            "flags": {},
            "mask": null
        }
    ],
    "imagePath": "IMG000396.jpeg",
    "imageData": null,
    "imageHeight": 512,
    "imageWidth": 512
}