{
    "version": "5.4.1",
    "flags": {},
    "shapes": [
        {
            "label": "osteochondroma",
            "points": [
                [
                    280.74286030092435,
                    287.762576509112
                ],
                [
                    289.2317448913329,
                    306.86256683753123
                ]
            ],
            "group_id": null,
            "description": "",
            "shape_type": "rectangle",
            "flags": {},
            "mask": null
        },
        {
            "label": "osteochondroma",
            "points": [
                [
                    281.02472209795997,
                    296.88152130793316
                ],
                [
                    285.605526811111,
                    289.10279632333703
                ],
                [
                    286.5562598647839,
                    290.0535293770099
                ],
                [
                    286.8155506976037,
                    292.9057285380285
                ],
                [
                    286.988411252817,
                    294.89362492298085
                ],
                [
                    287.4205626408501,
                    297.14081214075304
                ],
                [
                    287.9391443064899,
                    299.3879993585253
                ],
                [
                    288.2848654169164,
                    301.37589574347766
                ],
                [
                    288.2848654169164,
                    302.58591962997036
                ],
                [
                    286.3833993095706,
                    305.2652582357757
                ],
                [
                    284.04978181419176,
                    305.00596740295583
                ],
                [
                    283.27190931573216,
                    304.9195371253492
                ],
                [
                    282.7533276500924,
                    301.89447740911737
                ],
                [
                    282.32117626205934,
                    298.9558479704922
                ],
                [
                    281.1111523755666,
                    297.7458240839994
                ]
            ],
            "group_id": null,
            "description": "",
            "shape_type": "polygon",
            "flags": {},
            "mask": null
        }
    ],
    "imagePath": "IMG001035.jpeg",
    "imageData": null,
    "imageHeight": 512,
    "imageWidth": 512
}