{
    "version": "5.4.1",
    "flags": {},
    "shapes": [
        {
            "label": "simple bone cyst",
            "points": [
                [
                    207.4971760728862,
                    112.00065960341345
                ],
                [
                    243.6384880602733,
                    146.2822117226408
                ]
            ],
            "group_id": null,
            "description": "",
            "shape_type": "rectangle",
            "flags": {},
            "mask": null
        },
        {
            "label": "simple bone cyst",
            "points": [
                [
                    209.04094836759887,
                    137.83714297875966
                ],
                [
                    209.5857915123654,
                    131.70765760013623
                ],
                [
                    210.67547780189847,
                    123.94364278721324
                ],
                [
                    212.1737964500064,
                    117.54173583620654
                ],
                [
                    215.03422296003063,
                    114.54509853999065
                ],
                [
                    221.84476226961223,
                    113.86404460903249
                ],
                [
                    228.1104584344273,
                    112.63814753330782
                ],
                [
                    239.41595368833273,
                    114.40888775379904
                ],
                [
                    242.0039586259737,
                    118.08657898097307
                ],
                [
                    243.09364491550676,
                    125.98680458008769
                ],
                [
                    243.09364491550676,
                    131.02660366917806
                ],
                [
                    242.6850125569319,
                    136.3388243306517
                ],
                [
                    238.59868897118292,
                    139.60788319925086
                ],
                [
                    233.8313114544758,
                    140.96999106116718
                ],
                [
                    227.56561528966077,
                    143.01315285404164
                ],
                [
                    219.25675733197124,
                    144.78389307453287
                ],
                [
                    214.21695824288088,
                    145.19252543310773
                ],
                [
                    210.53926701570683,
                    145.19252543310773
                ],
                [
                    208.49610522283234,
                    141.1062018473588
                ]
            ],
            "group_id": null,
            "description": "",
            "shape_type": "polygon",
            "flags": {},
            "mask": null
        }
    ],
    "imagePath": "IMG000653.jpeg",
    "imageData": null,
    "imageHeight": 512,
    "imageWidth": 512
}