{
    "version": "5.4.1",
    "flags": {},
    "shapes": [
        {
            "label": "other bt",
            "points": [
                [
                    121.44591386910817,
                    249.57859807198562
                ],
                [
                    167.950782347527,
                    315.61551131134036
                ]
            ],
            "group_id": null,
            "description": "",
            "shape_type": "rectangle",
            "flags": {},
            "mask": null
        },
        {
            "label": "other bt",
            "points": [
                [
                    141.40468282080508,
                    314.76131586365807
                ],
                [
                    138.37159421000376,
                    314.0291910265681
                ],
                [
                    136.93415399928278,
                    307.3663283005335
                ],
                [
                    134.87321882067084,
                    303.05710019979944
                ],
                [
                    133.37435687258943,
                    297.8110833815145
                ],
                [
                    128.50305554132484,
                    298.7478720990654
                ],
                [
                    124.94325841463147,
                    296.1248636899229
                ],
                [
                    123.25703872303988,
                    290.6914891281278
                ],
                [
                    123.44439646655006,
                    285.632830053353
                ],
                [
                    124.38118518410094,
                    282.44774841368
                ],
                [
                    125.69268938867218,
                    272.51778800764066
                ],
                [
                    126.25476261920271,
                    265.2108360107438
                ],
                [
                    127.56626682377396,
                    260.71425016649954
                ],
                [
                    129.4398442588757,
                    255.84294883523492
                ],
                [
                    133.93643010311996,
                    253.0325826825823
                ],
                [
                    135.81000753822175,
                    252.28315170854157
                ],
                [
                    140.68130886948632,
                    250.97164750397036
                ],
                [
                    142.74224404809826,
                    250.97164750397036
                ],
                [
                    144.61582148320002,
                    250.40957427343983
                ],
                [
                    149.4871228144646,
                    249.47278555588895
                ],
                [
                    156.60671706785132,
                    252.28315170854157
                ],
                [
                    160.54122968156503,
                    256.0303065787451
                ],
                [
                    164.47574229527874,
                    262.21311211458095
                ],
                [
                    167.2861084479314,
                    267.08441344584554
                ],
                [
                    167.66082393495174,
                    271.5809992900897
                ],
                [
                    167.47346619144156,
                    275.89022739082384
                ],
                [
                    167.7611769560439,
                    279.0963773711325
                ],
                [
                    167.8657662184853,
                    283.27994786878946
                ],
                [
                    167.65658769360246,
                    286.73139352935647
                ],
                [
                    167.0987507044212,
                    295.5627904593924
                ],
                [
                    165.5998887563398,
                    300.9961650211875
                ],
                [
                    165.5998887563398,
                    302.4950269692689
                ],
                [
                    162.60216486017697,
                    305.30539312192155
                ],
                [
                    159.41708322050397,
                    307.74104378755385
                ],
                [
                    154.3584241457292,
                    309.8019789661658
                ],
                [
                    147.88921709217334,
                    313.82001250168526
                ]
            ],
            "group_id": null,
            "description": "",
            "shape_type": "polygon",
            "flags": {},
            "mask": null
        }
    ],
    "imagePath": "IMG001134.jpeg",
    "imageData": null,
    "imageHeight": 512,
    "imageWidth": 512
}