{
    "version": "5.4.1",
    "flags": {},
    "shapes": [
        {
            "label": "multiple osteochondromas",
            "points": [
                [
                    185.4764823564466,
                    69.8679606691355
                ],
                [
                    224.97761035201978,
                    121.49184863576387
                ]
            ],
            "group_id": null,
            "description": "",
            "shape_type": "rectangle",
            "flags": {},
            "mask": null
        },
        {
            "label": "multiple osteochondromas",
            "points": [
                [
                    208.89433603046166,
                    244.19609709662066
                ],
                [
                    226.79057591623038,
                    294.0771061399334
                ]
            ],
            "group_id": null,
            "description": "",
            "shape_type": "rectangle",
            "flags": {},
            "mask": null
        },
        {
            "label": "multiple osteochondromas",
            "points": [
                [
                    188.0644872940876,
                    102.28612778274382
                ],
                [
                    186.42995785978803,
                    95.88422083173712
                ],
                [
                    186.83859021836292,
                    87.30294130166433
                ],
                [
                    186.83859021836292,
                    82.12693142638234
                ],
                [
                    188.0644872940876,
                    75.86123526156729
                ],
                [
                    191.60596773507004,
                    74.09049504107608
                ],
                [
                    194.60260503128592,
                    73.13701953773466
                ],
                [
                    196.10092367939387,
                    74.36291661345935
                ],
                [
                    199.2337717618014,
                    72.8645979653514
                ],
                [
                    205.63567871280807,
                    72.0473332482016
                ],
                [
                    208.63231600902398,
                    71.91112246200997
                ],
                [
                    210.4030562295152,
                    70.82143617247692
                ],
                [
                    215.85148767718044,
                    72.4559656067765
                ],
                [
                    220.7550759800792,
                    75.31639211680077
                ],
                [
                    222.38960541437876,
                    77.2233431234836
                ],
                [
                    224.29655642106164,
                    82.53556378495723
                ],
                [
                    224.43276720725325,
                    86.21325501213128
                ],
                [
                    219.9378112629294,
                    94.24969139743754
                ],
                [
                    218.84812497339632,
                    97.38253947984506
                ],
                [
                    212.03758566381478,
                    98.47222576937814
                ],
                [
                    210.67547780189847,
                    103.64823564466013
                ],
                [
                    210.26684544332355,
                    107.8707700166007
                ],
                [
                    210.26684544332355,
                    112.36572596092455
                ],
                [
                    210.26684544332355,
                    115.63478482952371
                ],
                [
                    207.27020814710767,
                    118.08657898097307
                ],
                [
                    204.8184139956583,
                    120.53837313242244
                ],
                [
                    202.50283063040055,
                    119.85731920146429
                ],
                [
                    199.09756097560978,
                    115.90720640190696
                ],
                [
                    195.55608053462734,
                    113.31920146426596
                ],
                [
                    196.78197761035202,
                    108.68803473375048
                ],
                [
                    195.96471289320223,
                    105.55518665134298
                ],
                [
                    194.0577618865194,
                    102.55854935512708
                ],
                [
                    189.97143830077044,
                    100.65159834844424
                ]
            ],
            "group_id": null,
            "description": "",
            "shape_type": "polygon",
            "flags": {},
            "mask": null
        },
        {
            "label": "multiple osteochondromas",
            "points": [
                [
                    209.85821308474866,
                    245.71608564253185
                ],
                [
                    213.5359043119227,
                    288.89490486527905
                ],
                [
                    224.97761035201978,
                    292.02775294768657
                ],
                [
                    225.65866428297792,
                    288.35006172051254
                ],
                [
                    226.20350742774446,
                    280.85846847997277
                ],
                [
                    226.20350742774446,
                    275.6824586046908
                ],
                [
                    224.97761035201978,
                    268.87191929510925
                ],
                [
                    224.84139956582814,
                    263.15106627506066
                ],
                [
                    223.20687013152858,
                    259.47337504788663
                ],
                [
                    221.2999191248457,
                    255.1146298897544
                ],
                [
                    218.7119141872047,
                    250.48346315923897
                ],
                [
                    215.98769846337208,
                    248.5765121525561
                ]
            ],
            "group_id": null,
            "description": "",
            "shape_type": "polygon",
            "flags": {},
            "mask": null
        }
    ],
    "imagePath": "IMG000456.jpeg",
    "imageData": null,
    "imageHeight": 512,
    "imageWidth": 512
}