{
    "version": "5.4.1",
    "flags": {},
    "shapes": [
        {
            "label": "osteochondroma",
            "points": [
                [
                    222.81182807765686,
                    93.97104702053643
                ],
                [
                    246.17770545767405,
                    127.67919799498748
                ]
            ],
            "group_id": null,
            "description": "",
            "shape_type": "rectangle",
            "flags": {},
            "mask": null
        },
        {
            "label": "osteochondroma",
            "points": [
                [
                    233.72077997190777,
                    96.72709245641576
                ],
                [
                    244.86071772838687,
                    126.26907929163568
                ],
                [
                    242.18149219201848,
                    126.12806742130049
                ],
                [
                    240.1368200721584,
                    124.64744278278113
                ],
                [
                    236.54101737861134,
                    122.53226472775344
                ],
                [
                    234.2848274532485,
                    121.12214602440166
                ],
                [
                    232.38116720372358,
                    122.03872318158031
                ],
                [
                    228.78536451017652,
                    123.23732407942934
                ],
                [
                    225.54209149246742,
                    121.96821724641273
                ],
                [
                    223.49741937260734,
                    118.79545016387121
                ],
                [
                    223.21539563193699,
                    114.2830703131455
                ],
                [
                    224.55500840012118,
                    110.12322013825774
                ],
                [
                    225.26006775179707,
                    107.0914649260514
                ],
                [
                    226.67018645514884,
                    105.39932248202925
                ],
                [
                    229.41991792668483,
                    105.46982841719684
                ],
                [
                    230.8300366300366,
                    104.13021564901264
                ],
                [
                    230.68902475970145,
                    102.22655539948772
                ],
                [
                    231.74661378721527,
                    100.53441295546558
                ],
                [
                    232.45167313889118,
                    99.33581205761656
                ]
            ],
            "group_id": null,
            "description": "",
            "shape_type": "polygon",
            "flags": {},
            "mask": null
        }
    ],
    "imagePath": "IMG001368.jpeg",
    "imageData": null,
    "imageHeight": 512,
    "imageWidth": 512
}