{
    "version": "5.4.1",
    "flags": {},
    "shapes": [
        {
            "label": "giant cell tumor",
            "points": [
                [
                    12.641207239735259,
                    249.30824422533908
                ],
                [
                    150.14339795801305,
                    439.0081450040151
                ]
            ],
            "group_id": null,
            "description": "",
            "shape_type": "rectangle",
            "flags": {},
            "mask": null
        },
        {
            "label": "giant cell tumor",
            "points": [
                [
                    87.73660663072158,
                    250.3193759320867
                ],
                [
                    65.71068027991281,
                    251.78777102214062
                ],
                [
                    56.34966158081908,
                    252.88906733968105
                ],
                [
                    51.57737753814385,
                    256.56005506481586
                ],
                [
                    35.42503154755076,
                    268.1236663989904
                ],
                [
                    29.00080302856487,
                    275.0985430767465
                ],
                [
                    23.49432144086268,
                    283.7253642308133
                ],
                [
                    17.437191694390272,
                    291.25088906733964
                ],
                [
                    13.766203969255477,
                    301.1625559252036
                ],
                [
                    14.500401514282435,
                    315.8465068257428
                ],
                [
                    14.683950900539177,
                    327.5936675461741
                ],
                [
                    13.949753355512216,
                    339.34082826660546
                ],
                [
                    13.949753355512216,
                    347.0499024893885
                ],
                [
                    14.133302741768958,
                    360.63255707238727
                ],
                [
                    13.399105196741997,
                    377.33555122175056
                ],
                [
                    14.867500286795915,
                    385.59527360330384
                ],
                [
                    15.785247218079615,
                    398.4437306412756
                ],
                [
                    18.354938625673967,
                    408.1718481128829
                ],
                [
                    25.329815303430077,
                    413.86187908684184
                ],
                [
                    31.019846277389007,
                    423.40644717219226
                ],
                [
                    34.32373523001032,
                    429.6471263049214
                ],
                [
                    37.4440747963749,
                    433.31811403005617
                ],
                [
                    47.72284042675231,
                    436.62200298267754
                ],
                [
                    51.76092692440059,
                    435.88780543765057
                ],
                [
                    55.06481587702191,
                    433.1345646437995
                ],
                [
                    72.31845818515544,
                    429.6471263049214
                ],
                [
                    102.60410691751748,
                    429.6471263049214
                ],
                [
                    106.64219341516576,
                    427.2609842835838
                ],
                [
                    114.71836641046231,
                    416.2480211081794
                ],
                [
                    114.71836641046231,
                    406.15280486405874
                ],
                [
                    115.81966272800274,
                    395.87403923368123
                ],
                [
                    129.76941608351495,
                    394.7727429161408
                ],
                [
                    139.49753355512217,
                    390.00045887346556
                ],
                [
                    142.25077434897327,
                    379.3545944705747
                ],
                [
                    142.43432373522998,
                    371.8290696340484
                ],
                [
                    145.1875645290811,
                    375.13295858666964
                ],
                [
                    148.67500286795914,
                    375.8671561316966
                ],
                [
                    146.83950900539173,
                    365.77193988757597
                ],
                [
                    149.22565102672937,
                    363.38579786623836
                ],
                [
                    146.28886084662153,
                    352.1892853045772
                ],
                [
                    143.53562005277044,
                    341.72697028794306
                ],
                [
                    142.25077434897327,
                    330.3469083400252
                ],
                [
                    138.39623723758172,
                    320.43524148216125
                ],
                [
                    129.035218538488,
                    304.0993461053114
                ],
                [
                    123.89583572329929,
                    295.4725249512446
                ],
                [
                    120.77549615693471,
                    292.71928415739353
                ],
                [
                    115.636113341746,
                    283.7253642308133
                ],
                [
                    109.02833543650338,
                    274.18079614546286
                ],
                [
                    98.01537226109899,
                    258.3955489273833
                ]
            ],
            "group_id": null,
            "description": "",
            "shape_type": "polygon",
            "flags": {},
            "mask": null
        }
    ],
    "imagePath": "IMG000247.jpeg",
    "imageData": null,
    "imageHeight": 512,
    "imageWidth": 512
}