{
    "version": "5.4.1",
    "flags": {},
    "shapes": [
        {
            "label": "multiple osteochondromas",
            "points": [
                [
                    240.19530707388932,
                    112.8006391603757
                ],
                [
                    273.1992246548852,
                    157.89049839075034
                ]
            ],
            "group_id": null,
            "description": "",
            "shape_type": "rectangle",
            "flags": {},
            "mask": null
        },
        {
            "label": "multiple osteochondromas",
            "points": [
                [
                    327.1211181674982,
                    153.70690320442694
                ],
                [
                    352.2226892854387,
                    215.53114318009523
                ]
            ],
            "group_id": null,
            "description": "",
            "shape_type": "rectangle",
            "flags": {},
            "mask": null
        },
        {
            "label": "multiple osteochondromas",
            "points": [
                [
                    254.04816720037098,
                    113.06532976078222
                ],
                [
                    267.1134969611532,
                    133.38032420590093
                ],
                [
                    265.83883064302813,
                    133.2209909161353
                ],
                [
                    265.83883064302813,
                    135.3719903279714
                ],
                [
                    266.47616380209064,
                    138.3993228335185
                ],
                [
                    266.7948303816219,
                    140.78932218000307
                ],
                [
                    265.9981639327938,
                    143.65732139578452
                ],
                [
                    264.4048310351374,
                    144.61332113437834
                ],
                [
                    264.00649781072326,
                    146.68465390133161
                ],
                [
                    260.81983201541055,
                    151.3053193045351
                ],
                [
                    258.1111660893947,
                    151.3053193045351
                ],
                [
                    257.63316622009785,
                    154.01398523055093
                ],
                [
                    256.7568331263868,
                    155.20898490379318
                ],
                [
                    253.7295006208397,
                    156.64298451168392
                ],
                [
                    248.31216876880805,
                    154.49198509984782
                ],
                [
                    244.80683639396403,
                    151.46465259430073
                ],
                [
                    242.65583698212794,
                    146.2066540320347
                ],
                [
                    241.69983724353412,
                    140.70965553512025
                ],
                [
                    241.6201705986513,
                    137.52298973980749
                ],
                [
                    242.0185038230654,
                    134.25665729961193
                ],
                [
                    242.81517027189358,
                    130.99032485941638
                ],
                [
                    243.69150336560458,
                    127.96299235386928
                ],
                [
                    246.63916922626888,
                    127.08665926015829
                ],
                [
                    248.31216876880805,
                    127.32565919480673
                ],
                [
                    250.94116804994107,
                    129.07832538222874
                ],
                [
                    253.01250081689435,
                    128.99865873734592
                ],
                [
                    253.80916726572252,
                    126.44932610109574
                ],
                [
                    252.3751676578318,
                    125.015326493205
                ],
                [
                    251.41916791923796,
                    122.06766063254071
                ],
                [
                    250.06483495623007,
                    117.52666187422005
                ],
                [
                    250.6225014704098,
                    115.21632917261833
                ]
            ],
            "group_id": null,
            "description": "",
            "shape_type": "polygon",
            "flags": {},
            "mask": null
        },
        {
            "label": "multiple osteochondromas",
            "points": [
                [
                    328.85514674533755,
                    212.6486358643053
                ],
                [
                    328.6161468106891,
                    205.31930453508602
                ],
                [
                    327.9788136516265,
                    196.63564024285878
                ],
                [
                    328.13814694139216,
                    188.27064253016283
                ],
                [
                    329.49247990440006,
                    176.4799790875057
                ],
                [
                    329.6518131941657,
                    168.1149813748098
                ],
                [
                    330.5281462878767,
                    161.42298320465304
                ],
                [
                    333.23681221389256,
                    159.1126505030513
                ],
                [
                    333.6351454383066,
                    158.31598405422312
                ],
                [
                    335.3081449808458,
                    156.32431793215267
                ],
                [
                    338.09647755174444,
                    155.288651548676
                ],
                [
                    350.52447415346415,
                    185.48230995926423
                ],
                [
                    351.7194738267064,
                    208.98397019969565
                ],
                [
                    350.52447415346415,
                    212.0909693501256
                ],
                [
                    347.49714164791703,
                    213.20630237848502
                ],
                [
                    342.55780966518233,
                    213.36563566825066
                ],
                [
                    334.4318118871348,
                    212.40963592965687
                ],
                [
                    330.05014641857974,
                    212.7283025091881
                ]
            ],
            "group_id": null,
            "description": "",
            "shape_type": "polygon",
            "flags": {},
            "mask": null
        }
    ],
    "imagePath": "IMG001078.jpeg",
    "imageData": null,
    "imageHeight": 512,
    "imageWidth": 512
}