{
    "version": "5.4.1",
    "flags": {},
    "shapes": [
        {
            "label": "osteosarcoma",
            "points": [
                [
                    215.05296768225358,
                    124.22237474262185
                ],
                [
                    329.6422070364955,
                    397.3267285368984
                ]
            ],
            "group_id": null,
            "description": "",
            "shape_type": "rectangle",
            "flags": {},
            "mask": null
        },
        {
            "label": "osteosarcoma",
            "points": [
                [
                    218.7314483368861,
                    334.8912037968065
                ],
                [
                    216.67216345573743,
                    326.91147488235526
                ],
                [
                    217.18698467602462,
                    306.3186260708684
                ],
                [
                    226.19635603105013,
                    286.7554196999558
                ],
                [
                    226.19635603105013,
                    272.0830149217713
                ],
                [
                    224.394481760045,
                    261.0143586855971
                ],
                [
                    222.8500180991835,
                    249.68829183927926
                ],
                [
                    226.45376664119374,
                    232.6991915698025
                ],
                [
                    220.0185013876041,
                    228.32321119736153
                ],
                [
                    228.51305152234244,
                    207.21554116558744
                ],
                [
                    230.3149257933475,
                    203.09697140329004
                ],
                [
                    252.452238265696,
                    144.9221735108394
                ],
                [
                    256.5708080279934,
                    133.85351727466517
                ],
                [
                    262.2338414511523,
                    128.19048385150623
                ],
                [
                    269.9561597554599,
                    125.3589671399268
                ],
                [
                    280.50999477134695,
                    127.1608414109319
                ],
                [
                    292.60829344809554,
                    135.65539154567028
                ],
                [
                    303.4195390741262,
                    151.10002815428547
                ],
                [
                    315.5178377508748,
                    168.3465390339058
                ],
                [
                    320.66604995374655,
                    202.32473957285927
                ],
                [
                    323.2401560551824,
                    227.0361581466436
                ],
                [
                    323.75497727546957,
                    247.37159634798695
                ],
                [
                    325.5568515464746,
                    268.2218557696175
                ],
                [
                    320.15122873345933,
                    296.27961227526845
                ],
                [
                    312.1714998190081,
                    327.4262961026425
                ],
                [
                    296.4694526002493,
                    349.3061979648474
                ],
                [
                    290.0341873466597,
                    364.2360133531754
                ],
                [
                    293.3805252785263,
                    378.65100752121623
                ],
                [
                    293.6379358886699,
                    385.8585046052367
                ],
                [
                    293.3805252785263,
                    393.8382335196879
                ],
                [
                    286.68784941479305,
                    393.5808229095443
                ],
                [
                    267.8968748743112,
                    392.55118046896996
                ],
                [
                    257.6004504685677,
                    392.55118046896996
                ],
                [
                    251.42259582512162,
                    383.5418091139444
                ],
                [
                    249.87813216426014,
                    364.49342396331895
                ],
                [
                    246.27438362224993,
                    354.1969995575755
                ],
                [
                    242.67063508023966,
                    364.49342396331895
                ],
                [
                    230.3149257933475,
                    353.1673571170012
                ],
                [
                    223.1074287093271,
                    346.47468125326793
                ],
                [
                    220.27591199774764,
                    339.26718416924746
                ]
            ],
            "group_id": null,
            "description": "",
            "shape_type": "polygon",
            "flags": {},
            "mask": null
        }
    ],
    "imagePath": "IMG001504.jpeg",
    "imageData": null,
    "imageHeight": 512,
    "imageWidth": 512
}