{
    "version": "5.4.1",
    "flags": {},
    "shapes": [
        {
            "label": "osteochondroma",
            "points": [
                [
                    231.96081669662087,
                    136.99260050841147
                ],
                [
                    249.57711176956332,
                    207.04327973964152
                ]
            ],
            "group_id": null,
            "description": "",
            "shape_type": "rectangle",
            "flags": {},
            "mask": null
        },
        {
            "label": "osteochondroma",
            "points": [
                [
                    236.10988285196393,
                    139.0212402672218
                ],
                [
                    232.47778003370848,
                    184.73563780733315
                ],
                [
                    234.2312089804525,
                    181.7297596129149
                ],
                [
                    236.36037270149876,
                    179.47535096710118
                ],
                [
                    237.3623320996382,
                    180.22682051570575
                ],
                [
                    238.86527119684735,
                    180.22682051570575
                ],
                [
                    239.2410059711496,
                    181.10353498907773
                ],
                [
                    240.11772044452164,
                    183.60843348442634
                ],
                [
                    240.9944349178936,
                    187.4910261522166
                ],
                [
                    241.11967984266107,
                    190.37165942186746
                ],
                [
                    241.62065954173076,
                    194.1290071648903
                ],
                [
                    241.62065954173076,
                    196.50866073547144
                ],
                [
                    242.49737401510276,
                    201.26796787663372
                ],
                [
                    242.74786386463762,
                    203.14664174814516
                ],
                [
                    243.1235986389399,
                    204.52433592058685
                ],
                [
                    245.2527623599862,
                    206.2777648673309
                ],
                [
                    247.00619130673022,
                    203.77286637198233
                ],
                [
                    248.13339562963705,
                    198.38733460698288
                ],
                [
                    248.25864055440448,
                    195.50670133733203
                ],
                [
                    248.7596202534742,
                    189.4949449484955
                ],
                [
                    241.37016969219593,
                    155.05259063745265
                ],
                [
                    239.36625089591706,
                    145.78446620466295
                ],
                [
                    238.11380164824277,
                    140.2736895148961
                ]
            ],
            "group_id": null,
            "description": "",
            "shape_type": "polygon",
            "flags": {},
            "mask": null
        }
    ],
    "imagePath": "IMG001323.jpeg",
    "imageData": null,
    "imageHeight": 512,
    "imageWidth": 512
}