{
    "version": "5.4.1",
    "flags": {},
    "shapes": [
        {
            "label": "synovial osteochondroma",
            "points": [
                [
                    201.9707010812696,
                    196.23700532015124
                ],
                [
                    323.6309731426578,
                    312.1497500290664
                ]
            ],
            "group_id": null,
            "description": "",
            "shape_type": "rectangle",
            "flags": {},
            "mask": null
        },
        {
            "label": "synovial osteochondroma",
            "points": [
                [
                    225.40983606557376,
                    304.70875479595395
                ],
                [
                    214.06231833507732,
                    295.5935356353913
                ],
                [
                    208.48157191024302,
                    286.66434135565635
                ],
                [
                    204.38902453203116,
                    276.99104755261015
                ],
                [
                    202.52877572375306,
                    253.92396232996163
                ],
                [
                    205.31914893617022,
                    245.36681781188236
                ],
                [
                    208.85362167189862,
                    233.46122543890246
                ],
                [
                    212.94616905011046,
                    223.4158818742007
                ],
                [
                    221.13126380653412,
                    216.90501104522733
                ],
                [
                    229.87443320544122,
                    212.9984885478433
                ],
                [
                    233.03685617951402,
                    201.0928961748634
                ],
                [
                    238.24555284269272,
                    197.55842343913497
                ],
                [
                    258.3362399720963,
                    197.55842343913497
                ],
                [
                    282.5194744797117,
                    197.3723985583072
                ],
                [
                    309.4930821997442,
                    199.0466224857575
                ],
                [
                    319.53842576444606,
                    209.4640158121149
                ],
                [
                    323.0728985001744,
                    230.11277758400186
                ],
                [
                    323.6309731426578,
                    244.99476805022672
                ],
                [
                    322.70084873851874,
                    263.5972561330078
                ],
                [
                    322.70084873851874,
                    281.083594930822
                ],
                [
                    322.70084873851874,
                    295.5935356353913
                ],
                [
                    320.468550168585,
                    305.2668294384374
                ],
                [
                    305.2145099407046,
                    311.21962562492735
                ],
                [
                    286.98407161957914,
                    310.8475758632717
                ],
                [
                    277.49680269736075,
                    305.4528543192652
                ],
                [
                    270.6138821067318,
                    296.8957098011859
                ],
                [
                    262.98686199279155,
                    299.5000581327753
                ],
                [
                    260.19648878037435,
                    304.52272991512615
                ],
                [
                    246.802697360772,
                    309.5454016974771
                ]
            ],
            "group_id": null,
            "description": "",
            "shape_type": "polygon",
            "flags": {},
            "mask": null
        }
    ],
    "imagePath": "IMG001216.jpeg",
    "imageData": null,
    "imageHeight": 512,
    "imageWidth": 512
}