{
    "version": "5.4.1",
    "flags": {},
    "shapes": [
        {
            "label": "other mt",
            "points": [
                [
                    220.2066030054038,
                    139.1796415558352
                ],
                [
                    253.47495908077744,
                    214.03344272542583
                ]
            ],
            "group_id": null,
            "description": "",
            "shape_type": "rectangle",
            "flags": {},
            "mask": null
        },
        {
            "label": "other mt",
            "points": [
                [
                    236.52494221959023,
                    140.33771724200327
                ],
                [
                    227.26033673024568,
                    144.0225035161744
                ],
                [
                    224.52306692657572,
                    152.76071096635164
                ],
                [
                    224.10194849524186,
                    158.86692822069236
                ],
                [
                    222.62803398557344,
                    167.18401723953576
                ],
                [
                    221.5752379072388,
                    176.5539023367138
                ],
                [
                    221.04883986807152,
                    184.44987292422334
                ],
                [
                    221.46995829940533,
                    193.92503762923482
                ],
                [
                    221.5752379072388,
                    205.08467605958168
                ],
                [
                    221.7857971229057,
                    211.82257096092317
                ],
                [
                    222.52275437773994,
                    212.87536703925778
                ],
                [
                    225.57586300491033,
                    213.4017650784251
                ],
                [
                    230.9451230044168,
                    209.6116991964205
                ],
                [
                    237.4724586900914,
                    211.82257096092317
                ],
                [
                    241.4730837877629,
                    212.13840978442354
                ],
                [
                    247.26346221860325,
                    208.87474194158628
                ],
                [
                    250.94824849277438,
                    189.39801449239602
                ],
                [
                    252.10632417894243,
                    173.29023449387648
                ],
                [
                    253.15912025727704,
                    161.7094776321958
                ],
                [
                    249.36905437527247,
                    154.76102351518742
                ],
                [
                    246.526504963769,
                    144.65418116317514
                ],
                [
                    243.6839555522656,
                    140.2324376341698
                ]
            ],
            "group_id": null,
            "description": "",
            "shape_type": "polygon",
            "flags": {},
            "mask": null
        }
    ],
    "imagePath": "IMG001453.jpeg",
    "imageData": null,
    "imageHeight": 512,
    "imageWidth": 512
}