{
    "version": "5.4.1",
    "flags": {},
    "shapes": [
        {
            "label": "giant cell tumor",
            "points": [
                [
                    178.40910043406677,
                    150.62655291124085
                ],
                [
                    264.05230667109197,
                    271.5486226352472
                ]
            ],
            "group_id": null,
            "description": "",
            "shape_type": "rectangle",
            "flags": {},
            "mask": null
        },
        {
            "label": "giant cell tumor",
            "points": [
                [
                    190.13262529040824,
                    261.86259541984725
                ],
                [
                    184.52492532359776,
                    254.38566213076666
                ],
                [
                    184.18506471954862,
                    246.56886823763688
                ],
                [
                    182.9955526053767,
                    239.6017258546299
                ],
                [
                    182.9955526053767,
                    228.72618652505804
                ],
                [
                    181.12631928310654,
                    219.04015930965812
                ],
                [
                    183.67527381347497,
                    210.20378360438096
                ],
                [
                    192.17178891470297,
                    201.1974775970793
                ],
                [
                    200.32844341188184,
                    187.77298373713904
                ],
                [
                    208.65502821108532,
                    181.31563226020575
                ],
                [
                    216.8116827082642,
                    176.0477928974444
                ],
                [
                    224.79840690341854,
                    169.08065051443742
                ],
                [
                    233.63478260869564,
                    155.82608695652172
                ],
                [
                    238.90262197145702,
                    152.25755061400596
                ],
                [
                    245.19004314636575,
                    157.69532027879188
                ],
                [
                    250.4578825091271,
                    164.66246266179883
                ],
                [
                    254.19634915366746,
                    171.7995353468304
                ],
                [
                    258.2746764022569,
                    181.1457019581812
                ],
                [
                    261.50335214072356,
                    192.36110189180215
                ],
                [
                    262.35300365084635,
                    197.28908065051442
                ],
                [
                    262.86279455692,
                    206.97510786591434
                ],
                [
                    263.54251576501827,
                    213.77231994689674
                ],
                [
                    262.52293395287097,
                    215.98141387321604
                ],
                [
                    250.118021905078,
                    218.700298705609
                ],
                [
                    241.62150680385,
                    220.05974112180547
                ],
                [
                    236.35366744108862,
                    223.11848655824758
                ],
                [
                    232.95506140059743,
                    226.00730169266512
                ],
                [
                    236.0138068370395,
                    230.5954198473282
                ],
                [
                    239.24248257550616,
                    235.01360769996677
                ],
                [
                    240.09213408562894,
                    241.47095917690007
                ],
                [
                    239.75227348157983,
                    247.58845004978423
                ],
                [
                    238.39283106538335,
                    254.38566213076666
                ],
                [
                    236.35366744108862,
                    258.97378028542977
                ],
                [
                    234.48443411881846,
                    262.20245602389645
                ],
                [
                    233.12499170262197,
                    264.5814802522403
                ],
                [
                    231.59561898440091,
                    266.79057417855955
                ],
                [
                    228.7068038499834,
                    268.150016594756
                ],
                [
                    220.38021905077997,
                    269.84931961500166
                ],
                [
                    214.43265847992035,
                    270.5290408230999
                ],
                [
                    202.70746764022567,
                    268.6598075008297
                ],
                [
                    196.08018586126786,
                    266.28078327248585
                ]
            ],
            "group_id": null,
            "description": "",
            "shape_type": "polygon",
            "flags": {},
            "mask": null
        }
    ],
    "imagePath": "IMG001554.jpeg",
    "imageData": null,
    "imageHeight": 512,
    "imageWidth": 512
}