{
    "version": "5.4.1",
    "flags": {},
    "shapes": [
        {
            "label": "osteochondroma",
            "points": [
                [
                    242.01908973369987,
                    94.38317814549629
                ],
                [
                    254.442808664443,
                    147.2303407613439
                ]
            ],
            "group_id": null,
            "description": "",
            "shape_type": "rectangle",
            "flags": {},
            "mask": null
        },
        {
            "label": "osteochondroma",
            "points": [
                [
                    253.8791856376805,
                    95.02726252813854
                ],
                [
                    251.64603783460265,
                    141.0549200249097
                ],
                [
                    249.53695379836248,
                    142.66774899379925
                ],
                [
                    249.04069873101182,
                    135.7201780508904
                ],
                [
                    248.5444436636612,
                    134.10734908200087
                ],
                [
                    243.8300205238302,
                    145.2730880973901
                ],
                [
                    242.5893828554536,
                    145.76934316474072
                ],
                [
                    241.84500025442765,
                    143.53619536166286
                ],
                [
                    246.55942339425866,
                    122.32129123242333
                ],
                [
                    246.31129586058333,
                    117.85499562626764
                ],
                [
                    246.31129586058333,
                    111.4036797507094
                ],
                [
                    246.31129586058333,
                    107.55770297874199
                ],
                [
                    248.29631612998588,
                    100.73419580267081
                ],
                [
                    251.27384653408967,
                    95.52351759548915
                ]
            ],
            "group_id": null,
            "description": "",
            "shape_type": "polygon",
            "flags": {},
            "mask": null
        }
    ],
    "imagePath": "IMG001247.jpeg",
    "imageData": null,
    "imageHeight": 512,
    "imageWidth": 512
}