{
    "version": "5.4.1",
    "flags": {},
    "shapes": [
        {
            "label": "simple bone cyst",
            "points": [
                [
                    310.1767942511801,
                    322.6766890165069
                ],
                [
                    335.6942708680535,
                    353.8355677029792
                ]
            ],
            "group_id": null,
            "description": "",
            "shape_type": "rectangle",
            "flags": {},
            "mask": null
        },
        {
            "label": "simple bone cyst",
            "points": [
                [
                    310.72518649495726,
                    351.3397129912804
                ],
                [
                    310.4337762667618,
                    346.6771493401531
                ],
                [
                    311.0165967231527,
                    339.4890303779985
                ],
                [
                    310.6280497522255,
                    336.18638112511667
                ],
                [
                    311.6965539222754,
                    332.30091141584387
                ],
                [
                    312.9593315777891,
                    326.4727068519348
                ],
                [
                    314.4163827187664,
                    324.1414250263711
                ],
                [
                    315.5820236315482,
                    323.0729208563211
                ],
                [
                    318.20471568530735,
                    323.7528780554438
                ],
                [
                    319.85604031174825,
                    326.6669803373984
                ],
                [
                    322.9644160791665,
                    326.95839056559385
                ],
                [
                    326.26706533204833,
                    326.0841598810075
                ],
                [
                    331.99813315322564,
                    324.724245482762
                ],
                [
                    334.13514149332565,
                    325.59847616734834
                ],
                [
                    335.2036456633757,
                    328.90112542023024
                ],
                [
                    335.3007824061075,
                    332.98086861496665
                ],
                [
                    334.7179619497166,
                    337.5462955233622
                ],
                [
                    333.8437312651302,
                    342.11172243175764
                ],
                [
                    332.67809035234836,
                    345.2200981991759
                ],
                [
                    329.1811676140029,
                    348.8141576802532
                ],
                [
                    327.0441592739029,
                    352.0196701904032
                ],
                [
                    326.07279184658466,
                    353.2824478459168
                ],
                [
                    324.6157407056074,
                    353.4767213313805
                ],
                [
                    323.06155282189826,
                    351.5339864767441
                ],
                [
                    321.2159547099937,
                    350.9511660203532
                ],
                [
                    314.61065620423,
                    351.24257624854863
                ],
                [
                    313.8335622623755,
                    351.24257624854863
                ]
            ],
            "group_id": null,
            "description": "",
            "shape_type": "polygon",
            "flags": {},
            "mask": null
        }
    ],
    "imagePath": "IMG000287.jpeg",
    "imageData": null,
    "imageHeight": 512,
    "imageWidth": 512
}