{
    "version": "5.4.1",
    "flags": {},
    "shapes": [
        {
            "label": "simple bone cyst",
            "points": [
                [
                    393.69275136724036,
                    285.6076037330702
                ],
                [
                    469.4771339026984,
                    431.48364523324744
                ]
            ],
            "group_id": null,
            "description": "",
            "shape_type": "rectangle",
            "flags": {},
            "mask": null
        },
        {
            "label": "simple bone cyst",
            "points": [
                [
                    397.0125300907351,
                    324.3193012776989
                ],
                [
                    394.6423060304919,
                    315.8259983951608
                ],
                [
                    395.8274180606135,
                    305.5550274674403
                ],
                [
                    404.3207209431516,
                    291.92623912104193
                ],
                [
                    418.9371026479847,
                    287.5808283439294
                ],
                [
                    430.98574162088755,
                    287.5808283439294
                ],
                [
                    436.1212270847479,
                    290.14857107585954
                ],
                [
                    439.6765631751127,
                    296.86420591321524
                ],
                [
                    442.63934325041663,
                    306.74013949756187
                ],
                [
                    448.1698660576507,
                    315.43096105178694
                ],
                [
                    462.39121041910994,
                    325.10937596444666
                ],
                [
                    467.92173322634403,
                    338.34312696747116
                ],
                [
                    467.92173322634403,
                    346.2438738349485
                ],
                [
                    467.92173322634403,
                    353.354546015678
                ],
                [
                    461.40361706067523,
                    378.04437997654463
                ],
                [
                    449.5524967594593,
                    415.77044626874886
                ],
                [
                    440.46663786186036,
                    426.4364545398432
                ],
                [
                    435.33115239800014,
                    429.7942719585211
                ],
                [
                    421.70236405160176,
                    430.1893093018949
                ],
                [
                    415.38176655761987,
                    430.1893093018949
                ],
                [
                    404.7157582865255,
                    419.7208197024875
                ],
                [
                    399.77779149435213,
                    405.69699401271527
                ],
                [
                    395.43238071723965,
                    384.3649774705265
                ],
                [
                    395.23486204555275,
                    371.92130115424976
                ],
                [
                    396.2224554039874,
                    337.15801493734955
                ]
            ],
            "group_id": null,
            "description": "",
            "shape_type": "polygon",
            "flags": {},
            "mask": null
        }
    ],
    "imagePath": "IMG001616.jpeg",
    "imageData": null,
    "imageHeight": 512,
    "imageWidth": 512
}