{
    "version": "5.4.1",
    "flags": {},
    "shapes": [
        {
            "label": "simple bone cyst",
            "points": [
                [
                    148.61389351908068,
                    367.9076267538001
                ],
                [
                    230.2838534479903,
                    449.01239664859963
                ]
            ],
            "group_id": null,
            "description": "",
            "shape_type": "rectangle",
            "flags": {},
            "mask": null
        },
        {
            "label": "simple bone cyst",
            "points": [
                [
                    202.44824426806787,
                    448.30590910596203
                ],
                [
                    191.7096336199759,
                    448.023314088907
                ],
                [
                    184.22086566801707,
                    445.338661426884
                ],
                [
                    178.286370309861,
                    442.2301162392784
                ],
                [
                    174.18874256256277,
                    434.74134828731957
                ],
                [
                    168.53684222146177,
                    424.9918201989203
                ],
                [
                    160.34158672686527,
                    408.1774166841448
                ],
                [
                    149.32038106171828,
                    387.9718729647087
                ],
                [
                    160.9067767609754,
                    382.1786751150801
                ],
                [
                    169.949817306737,
                    377.3745598251443
                ],
                [
                    178.1450728013335,
                    375.25509719723135
                ],
                [
                    183.93827065096204,
                    372.994337060791
                ],
                [
                    188.17719590678777,
                    373.41822958637357
                ],
                [
                    193.40520372230623,
                    369.46189934760287
                ],
                [
                    197.36153396107693,
                    368.3315192793827
                ],
                [
                    207.25235955800372,
                    371.0161719414057
                ],
                [
                    210.36090474560928,
                    375.53769221428644
                ],
                [
                    210.6434997626643,
                    380.05921248716726
                ],
                [
                    210.78479727119185,
                    383.45035269182785
                ],
                [
                    213.46944993321483,
                    391.22171566084177
                ],
                [
                    219.969135325481,
                    394.0476658313923
                ],
                [
                    225.621035666582,
                    395.88453344225013
                ],
                [
                    227.45790327743984,
                    398.9930786298557
                ],
                [
                    229.15347337977013,
                    403.655896411264
                ],
                [
                    229.43606839682516,
                    415.2422921105211
                ],
                [
                    229.43606839682516,
                    424.1440351477552
                ],
                [
                    228.305688328605,
                    428.9481504376911
                ],
                [
                    226.18622570069212,
                    435.16524081290214
                ],
                [
                    222.653787987504,
                    439.40416606872793
                ],
                [
                    218.41486273167823,
                    442.371413747806
                ],
                [
                    213.46944993321483,
                    446.0451489695216
                ]
            ],
            "group_id": null,
            "description": "",
            "shape_type": "polygon",
            "flags": {},
            "mask": null
        }
    ],
    "imagePath": "IMG001250.jpeg",
    "imageData": null,
    "imageHeight": 512,
    "imageWidth": 512
}