{
    "version": "5.4.1",
    "flags": {},
    "shapes": [
        {
            "label": "osteochondroma",
            "points": [
                [
                    286.4366159415432,
                    315.60233290876175
                ],
                [
                    303.2550110612053,
                    362.7968090098545
                ]
            ],
            "group_id": null,
            "description": "",
            "shape_type": "rectangle",
            "flags": {},
            "mask": null
        },
        {
            "label": "osteochondroma",
            "points": [
                [
                    302.0536971240866,
                    318.0049607829992
                ],
                [
                    286.95146477173694,
                    351.984983575786
                ],
                [
                    287.1230810484682,
                    355.76054166387337
                ],
                [
                    289.52570892270563,
                    355.4173091104109
                ],
                [
                    290.89863913655563,
                    355.5889253871421
                ],
                [
                    292.61480190386806,
                    357.47670443118585
                ],
                [
                    293.6444995642555,
                    357.9915532613796
                ],
                [
                    292.7864181805993,
                    360.39418113561703
                ],
                [
                    295.18904605483675,
                    360.7374136890795
                ],
                [
                    299.30783669638663,
                    359.8793323054233
                ],
                [
                    301.8820808473554,
                    359.3644834752296
                ],
                [
                    302.91177850774284,
                    355.76054166387337
                ],
                [
                    301.8820808473554,
                    348.38104176442977
                ],
                [
                    300.33753435677414,
                    342.202855802105
                ],
                [
                    299.6510692498492,
                    338.2556814372863
                ],
                [
                    301.5388482938929,
                    333.4504256888114
                ],
                [
                    302.56854595428035,
                    326.929007173024
                ],
                [
                    302.56854595428035,
                    321.2656700408929
                ]
            ],
            "group_id": null,
            "description": "",
            "shape_type": "polygon",
            "flags": {},
            "mask": null
        }
    ],
    "imagePath": "IMG000351.jpeg",
    "imageData": null,
    "imageHeight": 512,
    "imageWidth": 512
}