{
    "version": "5.4.1",
    "flags": {},
    "shapes": [
        {
            "label": "osteochondroma",
            "points": [
                [
                    212.02347417840377,
                    291.0798122065728
                ],
                [
                    226.85915492957747,
                    331.830985915493
                ]
            ],
            "group_id": null,
            "description": "",
            "shape_type": "rectangle",
            "flags": {},
            "mask": null
        },
        {
            "label": "osteochondroma",
            "points": [
                [
                    218.957385337667,
                    292.49548573492234
                ],
                [
                    226.23799205489345,
                    317.91982665222105
                ],
                [
                    225.77573131094258,
                    321.84904297580357
                ],
                [
                    224.3889490790899,
                    323.4669555796316
                ],
                [
                    222.6554712892741,
                    324.2759118815457
                ],
                [
                    223.92668833513903,
                    328.3206933911159
                ],
                [
                    221.73094980137233,
                    329.7074756229686
                ],
                [
                    219.07295052365475,
                    330.74756229685806
                ],
                [
                    215.25929938605995,
                    329.93860599494406
                ],
                [
                    213.4102564102564,
                    328.55182376309136
                ],
                [
                    213.2946912242687,
                    324.16034669555796
                ],
                [
                    213.52582159624413,
                    321.1556518598772
                ],
                [
                    213.2946912242687,
                    317.91982665222105
                ],
                [
                    213.2946912242687,
                    312.2571325388227
                ],
                [
                    215.14373420007223,
                    304.9765258215962
                ],
                [
                    215.72156013001086,
                    297.58035391838206
                ],
                [
                    216.99277717587577,
                    293.18887685084866
                ]
            ],
            "group_id": null,
            "description": "",
            "shape_type": "polygon",
            "flags": {},
            "mask": null
        }
    ],
    "imagePath": "IMG000355.jpeg",
    "imageData": null,
    "imageHeight": 512,
    "imageWidth": 512
}