{
    "version": "5.4.1",
    "flags": {},
    "shapes": [
        {
            "label": "giant cell tumor",
            "points": [
                [
                    139.2394206834125,
                    125.46066229161953
                ],
                [
                    291.2376103190767,
                    326.71283095723015
                ]
            ],
            "group_id": null,
            "description": "",
            "shape_type": "rectangle",
            "flags": {},
            "mask": null
        },
        {
            "label": "giant cell tumor",
            "points": [
                [
                    199.12627291242364,
                    127.9348268839104
                ],
                [
                    188.26408689748814,
                    129.02104548540396
                ],
                [
                    176.7501697216565,
                    133.36591989137816
                ],
                [
                    171.31907671418872,
                    137.92803801765106
                ],
                [
                    166.1052274270197,
                    145.0970807875085
                ],
                [
                    156.54650373387648,
                    154.65580448065174
                ],
                [
                    149.81194840461643,
                    162.0420909708079
                ],
                [
                    142.4256619144603,
                    166.8214528173795
                ],
                [
                    140.68771215207062,
                    177.90088255261372
                ],
                [
                    144.16361167685,
                    190.06653088934146
                ],
                [
                    144.16361167685,
                    196.80108621860148
                ],
                [
                    143.29463679565515,
                    206.142566191446
                ],
                [
                    141.99117447386288,
                    215.04955872369314
                ],
                [
                    141.99117447386288,
                    223.3048200950441
                ],
                [
                    141.55668703326546,
                    232.64630006788866
                ],
                [
                    140.68771215207062,
                    241.77053632043447
                ],
                [
                    139.81873727087577,
                    254.8051595383571
                ],
                [
                    140.03598099117448,
                    268.0570264765784
                ],
                [
                    142.86014935505773,
                    280.4399185336049
                ],
                [
                    143.29463679565515,
                    283.4813306177868
                ],
                [
                    151.1154107264087,
                    292.60556687033267
                ],
                [
                    158.71894093686356,
                    302.5987780040733
                ],
                [
                    163.06381534283776,
                    310.41955193482687
                ],
                [
                    168.92939579090293,
                    318.67481330617784
                ],
                [
                    178.7053632043449,
                    324.75763747454175
                ],
                [
                    189.78479293957912,
                    319.5437881873727
                ],
                [
                    206.9470468431772,
                    318.4575695858791
                ],
                [
                    214.55057705363205,
                    315.63340122199594
                ],
                [
                    243.44399185336047,
                    310.6367956551256
                ],
                [
                    247.13713509843856,
                    300.86082824168363
                ],
                [
                    254.7406653088934,
                    283.2640868974881
                ],
                [
                    256.2613713509844,
                    275.44331296673454
                ],
                [
                    266.90631364562114,
                    275.0088255261371
                ],
                [
                    274.72708757637474,
                    266.10183299389
                ],
                [
                    279.07196198234897,
                    256.5431093007468
                ],
                [
                    284.06856754921927,
                    253.50169721656482
                ],
                [
                    284.285811269518,
                    241.98778004073318
                ],
                [
                    285.58927359131025,
                    241.11880515953834
                ],
                [
                    286.02376103190767,
                    235.25322471147317
                ],
                [
                    289.7169042769857,
                    221.56687033265445
                ],
                [
                    279.7236931432451,
                    211.35641547861508
                ],
                [
                    267.775288526816,
                    193.54243041412084
                ],
                [
                    260.6062457569586,
                    181.59402579769178
                ],
                [
                    255.39239646978953,
                    169.42837746096404
                ],
                [
                    243.00950441276305,
                    149.87644263408012
                ],
                [
                    230.4093686354379,
                    143.1418873048201
                ],
                [
                    224.97827562797013,
                    140.10047522063817
                ],
                [
                    219.32993890020367,
                    130.97623896809233
                ],
                [
                    214.55057705363205,
                    127.9348268839104
                ],
                [
                    208.46775288526817,
                    127.28309572301427
                ]
            ],
            "group_id": null,
            "description": "",
            "shape_type": "polygon",
            "flags": {},
            "mask": null
        }
    ],
    "imagePath": "IMG000248.jpeg",
    "imageData": null,
    "imageHeight": 512,
    "imageWidth": 512
}