{
    "version": "5.4.1",
    "flags": {},
    "shapes": [
        {
            "label": "giant cell tumor",
            "points": [
                [
                    109.92574558734022,
                    155.6419151957801
                ],
                [
                    197.24568878068575,
                    254.97240819638876
                ]
            ],
            "group_id": null,
            "description": "",
            "shape_type": "rectangle",
            "flags": {},
            "mask": null
        },
        {
            "label": "giant cell tumor",
            "points": [
                [
                    147.77798495866742,
                    234.66461557585933
                ],
                [
                    135.8443657157064,
                    222.13431537075027
                ],
                [
                    121.12623531605446,
                    205.62614208465413
                ],
                [
                    113.17048915408043,
                    192.499160917397
                ],
                [
                    113.56827646217913,
                    184.1456274473243
                ],
                [
                    114.36385107837654,
                    173.00758282056066
                ],
                [
                    115.756106656722,
                    162.0684318478464
                ],
                [
                    122.71738454844927,
                    159.68170799925417
                ],
                [
                    128.48530051588043,
                    161.27285723164897
                ],
                [
                    144.59568649387782,
                    168.0352414693269
                ],
                [
                    152.35253900180248,
                    176.38877493939964
                ],
                [
                    164.08726459071417,
                    184.543414755423
                ],
                [
                    188.55118403878427,
                    206.22282304680218
                ],
                [
                    192.5290571197713,
                    213.18410093852944
                ],
                [
                    194.31910000621542,
                    222.13431537075027
                ],
                [
                    195.51246193051156,
                    235.2612965380074
                ],
                [
                    195.51246193051156,
                    241.02921250543855
                ],
                [
                    192.5290571197713,
                    249.5816396295606
                ],
                [
                    183.18105537945183,
                    251.96836347815284
                ],
                [
                    170.4518615202934,
                    250.97389520790608
                ],
                [
                    155.1370501584934,
                    241.02921250543855
                ]
            ],
            "group_id": null,
            "description": "",
            "shape_type": "polygon",
            "flags": {},
            "mask": null
        }
    ],
    "imagePath": "IMG001499.jpeg",
    "imageData": null,
    "imageHeight": 512,
    "imageWidth": 512
}