{
    "version": "5.4.1",
    "flags": {},
    "shapes": [
        {
            "label": "osteochondroma",
            "points": [
                [
                    274.7083459987622,
                    282.53257792443225
                ],
                [
                    308.08501646200557,
                    336.34777131179663
                ]
            ],
            "group_id": null,
            "description": "",
            "shape_type": "rectangle",
            "flags": {},
            "mask": null
        },
        {
            "label": "osteochondroma",
            "points": [
                [
                    289.1304403567035,
                    282.7592498083101
                ],
                [
                    279.7892865683932,
                    298.4119939941272
                ],
                [
                    279.66305476044306,
                    300.17923930542923
                ],
                [
                    282.0614591114957,
                    301.06286196108016
                ],
                [
                    284.3336316545982,
                    301.06286196108016
                ],
                [
                    285.46971792614943,
                    302.83010727238207
                ],
                [
                    285.7221815420497,
                    303.8399617359832
                ],
                [
                    284.45986346254836,
                    304.21865715983364
                ],
                [
                    281.55653187969517,
                    303.96619354393334
                ],
                [
                    278.4007366809417,
                    305.60720704728516
                ],
                [
                    277.51711402529077,
                    308.6367704380885
                ],
                [
                    276.2547959457894,
                    311.4138702129915
                ],
                [
                    275.7498687139888,
                    315.0745926435455
                ],
                [
                    275.62363690603866,
                    317.5992288025483
                ],
                [
                    275.87610052193895,
                    322.1435738887533
                ],
                [
                    276.7597231775899,
                    324.54197823980587
                ],
                [
                    277.26465040939047,
                    329.0863233260109
                ],
                [
                    279.41059114454276,
                    331.98965490886405
                ],
                [
                    288.6255131249029,
                    334.89298649171724
                ],
                [
                    295.31579894626026,
                    335.90284095531837
                ],
                [
                    298.4715941450137,
                    333.37820479631563
                ],
                [
                    301.2486939199167,
                    331.4847276770635
                ],
                [
                    304.27825731072005,
                    328.0764688624098
                ],
                [
                    306.67666166177275,
                    324.54197823980587
                ],
                [
                    307.812747933324,
                    314.82212902764525
                ],
                [
                    307.6865161253738,
                    311.16140659709123
                ],
                [
                    306.2979662379223,
                    308.25807501423805
                ],
                [
                    303.268402847119,
                    303.71372992803305
                ],
                [
                    302.0060847676176,
                    299.42184845772834
                ],
                [
                    300.3650712642658,
                    294.6250397556231
                ],
                [
                    299.7339122245151,
                    290.7118537091688
                ],
                [
                    298.2191305291134,
                    287.55605851041537
                ],
                [
                    297.33550787346246,
                    285.6625813911633
                ],
                [
                    293.5485536349583,
                    284.02156788781144
                ]
            ],
            "group_id": null,
            "description": "",
            "shape_type": "polygon",
            "flags": {},
            "mask": null
        }
    ],
    "imagePath": "IMG001166.jpeg",
    "imageData": null,
    "imageHeight": 512,
    "imageWidth": 512
}