{
    "version": "5.4.1",
    "flags": {},
    "shapes": [
        {
            "label": "multiple osteochondromas",
            "points": [
                [
                    49.08807134894093,
                    326.4972129319956
                ],
                [
                    128.69846857947545,
                    434.64718652819346
                ]
            ],
            "group_id": null,
            "description": "",
            "shape_type": "rectangle",
            "flags": {},
            "mask": null
        },
        {
            "label": "multiple osteochondromas",
            "points": [
                [
                    363.02341137123744,
                    341.5180425981342
                ],
                [
                    451.6463064014552,
                    442.1576013612627
                ]
            ],
            "group_id": null,
            "description": "",
            "shape_type": "rectangle",
            "flags": {},
            "mask": null
        },
        {
            "label": "multiple osteochondromas",
            "points": [
                [
                    54.91990846681922,
                    431.87185354691076
                ],
                [
                    52.17391304347826,
                    416.54004576659037
                ],
                [
                    51.7162471395881,
                    404.8695652173913
                ],
                [
                    56.75057208237986,
                    390.91075514874143
                ],
                [
                    64.07322654462243,
                    375.35011441647595
                ],
                [
                    68.42105263157895,
                    361.84897025171625
                ],
                [
                    72.76887871853548,
                    349.0343249427918
                ],
                [
                    76.43020594965675,
                    335.9908466819222
                ],
                [
                    84.89702517162472,
                    328.8970251716247
                ],
                [
                    88.558352402746,
                    329.3546910755149
                ],
                [
                    89.47368421052632,
                    333.24485125858126
                ],
                [
                    90.38901601830663,
                    336.90617848970254
                ],
                [
                    105.03432494279176,
                    341.02517162471395
                ],
                [
                    119.22196796338673,
                    348.11899313501146
                ],
                [
                    127.00228832951944,
                    352.0091533180778
                ],
                [
                    126.77345537757436,
                    365.51029748283753
                ],
                [
                    127.6887871853547,
                    373.0617848970252
                ],
                [
                    127.91762013729978,
                    381.07093821510296
                ],
                [
                    127.4599542334096,
                    385.87643020594965
                ],
                [
                    123.56979405034325,
                    392.05491990846684
                ],
                [
                    119.67963386727689,
                    391.36842105263156
                ],
                [
                    119.45080091533181,
                    394.8009153318078
                ],
                [
                    117.16247139588101,
                    401.89473684210526
                ],
                [
                    116.70480549199085,
                    406.92906178489704
                ],
                [
                    115.56064073226544,
                    412.19221967963387
                ],
                [
                    109.61098398169337,
                    410.8192219679634
                ],
                [
                    106.40732265446225,
                    407.61556064073227
                ],
                [
                    102.97482837528604,
                    410.5903890160183
                ],
                [
                    96.79633867276888,
                    407.3867276887872
                ],
                [
                    85.58352402745996,
                    408.3020594965675
                ],
                [
                    84.43935926773456,
                    413.1075514874142
                ],
                [
                    81.23569794050343,
                    422.71853546910756
                ],
                [
                    80.54919908466819,
                    426.15102974828375
                ],
                [
                    75.74370709382151,
                    430.95652173913044
                ],
                [
                    72.31121281464532,
                    432.558352402746
                ],
                [
                    68.19221967963387,
                    433.01601830663617
                ]
            ],
            "group_id": null,
            "description": "",
            "shape_type": "polygon",
            "flags": {},
            "mask": null
        },
        {
            "label": "multiple osteochondromas",
            "points": [
                [
                    366.0141658494062,
                    344.7940140205586
                ],
                [
                    384.37891831026843,
                    344.21285096799966
                ],
                [
                    396.81580763502967,
                    343.0505248628819
                ],
                [
                    405.5332534234136,
                    342.46936181032294
                ],
                [
                    410.06632523337333,
                    343.63168791544075
                ],
                [
                    411.4611165595148,
                    346.65373578874727
                ],
                [
                    414.9480948748684,
                    348.5134575569358
                ],
                [
                    420.52726017943417,
                    349.90824888307725
                ],
                [
                    423.66554066325233,
                    357.11467073480804
                ],
                [
                    425.2927972104174,
                    360.7178816606734
                ],
                [
                    425.8739602629763,
                    364.786023028586
                ],
                [
                    425.8739602629763,
                    366.52951218626276
                ],
                [
                    429.12847335730635,
                    372.10867749082854
                ],
                [
                    435.86996476699,
                    380.59365805818896
                ],
                [
                    439.12447786132,
                    386.8702190258254
                ],
                [
                    439.5894083033672,
                    393.9604082670444
                ],
                [
                    438.4270821982493,
                    400.4694344557045
                ],
                [
                    438.0783843667139,
                    405.81613453924666
                ],
                [
                    440.5192691874614,
                    416.39330209581925
                ],
                [
                    443.5413170607679,
                    421.5075369583378
                ],
                [
                    446.4471323235625,
                    425.80814354727397
                ],
                [
                    449.8178780284044,
                    429.6438196941629
                ],
                [
                    449.8178780284044,
                    432.31716973593404
                ],
                [
                    447.26076059714507,
                    434.40935672514615
                ],
                [
                    445.40103882895653,
                    436.61777632487014
                ],
                [
                    440.5192691874614,
                    435.80414805128765
                ],
                [
                    426.1064254839999,
                    428.94642403109225
                ],
                [
                    419.3649340743163,
                    428.94642403109225
                ],
                [
                    408.7877665177437,
                    427.7840979259744
                ],
                [
                    403.0923686026661,
                    428.01656314699795
                ],
                [
                    397.28073807707676,
                    428.01656314699795
                ],
                [
                    394.7236206458175,
                    421.1588391268025
                ],
                [
                    393.79375976172315,
                    411.9764628963714
                ],
                [
                    387.98212923613386,
                    409.7680432966474
                ],
                [
                    381.70556826849736,
                    400.3532018451927
                ],
                [
                    378.6835203951909,
                    390.938360393738
                ],
                [
                    375.5452399113727,
                    382.45337982637756
                ],
                [
                    372.87188986960155,
                    375.3631905851586
                ],
                [
                    369.0362137227126,
                    369.20286222803384
                ],
                [
                    364.7356071337765,
                    362.1126729868149
                ],
                [
                    364.3869093022411,
                    353.27899458791904
                ],
                [
                    364.9680723548001,
                    345.4914096836294
                ]
            ],
            "group_id": null,
            "description": "",
            "shape_type": "polygon",
            "flags": {},
            "mask": null
        }
    ],
    "imagePath": "IMG001382.jpeg",
    "imageData": null,
    "imageHeight": 512,
    "imageWidth": 512
}