{
    "version": "5.4.1",
    "flags": {},
    "shapes": [
        {
            "label": "osteofibroma",
            "points": [
                [
                    192.93123742829476,
                    302.91648662743046
                ],
                [
                    220.0131118229904,
                    351.7401475080086
                ]
            ],
            "group_id": null,
            "description": "",
            "shape_type": "rectangle",
            "flags": {},
            "mask": null
        },
        {
            "label": "osteofibroma",
            "points": [
                [
                    217.82576383471735,
                    307.2033446949465
                ],
                [
                    216.2517897422694,
                    304.74401017549656
                ],
                [
                    214.6778156498215,
                    304.15376989082864
                ],
                [
                    211.23474732259166,
                    304.35051665238456
                ],
                [
                    209.46402646858775,
                    306.21961088716654
                ],
                [
                    207.79167899536185,
                    309.8594259759523
                ],
                [
                    205.13559771435598,
                    315.36833529952
                ],
                [
                    203.26650347957408,
                    318.4179101036379
                ],
                [
                    200.51204881779023,
                    322.9430856194257
                ],
                [
                    197.95434091756232,
                    327.9601280391034
                ],
                [
                    194.7080193518885,
                    336.125118643677
                ],
                [
                    193.52753878255257,
                    340.25680063635286
                ],
                [
                    193.52753878255257,
                    342.0275214903567
                ],
                [
                    194.01940568644255,
                    344.7819761521406
                ],
                [
                    195.19988625577847,
                    347.24131067159044
                ],
                [
                    196.08524668278045,
                    348.7169113832604
                ],
                [
                    200.41367543701222,
                    350.3892588564863
                ],
                [
                    203.36487686035207,
                    349.6022718102624
                ],
                [
                    218.21925735782932,
                    317.139056153524
                ],
                [
                    219.30136454638728,
                    313.3024943031822
                ],
                [
                    218.7111242617193,
                    307.8919583603924
                ]
            ],
            "group_id": null,
            "description": "",
            "shape_type": "polygon",
            "flags": {},
            "mask": null
        }
    ],
    "imagePath": "IMG001645.jpeg",
    "imageData": null,
    "imageHeight": 512,
    "imageWidth": 512
}