{
    "version": "5.4.1",
    "flags": {},
    "shapes": [
        {
            "label": "osteochondroma",
            "points": [
                [
                    207.03511018043335,
                    397.4698102357677
                ],
                [
                    233.14423817635384,
                    427.4675317629954
                ]
            ],
            "group_id": null,
            "description": "",
            "shape_type": "rectangle",
            "flags": {},
            "mask": null
        },
        {
            "label": "osteochondroma",
            "points": [
                [
                    213.74159003799903,
                    398.3747594216249
                ],
                [
                    226.059202842526,
                    407.95512493625705
                ],
                [
                    230.58618874504447,
                    419.00939283775557
                ],
                [
                    231.21786119655866,
                    424.90500238522156
                ],
                [
                    229.4281225839351,
                    425.8525110624928
                ],
                [
                    226.37503906828312,
                    423.9574937079502
                ],
                [
                    222.47972561727886,
                    423.7469362241122
                ],
                [
                    219.42664210162687,
                    423.7469362241122
                ],
                [
                    217.11050977940812,
                    424.16805119178827
                ],
                [
                    215.00493494102744,
                    425.22083861097866
                ],
                [
                    212.37296639305157,
                    425.9577898044119
                ],
                [
                    209.53044036123765,
                    425.7472323205738
                ],
                [
                    207.95125923245217,
                    423.220542514517
                ],
                [
                    207.95125923245217,
                    420.27273774078407
                ],
                [
                    210.16211281275184,
                    416.4827030316988
                ],
                [
                    211.32017897386126,
                    415.42991561250847
                ],
                [
                    212.16240890921353,
                    411.5346021615042
                ],
                [
                    212.37296639305157,
                    407.11289500090476
                ],
                [
                    212.79408136072772,
                    401.63840042111497
                ]
            ],
            "group_id": null,
            "description": "",
            "shape_type": "polygon",
            "flags": {},
            "mask": null
        }
    ],
    "imagePath": "IMG000934.jpeg",
    "imageData": null,
    "imageHeight": 512,
    "imageWidth": 512
}