{
    "version": "5.4.1",
    "flags": {},
    "shapes": [
        {
            "label": "osteochondroma",
            "points": [
                [
                    203.70704194799208,
                    323.4494066180392
                ],
                [
                    213.8880844563754,
                    344.50565362401363
                ]
            ],
            "group_id": null,
            "description": "",
            "shape_type": "rectangle",
            "flags": {},
            "mask": null
        },
        {
            "label": "osteochondroma",
            "points": [
                [
                    206.49828189859102,
                    324.59904726983547
                ],
                [
                    212.83537633460352,
                    332.2827742735007
                ],
                [
                    212.91459001505368,
                    333.3125521193527
                ],
                [
                    212.59773529325304,
                    335.7681762133076
                ],
                [
                    211.33031640605054,
                    337.11480878096023
                ],
                [
                    209.8252564774976,
                    338.2238003072624
                ],
                [
                    209.9836838383979,
                    339.7288602358154
                ],
                [
                    210.37975224064866,
                    341.0754928034681
                ],
                [
                    209.8252564774976,
                    342.26369801022037
                ],
                [
                    207.84491446624367,
                    342.5013390515709
                ],
                [
                    206.89435030084178,
                    339.1743644726643
                ],
                [
                    206.1022134963402,
                    337.35244982231075
                ],
                [
                    205.38929037228883,
                    336.00581725465804
                ],
                [
                    205.23086301138852,
                    332.9164837171019
                ],
                [
                    205.46850405273898,
                    328.48051761189316
                ],
                [
                    206.26064085724053,
                    326.9754576833402
                ]
            ],
            "group_id": null,
            "description": "",
            "shape_type": "polygon",
            "flags": {},
            "mask": null
        }
    ],
    "imagePath": "IMG001293.jpeg",
    "imageData": null,
    "imageHeight": 512,
    "imageWidth": 512
}