{
    "version": "5.4.1",
    "flags": {},
    "shapes": [
        {
            "label": "multiple osteochondromas",
            "points": [
                [
                    91.78440950150552,
                    88.89245752945986
                ],
                [
                    220.82645254823245,
                    229.35415040333072
                ]
            ],
            "group_id": null,
            "description": "",
            "shape_type": "rectangle",
            "flags": {},
            "mask": null
        },
        {
            "label": "multiple osteochondromas",
            "points": [
                [
                    304.1898962863835,
                    103.73800230474703
                ],
                [
                    428.6640794022528,
                    231.63808036875952
                ]
            ],
            "group_id": null,
            "description": "",
            "shape_type": "rectangle",
            "flags": {},
            "mask": null
        },
        {
            "label": "multiple osteochondromas",
            "points": [
                [
                    68.18379985874132,
                    316.1434890896249
                ],
                [
                    203.31632281327833,
                    408.26199769525294
                ]
            ],
            "group_id": null,
            "description": "",
            "shape_type": "rectangle",
            "flags": {},
            "mask": null
        },
        {
            "label": "multiple osteochondromas",
            "points": [
                [
                    318.7689825657039,
                    317.66610906657746
                ],
                [
                    445.9077506412401,
                    403.69413776439535
                ]
            ],
            "group_id": null,
            "description": "",
            "shape_type": "rectangle",
            "flags": {},
            "mask": null
        },
        {
            "label": "multiple osteochondromas",
            "points": [
                [
                    186.94815806103867,
                    91.93769748336491
                ],
                [
                    182.38029813018107,
                    102.97669231627077
                ],
                [
                    176.67047321660905,
                    112.8737221664622
                ],
                [
                    166.77344336641764,
                    122.00944202817738
                ],
                [
                    143.17283372365344,
                    133.04843686108325
                ],
                [
                    116.14632913274602,
                    136.0936768149883
                ],
                [
                    105.10733429984018,
                    142.9454667112747
                ],
                [
                    100.53947436898258,
                    146.75201665365597
                ],
                [
                    95.971614438125,
                    153.60380654994236
                ],
                [
                    95.971614438125,
                    166.5460763540389
                ],
                [
                    95.971614438125,
                    176.82376119846845
                ],
                [
                    97.49423441507753,
                    189.76603100256497
                ],
                [
                    103.96536931712576,
                    204.99223077209027
                ],
                [
                    100.53947436898258,
                    210.70205568566223
                ],
                [
                    100.15881937474447,
                    217.55384558194862
                ],
                [
                    102.06209434593512,
                    221.36039552432996
                ],
                [
                    102.44274934017324,
                    227.07022043790192
                ],
                [
                    110.43650421917401,
                    228.59284041485446
                ],
                [
                    215.11662763466046,
                    226.6895654436638
                ],
                [
                    218.1618675885655,
                    216.41188059923425
                ],
                [
                    218.1618675885655,
                    203.46961079513773
                ],
                [
                    214.3553176461842,
                    191.66930597375563
                ],
                [
                    216.63924761161297,
                    169.59131630794394
                ],
                [
                    213.97466265194603,
                    153.22315155570425
                ],
                [
                    218.9231775770418,
                    134.19040184379762
                ],
                [
                    216.63924761161297,
                    126.57730195903497
                ],
                [
                    210.54876770380287,
                    122.00944202817738
                ],
                [
                    209.40680272108844,
                    108.68651722984275
                ],
                [
                    209.40680272108844,
                    93.46031746031746
                ],
                [
                    202.17435783056396,
                    91.55704248912679
                ],
                [
                    190.75470800341995,
                    89.27311252369799
                ]
            ],
            "group_id": null,
            "description": "",
            "shape_type": "polygon",
            "flags": {},
            "mask": null
        },
        {
            "label": "multiple osteochondromas",
            "points": [
                [
                    344.1586706813873,
                    107.54455224712837
                ],
                [
                    330.0744358945764,
                    114.0156871491766
                ],
                [
                    322.4613360098138,
                    118.5835470800342
                ],
                [
                    320.5580610386232,
                    128.0999219359875
                ],
                [
                    320.177406044385,
                    134.57105683803576
                ],
                [
                    318.2741310731944,
                    142.1841567227984
                ],
                [
                    314.84823612505113,
                    145.6100516709416
                ],
                [
                    309.8997211999554,
                    154.7457715326568
                ],
                [
                    307.99644622876474,
                    161.59756142894318
                ],
                [
                    306.4738262518122,
                    174.15917623880154
                ],
                [
                    306.4738262518122,
                    189.38537600832683
                ],
                [
                    309.1384112114792,
                    193.9532359391844
                ],
                [
                    310.66103118843165,
                    196.61782089885133
                ],
                [
                    307.6157912345266,
                    211.84402066837666
                ],
                [
                    306.85448124605034,
                    218.3151555704249
                ],
                [
                    307.99644622876474,
                    225.16694546671127
                ],
                [
                    421.43163451172825,
                    230.87677038028326
                ],
                [
                    421.43163451172825,
                    219.07646555890116
                ],
                [
                    421.43163451172825,
                    212.6053306568529
                ],
                [
                    425.6188394483477,
                    208.7987807144716
                ],
                [
                    426.76080443106207,
                    188.62406601985057
                ],
                [
                    421.0509795174901,
                    189.76603100256497
                ],
                [
                    411.15394966729866,
                    175.3011412215159
                ],
                [
                    409.6313296903461,
                    164.64280138284823
                ],
                [
                    417.24442957510877,
                    147.13267164789414
                ],
                [
                    414.5798446154418,
                    137.99695178617895
                ],
                [
                    406.9667447306792,
                    146.75201665365597
                ],
                [
                    406.586089736441,
                    127.71926694174938
                ],
                [
                    378.7982751570574,
                    114.77699713765287
                ]
            ],
            "group_id": null,
            "description": "",
            "shape_type": "polygon",
            "flags": {},
            "mask": null
        },
        {
            "label": "multiple osteochondromas",
            "points": [
                [
                    196.84518791123008,
                    318.4274190550537
                ],
                [
                    107.39126426526894,
                    324.51789896286385
                ],
                [
                    97.87488940931564,
                    326.80182892829265
                ],
                [
                    92.54571948998182,
                    329.46641388795956
                ],
                [
                    91.78440950150552,
                    333.65361882457904
                ],
                [
                    91.40375450726741,
                    339.74409873238915
                ],
                [
                    90.64244451879117,
                    342.78933868629423
                ],
                [
                    89.50047953607675,
                    344.69261365748486
                ],
                [
                    83.79065462250475,
                    344.69261365748486
                ],
                [
                    79.98410468012345,
                    346.97654362291365
                ],
                [
                    77.70017471469463,
                    355.35095349615256
                ],
                [
                    73.13231478383703,
                    367.91256830601094
                ],
                [
                    70.087074829932,
                    378.95156313891675
                ],
                [
                    73.13231478383703,
                    391.132522954537
                ],
                [
                    81.50672465707598,
                    391.8938329430133
                ],
                [
                    89.50047953607675,
                    392.2744879372514
                ],
                [
                    96.35226943236312,
                    396.08103787963273
                ],
                [
                    102.82340433441135,
                    399.8875878220141
                ],
                [
                    114.24305416155536,
                    396.842347868109
                ],
                [
                    127.56597895988996,
                    390.3712129660608
                ],
                [
                    141.26955875246273,
                    381.6161480985837
                ],
                [
                    162.58623842979816,
                    376.2869781792499
                ],
                [
                    167.91540834913206,
                    383.51942306977435
                ],
                [
                    175.14785323965654,
                    386.56466302367943
                ],
                [
                    178.5737481877997,
                    388.8485929891082
                ],
                [
                    185.80619307832424,
                    381.99680309282184
                ],
                [
                    188.8514330322293,
                    374.38370320805916
                ],
                [
                    191.51601799189626,
                    368.6738782944872
                ],
                [
                    193.79994795732503,
                    366.00929333482026
                ],
                [
                    196.08387792275386,
                    362.5833983866771
                ],
                [
                    193.03863796884878,
                    350.02178357681873
                ],
                [
                    194.1806029515632,
                    339.36344373815103
                ],
                [
                    198.36780788818263,
                    329.84706888219773
                ],
                [
                    200.65173785361142,
                    323.3759339801494
                ]
            ],
            "group_id": null,
            "description": "",
            "shape_type": "polygon",
            "flags": {},
            "mask": null
        },
        {
            "label": "multiple osteochondromas",
            "points": [
                [
                    328.1711609233858,
                    323.3759339801494
                ],
                [
                    326.2678859521951,
                    335.93754879000784
                ],
                [
                    325.88723095795694,
                    345.07326865172297
                ],
                [
                    322.8419910040519,
                    364.48667335786774
                ],
                [
                    320.93871603286124,
                    372.48042823686853
                ],
                [
                    320.5580610386232,
                    379.71287312739304
                ],
                [
                    323.9839559867663,
                    380.8548381101075
                ],
                [
                    336.16491580238653,
                    377.0482881677261
                ],
                [
                    336.5455707966247,
                    364.86732835210586
                ],
                [
                    339.2101557562916,
                    360.29946842124826
                ],
                [
                    345.3006356641017,
                    366.77060332329654
                ],
                [
                    347.2039106352924,
                    372.0997732426304
                ],
                [
                    350.2491505891974,
                    381.2354931043456
                ],
                [
                    356.72028549124576,
                    385.04204304672686
                ],
                [
                    360.526835433627,
                    389.9905579718226
                ],
                [
                    369.28190030110403,
                    393.79710791420393
                ],
                [
                    390.5985799784395,
                    396.08103787963273
                ],
                [
                    400.4956098286309,
                    389.60990297758445
                ],
                [
                    408.1087097133936,
                    393.79710791420393
                ],
                [
                    409.6313296903461,
                    397.60365785658524
                ],
                [
                    429.42538939072904,
                    397.22300286234713
                ],
                [
                    440.0837292293967,
                    389.9905579718226
                ],
                [
                    443.12896918330176,
                    358.0155384558195
                ],
                [
                    443.50962417753993,
                    334.4149288130553
                ],
                [
                    441.6063492063493,
                    327.943793911007
                ],
                [
                    437.03848927549166,
                    321.09200401472066
                ],
                [
                    425.23818445410956,
                    322.9952789859113
                ],
                [
                    392.5018549496301,
                    325.65986394557825
                ]
            ],
            "group_id": null,
            "description": "",
            "shape_type": "polygon",
            "flags": {},
            "mask": null
        }
    ],
    "imagePath": "IMG001348.jpeg",
    "imageData": null,
    "imageHeight": 512,
    "imageWidth": 512
}