{
    "version": "5.4.1",
    "flags": {},
    "shapes": [
        {
            "label": "giant cell tumor",
            "points": [
                [
                    207.74528184845343,
                    134.40987747445521
                ],
                [
                    357.93321195501505,
                    315.4603909580646
                ]
            ],
            "group_id": null,
            "description": "",
            "shape_type": "rectangle",
            "flags": {},
            "mask": null
        },
        {
            "label": "giant cell tumor",
            "points": [
                [
                    210.2861112903146,
                    181.16113920470053
                ],
                [
                    215.87593606240912,
                    164.3916648884169
                ],
                [
                    228.83416621590104,
                    143.5568634651554
                ],
                [
                    238.2352351507873,
                    137.45887280468864
                ],
                [
                    250.17713352753475,
                    135.93437513957193
                ],
                [
                    271.2660178949824,
                    138.4752045814331
                ],
                [
                    287.27324337870766,
                    143.3027805209693
                ],
                [
                    297.9447270345245,
                    148.13035646050548
                ],
                [
                    307.853961857783,
                    158.80184011632232
                ],
                [
                    314.4601184066221,
                    166.1702454977197
                ],
                [
                    322.5907726205777,
                    174.04681676748928
                ],
                [
                    342.4092422670948,
                    192.84895463726184
                ],
                [
                    348.5072329275616,
                    198.6928623535425
                ],
                [
                    356.3838041973312,
                    206.82351656749822
                ],
                [
                    356.89197008570335,
                    213.93783900470945
                ],
                [
                    357.1460530298895,
                    221.81441027447903
                ],
                [
                    354.35114064384226,
                    230.96139626517922
                ],
                [
                    351.04806236942267,
                    243.15737758611277
                ],
                [
                    349.523564704306,
                    246.71453880471836
                ],
                [
                    344.4419058205837,
                    256.6237736279769
                ],
                [
                    341.64699343453645,
                    264.2462619535604
                ],
                [
                    337.3275833833724,
                    291.941302869847
                ],
                [
                    331.991841555464,
                    303.88320124659447
                ],
                [
                    326.65609972755556,
                    305.91586480008334
                ],
                [
                    309.1243765787136,
                    304.1372841907806
                ],
                [
                    301.5018882531301,
                    305.91586480008334
                ],
                [
                    294.3875658159189,
                    309.473026018689
                ],
                [
                    288.54365809963826,
                    312.52202134892235
                ],
                [
                    282.95383332754375,
                    313.0301872372946
                ],
                [
                    272.02826672754065,
                    311.25160662799175
                ],
                [
                    280.6670868298686,
                    286.0973951535663
                ],
                [
                    280.92116977405476,
                    270.85241850239936
                ],
                [
                    281.1752527182409,
                    255.0992759628602
                ],
                [
                    277.6180914996353,
                    245.69820702797395
                ],
                [
                    266.6925248996323,
                    242.1410458093683
                ],
                [
                    253.98837769032647,
                    243.41146053029888
                ],
                [
                    237.21890337404287,
                    244.93595819541557
                ],
                [
                    227.81783443915657,
                    244.68187525122949
                ],
                [
                    219.43309728101474,
                    241.12471403262384
                ],
                [
                    213.58918956473408,
                    234.51855748378483
                ],
                [
                    215.87593606240912,
                    220.03582966517624
                ],
                [
                    218.92493139264252,
                    209.8725118977316
                ],
                [
                    217.90859961589805,
                    201.7418576837759
                ],
                [
                    216.63818489496748,
                    191.57853991633127
                ],
                [
                    214.3514383972924,
                    187.51321280935343
                ]
            ],
            "group_id": null,
            "description": "",
            "shape_type": "polygon",
            "flags": {},
            "mask": null
        }
    ],
    "imagePath": "IMG000332.jpeg",
    "imageData": null,
    "imageHeight": 512,
    "imageWidth": 512
}