{
    "version": "5.4.1",
    "flags": {},
    "shapes": [
        {
            "label": "osteochondroma",
            "points": [
                [
                    273.33612690811134,
                    335.59293624663275
                ],
                [
                    305.9726265951947,
                    402.79720279720283
                ]
            ],
            "group_id": null,
            "description": "",
            "shape_type": "rectangle",
            "flags": {},
            "mask": null
        },
        {
            "label": "osteochondroma",
            "points": [
                [
                    274.1041060107208,
                    362.9180158363038
                ],
                [
                    282.8113520720525,
                    339.06016162825506
                ],
                [
                    286.81668526026505,
                    343.9362194226008
                ],
                [
                    288.2098446300781,
                    348.9864221381731
                ],
                [
                    290.8220184484776,
                    355.25563930233193
                ],
                [
                    293.43419226687706,
                    362.7438709150772
                ],
                [
                    294.47906179423694,
                    368.3165083943294
                ],
                [
                    295.5239313215967,
                    371.7994068188621
                ],
                [
                    295.87222116404996,
                    377.0237544556611
                ],
                [
                    300.3999891159424,
                    379.46178335283395
                ],
                [
                    302.8380180131153,
                    382.59639193491336
                ],
                [
                    304.05703246170174,
                    386.25343528067265
                ],
                [
                    304.9277570678349,
                    392.0002176811515
                ],
                [
                    304.75361214660825,
                    396.527985633044
                ],
                [
                    300.5741340371691,
                    400.5333188212566
                ],
                [
                    293.7824821093304,
                    401.5781883486164
                ],
                [
                    287.1649751027183,
                    401.92647819106963
                ],
                [
                    282.8113520720525,
                    397.3987102391772
                ],
                [
                    280.3733231748796,
                    393.91581181464454
                ],
                [
                    278.8060188838399,
                    387.6465946504857
                ],
                [
                    280.54746809610623,
                    383.11882669859324
                ],
                [
                    283.15964191450576,
                    381.89981225000685
                ],
                [
                    283.3337868357324,
                    377.19789937688773
                ],
                [
                    283.15964191450576,
                    373.5408560311284
                ],
                [
                    277.23871459280025,
                    369.013088079236
                ]
            ],
            "group_id": null,
            "description": "",
            "shape_type": "polygon",
            "flags": {},
            "mask": null
        }
    ],
    "imagePath": "IMG000956.jpeg",
    "imageData": null,
    "imageHeight": 512,
    "imageWidth": 512
}