{
    "version": "5.4.1",
    "flags": {},
    "shapes": [
        {
            "label": "multiple osteochondromas",
            "points": [
                [
                    421.44217687074826,
                    230.05944170771755
                ],
                [
                    493.20384705606375,
                    363.0737508796622
                ]
            ],
            "group_id": null,
            "description": "",
            "shape_type": "rectangle",
            "flags": {},
            "mask": null
        },
        {
            "label": "multiple osteochondromas",
            "points": [
                [
                    422.8879476318829,
                    268.08689513541265
                ],
                [
                    423.05223976382996,
                    262.00808625336924
                ],
                [
                    422.06648697214735,
                    253.79347965601332
                ],
                [
                    425.18803747914257,
                    247.71467077396994
                ],
                [
                    429.4596329097676,
                    241.14298549608517
                ],
                [
                    435.7027339237581,
                    235.88563727377743
                ],
                [
                    437.8385316390707,
                    234.57130021820046
                ],
                [
                    444.24592478500836,
                    230.2997047875754
                ],
                [
                    447.69605955589776,
                    230.2997047875754
                ],
                [
                    451.6390707226286,
                    230.46399691952251
                ],
                [
                    454.59632909767674,
                    233.58554742651776
                ],
                [
                    459.52509305609027,
                    239.82864844050826
                ],
                [
                    464.78244127839815,
                    244.5931202669747
                ],
                [
                    470.3683737646001,
                    252.80772686433062
                ],
                [
                    480.2259016814272,
                    266.27968168399434
                ],
                [
                    483.5117443203696,
                    271.20844564240787
                ],
                [
                    490.5763059940957,
                    286.81619817738414
                ],
                [
                    491.23347452188415,
                    292.07354639969196
                ],
                [
                    492.0549351816197,
                    302.75253497625465
                ],
                [
                    490.2477217302014,
                    314.9101527403414
                ],
                [
                    488.76909254267736,
                    322.1390065460146
                ],
                [
                    485.9761262995764,
                    328.217815428058
                ],
                [
                    484.1689128481581,
                    339.38968040046205
                ],
                [
                    481.54023873700413,
                    342.3469387755102
                ],
                [
                    475.29713772301363,
                    356.8046463868566
                ],
                [
                    473.6542164035425,
                    359.26902836606337
                ],
                [
                    467.57540752149913,
                    362.0619946091644
                ],
                [
                    449.83185727121025,
                    362.2262867411115
                ],
                [
                    455.08920549351814,
                    354.9974329354383
                ],
                [
                    457.0607110768835,
                    346.45424207418813
                ],
                [
                    457.2250032088306,
                    338.23963547683223
                ],
                [
                    457.2250032088306,
                    332.8179951225773
                ],
                [
                    454.924913361571,
                    325.91772558079833
                ],
                [
                    450.98190219484013,
                    319.838916698755
                ],
                [
                    449.0103966114747,
                    315.8959055320241
                ],
                [
                    447.69605955589776,
                    312.4457707611346
                ],
                [
                    443.7530483891669,
                    300.1238608651007
                ],
                [
                    437.18136311128217,
                    285.8304453857014
                ],
                [
                    434.71698113207543,
                    277.45154665639836
                ],
                [
                    432.08830702092155,
                    273.3442433577204
                ],
                [
                    429.29534077782046,
                    271.5370299063021
                ]
            ],
            "group_id": null,
            "description": "",
            "shape_type": "polygon",
            "flags": {},
            "mask": null
        }
    ],
    "imagePath": "IMG001174.jpeg",
    "imageData": null,
    "imageHeight": 512,
    "imageWidth": 512
}