{
    "version": "5.4.1",
    "flags": {},
    "shapes": [
        {
            "label": "osteosarcoma",
            "points": [
                [
                    207.52667441580826,
                    160.316806284821
                ],
                [
                    286.79237644795376,
                    244.71297446791453
                ]
            ],
            "group_id": null,
            "description": "",
            "shape_type": "rectangle",
            "flags": {},
            "mask": null
        },
        {
            "label": "osteosarcoma",
            "points": [
                [
                    209.32233756864002,
                    229.32157601507072
                ],
                [
                    210.3484307988296,
                    225.98677301695457
                ],
                [
                    215.73542025732493,
                    212.13451440939514
                ],
                [
                    224.97025932903122,
                    201.10401218485708
                ],
                [
                    230.61377209507393,
                    188.53437011503465
                ],
                [
                    236.25728486111666,
                    177.5038678904966
                ],
                [
                    247.80083370074956,
                    171.34730850935907
                ],
                [
                    258.57481261774024,
                    168.2690288187903
                ],
                [
                    268.57922161208865,
                    164.42117920557936
                ],
                [
                    276.78796745360535,
                    161.8559461301054
                ],
                [
                    281.1488636819111,
                    169.5516453565273
                ],
                [
                    283.45757344983764,
                    174.42558819992783
                ],
                [
                    284.4836666800273,
                    180.83867088861274
                ],
                [
                    285.7662832177642,
                    187.76480019239247
                ],
                [
                    285.7662832177642,
                    197.25616257164614
                ],
                [
                    284.4836666800273,
                    202.38662872259408
                ],
                [
                    279.86624714417405,
                    211.10842117920558
                ],
                [
                    271.40097799511,
                    223.678063249028
                ],
                [
                    261.65309230830894,
                    238.29989177922963
                ],
                [
                    254.7269630045292,
                    243.68688123772495
                ],
                [
                    252.41825323660268,
                    244.19992785281974
                ],
                [
                    245.7486472403704,
                    240.86512485470357
                ],
                [
                    238.56599462904325,
                    235.47813539620824
                ],
                [
                    227.53549240450516,
                    232.39985570563948
                ],
                [
                    220.60936310072546,
                    232.91290232073428
                ]
            ],
            "group_id": null,
            "description": "",
            "shape_type": "polygon",
            "flags": {},
            "mask": null
        }
    ],
    "imagePath": "IMG000155.jpeg",
    "imageData": null,
    "imageHeight": 512,
    "imageWidth": 512
}