{
    "version": "5.4.1",
    "flags": {},
    "shapes": [
        {
            "label": "simple bone cyst",
            "points": [
                [
                    201.07606365860917,
                    253.97924598186913
                ],
                [
                    264.8075365381229,
                    316.77806316070706
                ]
            ],
            "group_id": null,
            "description": "",
            "shape_type": "rectangle",
            "flags": {},
            "mask": null
        },
        {
            "label": "simple bone cyst",
            "points": [
                [
                    232.88361622417722,
                    314.91136211334674
                ],
                [
                    219.69461228741187,
                    312.3309048213709
                ],
                [
                    209.46835561180396,
                    306.11869282216986
                ],
                [
                    203.92515105867068,
                    296.8481610695159
                ],
                [
                    202.96942613571667,
                    287.48205682456665
                ],
                [
                    202.96942613571667,
                    275.34435030305065
                ],
                [
                    204.40301352014768,
                    264.35351368907953
                ],
                [
                    210.61522551934877,
                    258.3324466744693
                ],
                [
                    221.2237721641383,
                    254.89183695183482
                ],
                [
                    231.35445634745082,
                    255.36969941331185
                ],
                [
                    241.38956803846793,
                    254.98740944413024
                ],
                [
                    253.90956452916546,
                    256.8988592900382
                ],
                [
                    260.50406649754814,
                    266.55168101187377
                ],
                [
                    263.9446762201826,
                    281.84327977913796
                ],
                [
                    264.04024871247805,
                    298.47289343853777
                ],
                [
                    264.2313936970688,
                    304.87625042232963
                ],
                [
                    261.0775014513206,
                    309.4637300525089
                ],
                [
                    255.91658686736892,
                    313.19105725202957
                ],
                [
                    246.7416276070104,
                    314.33792715957435
                ],
                [
                    237.6622408389473,
                    314.7202171287559
                ]
            ],
            "group_id": null,
            "description": "",
            "shape_type": "polygon",
            "flags": {},
            "mask": null
        }
    ],
    "imagePath": "IMG000675.jpeg",
    "imageData": null,
    "imageHeight": 512,
    "imageWidth": 512
}