{
    "version": "5.4.1",
    "flags": {},
    "shapes": [
        {
            "label": "osteochondroma",
            "points": [
                [
                    297.91968161541445,
                    306.32095865248846
                ],
                [
                    318.7761211560809,
                    360.829199415212
                ]
            ],
            "group_id": null,
            "description": "",
            "shape_type": "rectangle",
            "flags": {},
            "mask": null
        },
        {
            "label": "osteochondroma",
            "points": [
                [
                    300.2159034985477,
                    311.2248802057316
                ],
                [
                    298.7002978668295,
                    351.19897874229895
                ],
                [
                    301.73150913026586,
                    352.33568296608763
                ],
                [
                    304.57326968973746,
                    353.8512885978058
                ],
                [
                    307.22557954524433,
                    356.8824998612422
                ],
                [
                    311.20404432850455,
                    358.58755619692516
                ],
                [
                    314.6141569998705,
                    358.77700690088994
                ],
                [
                    316.50866403951824,
                    355.1774435255592
                ],
                [
                    317.0770161514125,
                    350.0622745185103
                ],
                [
                    314.99305840780005,
                    344.37875339956713
                ],
                [
                    314.0458048879762,
                    336.23237312908185
                ],
                [
                    312.71964996022274,
                    325.43368300308975
                ],
                [
                    312.71964996022274,
                    313.68773935727376
                ],
                [
                    312.71964996022274,
                    309.5198238700487
                ],
                [
                    304.3838189857727,
                    309.89872527797826
                ],
                [
                    302.2998612421602,
                    311.2248802057316
                ]
            ],
            "group_id": null,
            "description": "",
            "shape_type": "polygon",
            "flags": {},
            "mask": null
        }
    ],
    "imagePath": "IMG001027.jpeg",
    "imageData": null,
    "imageHeight": 512,
    "imageWidth": 512
}