{
    "version": "5.4.1",
    "flags": {},
    "shapes": [
        {
            "label": "simple bone cyst",
            "points": [
                [
                    238.239092495637,
                    299.8952879581152
                ],
                [
                    255.92379290285052,
                    317.021524141943
                ]
            ],
            "group_id": null,
            "description": "",
            "shape_type": "rectangle",
            "flags": {},
            "mask": null
        },
        {
            "label": "simple bone cyst",
            "points": [
                [
                    239.4634179084441,
                    313.5275428469146
                ],
                [
                    239.24862397637267,
                    309.01687027341484
                ],
                [
                    239.10542802165838,
                    305.07898151877214
                ],
                [
                    240.8953774555869,
                    301.85707253770084
                ],
                [
                    245.6208439611581,
                    300.35351501320093
                ],
                [
                    249.70192867051506,
                    300.35351501320093
                ],
                [
                    252.49424978744352,
                    302.6446502886294
                ],
                [
                    254.92858101758628,
                    305.29377545084355
                ],
                [
                    255.64456079115766,
                    308.4440864545577
                ],
                [
                    254.92858101758628,
                    311.02161363941474
                ],
                [
                    254.14100326665775,
                    314.1003266657717
                ],
                [
                    253.13863158365777,
                    315.24589430348595
                ],
                [
                    249.70192867051506,
                    316.46305991855735
                ],
                [
                    246.26522575737235,
                    316.67785385062876
                ],
                [
                    241.46816127444401,
                    315.60388419027163
                ]
            ],
            "group_id": null,
            "description": "",
            "shape_type": "polygon",
            "flags": {},
            "mask": null
        }
    ],
    "imagePath": "IMG000577.jpeg",
    "imageData": null,
    "imageHeight": 512,
    "imageWidth": 512
}