{
    "version": "5.4.1",
    "flags": {},
    "shapes": [
        {
            "label": "simple bone cyst",
            "points": [
                [
                    210.8065764023211,
                    246.29271437782077
                ],
                [
                    236.85428755641522,
                    295.8091553836235
                ]
            ],
            "group_id": null,
            "description": "",
            "shape_type": "rectangle",
            "flags": {},
            "mask": null
        },
        {
            "label": "simple bone cyst",
            "points": [
                [
                    226.8645489961043,
                    294.555988412746
                ],
                [
                    222.46938367795426,
                    294.3162521226651
                ],
                [
                    219.43272400359604,
                    292.87783438217957
                ],
                [
                    214.87773449205872,
                    290.64029567475774
                ],
                [
                    213.83887723504148,
                    287.52372390370596
                ],
                [
                    212.87993207471783,
                    278.1740085905504
                ],
                [
                    212.6401957846369,
                    270.42253521126764
                ],
                [
                    212.80001997802418,
                    261.39246828488666
                ],
                [
                    213.51922884826692,
                    256.1981819998002
                ],
                [
                    215.35720707222055,
                    249.96503845769655
                ],
                [
                    216.79562481270602,
                    246.8484666866447
                ],
                [
                    221.75017480771155,
                    246.6087303965638
                ],
                [
                    226.54490060932974,
                    248.1270602337429
                ],
                [
                    230.3007691539307,
                    252.0427529717311
                ],
                [
                    231.89901108780342,
                    256.03835780641293
                ],
                [
                    233.89681350514434,
                    261.7121166716612
                ],
                [
                    235.01558285885525,
                    266.58675456997304
                ],
                [
                    236.21426430925982,
                    270.6622715013485
                ],
                [
                    236.21426430925982,
                    273.77884327240037
                ],
                [
                    236.21426430925982,
                    277.61462391369497
                ],
                [
                    236.13435221256617,
                    282.3294376186195
                ],
                [
                    235.9745280191789,
                    286.9643392268505
                ],
                [
                    234.93567076216164,
                    290.4804714813705
                ],
                [
                    233.65707721506345,
                    292.3983618020178
                ],
                [
                    230.5405054440116,
                    293.91669163919687
                ]
            ],
            "group_id": null,
            "description": "",
            "shape_type": "polygon",
            "flags": {},
            "mask": null
        }
    ],
    "imagePath": "IMG000433.jpeg",
    "imageData": null,
    "imageHeight": 512,
    "imageWidth": 512
}