{
    "version": "5.4.1",
    "flags": {},
    "shapes": [
        {
            "label": "multiple osteochondromas",
            "points": [
                [
                    267.41127993819214,
                    105.23429356290545
                ],
                [
                    278.74817512777855,
                    184.6298844372499
                ]
            ],
            "group_id": null,
            "description": "",
            "shape_type": "rectangle",
            "flags": {},
            "mask": null
        },
        {
            "label": "multiple osteochondromas",
            "points": [
                [
                    268.16474743386925,
                    106.61565063831353
                ],
                [
                    269.7972603411697,
                    171.41385526654648
                ],
                [
                    273.31344198766294,
                    176.93928356817875
                ],
                [
                    276.82962363415623,
                    183.21817936548814
                ],
                [
                    277.2063573819948,
                    178.19506272764062
                ],
                [
                    276.0761561384791,
                    170.0324981911384
                ],
                [
                    275.32268864280195,
                    161.11646615895907
                ],
                [
                    276.2017340544253,
                    150.94465496731783
                ],
                [
                    276.82962363415623,
                    140.0193762799995
                ],
                [
                    277.4575132138872,
                    128.84294176078876
                ],
                [
                    277.33193529794096,
                    124.95002636645695
                ],
                [
                    276.2017340544253,
                    121.18268888807131
                ],
                [
                    272.43439657603966,
                    117.54092932563188
                ],
                [
                    270.2995720049545,
                    112.26665685589197
                ]
            ],
            "group_id": null,
            "description": "",
            "shape_type": "polygon",
            "flags": {},
            "mask": null
        }
    ],
    "imagePath": "IMG000451.jpeg",
    "imageData": null,
    "imageHeight": 512,
    "imageWidth": 512
}