{
    "version": "5.4.1",
    "flags": {},
    "shapes": [
        {
            "label": "osteosarcoma",
            "points": [
                [
                    96.37533312013646,
                    26.02969996638049
                ],
                [
                    303.77326511032936,
                    249.17140209752938
                ]
            ],
            "group_id": null,
            "description": "",
            "shape_type": "rectangle",
            "flags": {},
            "mask": null
        },
        {
            "label": "osteosarcoma",
            "points": [
                [
                    150.5339024050249,
                    245.81273113412547
                ],
                [
                    140.4578895148131,
                    233.42763195657344
                ],
                [
                    124.71411937385716,
                    213.06568924093708
                ],
                [
                    119.88602986396401,
                    190.60457717317328
                ],
                [
                    105.82159520471004,
                    160.79637237296336
                ],
                [
                    102.4629242413061,
                    142.11376513902897
                ],
                [
                    99.3141702131149,
                    128.049330479775
                ],
                [
                    99.3141702131149,
                    105.79813534722393
                ],
                [
                    97.21500086098744,
                    89.00478053020426
                ],
                [
                    102.0430903708806,
                    45.34205800595311
                ],
                [
                    106.45134601034826,
                    38.624716079145244
                ],
                [
                    140.0380556443876,
                    27.289201577656964
                ],
                [
                    146.33556370077,
                    26.869367707231472
                ],
                [
                    171.73551286151223,
                    26.869367707231472
                ],
                [
                    200.4941329856584,
                    26.869367707231472
                ],
                [
                    230.72217165629385,
                    28.54870318893344
                ],
                [
                    249.19486195501548,
                    36.735463662230536
                ],
                [
                    261.7898780677802,
                    46.1817257468041
                ],
                [
                    269.7667216058646,
                    60.24616040605807
                ],
                [
                    273.545226439694,
                    87.95519585414053
                ],
                [
                    275.8543127270342,
                    107.8973046993514
                ],
                [
                    276.6939804678852,
                    119.23281920083966
                ],
                [
                    275.0146449861832,
                    137.91542643477405
                ],
                [
                    275.4344788566087,
                    148.6211901306241
                ],
                [
                    287.609661098948,
                    158.90711995604863
                ],
                [
                    295.3765877018196,
                    165.83437881806927
                ],
                [
                    298.315424794798,
                    171.9219699392389
                ],
                [
                    302.72368043426565,
                    194.59299894221544
                ],
                [
                    301.88401269341466,
                    205.08884570285272
                ],
                [
                    301.88401269341466,
                    212.43593843529882
                ],
                [
                    300.4145941469255,
                    222.51195132551067
                ],
                [
                    299.15509253564903,
                    227.13012390019105
                ],
                [
                    279.6328175608636,
                    210.3367690831714
                ],
                [
                    251.50394824235568,
                    203.19959328593802
                ],
                [
                    238.27918132395268,
                    199.21117151689586
                ],
                [
                    225.89408214640068,
                    202.77975941551253
                ],
                [
                    221.27590957172026,
                    208.0276827958312
                ],
                [
                    213.7188999040614,
                    216.00452633391552
                ],
                [
                    210.15031200544473,
                    221.2524497142342
                ],
                [
                    202.1734684673604,
                    231.32846260444595
                ],
                [
                    199.44454830959472,
                    233.6375488917862
                ],
                [
                    187.68919993768094,
                    239.09538920731757
                ],
                [
                    172.9950144727887,
                    246.02264806933817
                ],
                [
                    154.31240723885432,
                    247.91190048625293
                ]
            ],
            "group_id": null,
            "description": "",
            "shape_type": "polygon",
            "flags": {},
            "mask": null
        }
    ],
    "imagePath": "IMG000214.jpeg",
    "imageData": null,
    "imageHeight": 512,
    "imageWidth": 512
}