{
    "version": "5.4.1",
    "flags": {},
    "shapes": [
        {
            "label": "giant cell tumor",
            "points": [
                [
                    176.09273470558705,
                    179.91881230725096
                ],
                [
                    231.174137560066,
                    244.18044897080975
                ]
            ],
            "group_id": null,
            "description": "",
            "shape_type": "rectangle",
            "flags": {},
            "mask": null
        },
        {
            "label": "giant cell tumor",
            "points": [
                [
                    203.94938917975568,
                    242.48516579406632
                ],
                [
                    200.59860383944155,
                    240.69808027923213
                ],
                [
                    194.67888307155326,
                    233.43804537521814
                ],
                [
                    187.64223385689357,
                    224.6143106457243
                ],
                [
                    183.17452006980804,
                    216.1256544502618
                ],
                [
                    179.37696335078536,
                    207.5253054101222
                ],
                [
                    177.36649214659687,
                    202.05235602094243
                ],
                [
                    177.03141361256544,
                    198.25479930191972
                ],
                [
                    178.26003490401396,
                    193.78708551483422
                ],
                [
                    184.06806282722513,
                    191.77661431064575
                ],
                [
                    193.00349040139616,
                    192.8935427574171
                ],
                [
                    198.1413612565445,
                    194.0104712041885
                ],
                [
                    203.27923211169283,
                    194.23385689354276
                ],
                [
                    205.06631762652708,
                    193.78708551483422
                ],
                [
                    207.74694589877836,
                    190.88307155322863
                ],
                [
                    212.66143106457244,
                    186.41535776614313
                ],
                [
                    214.67190226876093,
                    183.51134380453752
                ],
                [
                    216.90575916230367,
                    181.83595113438045
                ],
                [
                    220.59162303664922,
                    181.0541012216405
                ],
                [
                    223.27225130890054,
                    182.39441535776618
                ],
                [
                    226.1762652705061,
                    185.8568935427574
                ],
                [
                    228.63350785340316,
                    192.8935427574171
                ],
                [
                    229.30366492146598,
                    198.25479930191972
                ],
                [
                    229.52705061082025,
                    207.74869109947645
                ],
                [
                    230.30890052356023,
                    211.99301919720767
                ],
                [
                    229.9738219895288,
                    222.2687609075044
                ],
                [
                    227.96335078534034,
                    232.99127399650962
                ],
                [
                    223.4956369982548,
                    238.68760907504367
                ],
                [
                    219.13961605584643,
                    243.49040139616056
                ],
                [
                    215.56544502617803,
                    243.9371727748691
                ]
            ],
            "group_id": null,
            "description": "",
            "shape_type": "polygon",
            "flags": {},
            "mask": null
        }
    ],
    "imagePath": "IMG000235.jpeg",
    "imageData": null,
    "imageHeight": 512,
    "imageWidth": 512
}