{
    "version": "5.4.1",
    "flags": {},
    "shapes": [
        {
            "label": "giant cell tumor",
            "points": [
                [
                    217.3968253968254,
                    277.8601307189542
                ],
                [
                    256.35854341736695,
                    319.09262371615307
                ]
            ],
            "group_id": null,
            "description": "",
            "shape_type": "rectangle",
            "flags": {},
            "mask": null
        },
        {
            "label": "giant cell tumor",
            "points": [
                [
                    255.55444165970482,
                    288.7688666109718
                ],
                [
                    247.71261487050964,
                    286.45196324143694
                ],
                [
                    244.95015316067946,
                    284.9370648844333
                ],
                [
                    245.30659983291565,
                    282.2637148426622
                ],
                [
                    244.50459482038428,
                    279.50125313283206
                ],
                [
                    240.94012809802283,
                    278.52102478418266
                ],
                [
                    237.01921470342523,
                    278.4319131161236
                ],
                [
                    231.67251461988306,
                    278.69924812030075
                ],
                [
                    228.99916457811196,
                    279.94681147312724
                ],
                [
                    227.66248955722642,
                    281.72904483430796
                ],
                [
                    226.86048454469505,
                    284.31328320802004
                ],
                [
                    225.9693678641047,
                    285.6499582289056
                ],
                [
                    224.00891116680592,
                    286.808409913673
                ],
                [
                    221.60289612921193,
                    287.9668615984405
                ],
                [
                    221.15733778891675,
                    288.23419660261766
                ],
                [
                    220.53355611250348,
                    290.0164299637984
                ],
                [
                    220.44444444444446,
                    292.95711500974653
                ],
                [
                    220.53355611250348,
                    295.7195767195767
                ],
                [
                    221.870231133389,
                    299.46226677805623
                ],
                [
                    221.33556112503481,
                    302.8485101642996
                ],
                [
                    219.99888610414928,
                    306.7694235588972
                ],
                [
                    219.73155109997217,
                    308.1060985797828
                ],
                [
                    217.94931773879142,
                    311.40323029796707
                ],
                [
                    217.86020607073237,
                    314.07658033973826
                ],
                [
                    217.94931773879142,
                    316.57170704539124
                ],
                [
                    219.28599275967696,
                    318.08660540239487
                ],
                [
                    220.8008911166806,
                    318.7103870788081
                ],
                [
                    224.92129173508485,
                    318.74603174603175
                ],
                [
                    232.20718462823726,
                    318.7103870788081
                ],
                [
                    240.40545808966863,
                    318.62127541074904
                ],
                [
                    243.52436647173488,
                    313.452798663325
                ],
                [
                    246.91060985797827,
                    308.729880256196
                ],
                [
                    246.6432748538012,
                    304.5416318574213
                ],
                [
                    248.9601782233361,
                    303.38318017265385
                ],
                [
                    250.3859649122807,
                    302.4029518240044
                ],
                [
                    251.09885825675298,
                    298.66026176552487
                ],
                [
                    250.8315232525759,
                    296.25424672793093
                ],
                [
                    252.43553327763854,
                    292.42244500139236
                ],
                [
                    255.19799498746866,
                    290.28376496797546
                ]
            ],
            "group_id": null,
            "description": "",
            "shape_type": "polygon",
            "flags": {},
            "mask": null
        }
    ],
    "imagePath": "IMG000346.jpeg",
    "imageData": null,
    "imageHeight": 512,
    "imageWidth": 512
}