{
    "version": "5.4.1",
    "flags": {},
    "shapes": [
        {
            "label": "osteochondroma",
            "points": [
                [
                    162.634789973403,
                    140.74465461137277
                ],
                [
                    203.33552250338033,
                    216.82079018142377
                ]
            ],
            "group_id": null,
            "description": "",
            "shape_type": "rectangle",
            "flags": {},
            "mask": null
        },
        {
            "label": "osteochondroma",
            "points": [
                [
                    201.57816377171216,
                    153.30355665839537
                ],
                [
                    200.5194375516956,
                    214.70967741935485
                ],
                [
                    197.7667493796526,
                    211.3217535153019
                ],
                [
                    193.53184449958644,
                    197.77005789909015
                ],
                [
                    183.1563275434243,
                    191.4177005789909
                ],
                [
                    177.43920595533498,
                    186.75930521091811
                ],
                [
                    170.2398676592225,
                    183.15963606286186
                ],
                [
                    166.85194375516954,
                    175.9602977667494
                ],
                [
                    163.04052936311,
                    157.75020678246486
                ],
                [
                    165.79321753515302,
                    150.33912324234905
                ],
                [
                    172.99255583126552,
                    143.13978494623657
                ],
                [
                    181.46236559139783,
                    145.04549214226634
                ],
                [
                    189.93217535153016,
                    151.60959470636888
                ],
                [
                    192.47311827956986,
                    156.479735318445
                ],
                [
                    195.86104218362283,
                    157.96195202646814
                ]
            ],
            "group_id": null,
            "description": "",
            "shape_type": "polygon",
            "flags": {},
            "mask": null
        }
    ],
    "imagePath": "IMG001544.jpeg",
    "imageData": null,
    "imageHeight": 512,
    "imageWidth": 512
}