{
    "version": "5.4.1",
    "flags": {},
    "shapes": [
        {
            "label": "osteochondroma",
            "points": [
                [
                    285.0920403787443,
                    366.55616704870965
                ],
                [
                    302.4983893606923,
                    391.028459676795
                ]
            ],
            "group_id": null,
            "description": "",
            "shape_type": "rectangle",
            "flags": {},
            "mask": null
        },
        {
            "label": "osteochondroma",
            "points": [
                [
                    294.35709533562306,
                    367.0639416025747
                ],
                [
                    287.3917450461145,
                    387.0058348971951
                ],
                [
                    287.48716080350505,
                    390.1545548910825
                ],
                [
                    289.96797049565873,
                    387.8645767137098
                ],
                [
                    291.68545412868826,
                    387.3874979267572
                ],
                [
                    293.49835351910826,
                    389.20039731717725
                ],
                [
                    296.36082624082417,
                    389.6774761041299
                ],
                [
                    297.98289411646317,
                    388.3416555006625
                ],
                [
                    298.07830987385364,
                    387.19666641197614
                ],
                [
                    299.9866250216642,
                    386.7195876250235
                ],
                [
                    301.8949401694748,
                    384.52502520504135
                ],
                [
                    301.4178613825221,
                    379.7542373355149
                ],
                [
                    299.6049619921021,
                    381.3763052111539
                ],
                [
                    298.84163593297785,
                    383.189204601574
                ],
                [
                    297.1241522999484,
                    381.47172096854445
                ],
                [
                    295.3112529095283,
                    378.2275852172665
                ],
                [
                    295.97916321126206,
                    372.1209767442727
                ],
                [
                    296.2654104834336,
                    369.4493355373379
                ],
                [
                    295.788331696481,
                    367.7318519043084
                ]
            ],
            "group_id": null,
            "description": "",
            "shape_type": "polygon",
            "flags": {},
            "mask": null
        }
    ],
    "imagePath": "IMG001047.jpeg",
    "imageData": null,
    "imageHeight": 512,
    "imageWidth": 512
}