{
    "version": "5.4.1",
    "flags": {},
    "shapes": [
        {
            "label": "synovial osteochondroma",
            "points": [
                [
                    156.0723578357008,
                    310.97062474141495
                ],
                [
                    191.0953891417276,
                    347.405875051717
                ]
            ],
            "group_id": null,
            "description": "",
            "shape_type": "rectangle",
            "flags": {},
            "mask": null
        },
        {
            "label": "synovial osteochondroma",
            "points": [
                [
                    156.44894957017422,
                    346.08780398106006
                ],
                [
                    158.2377603089229,
                    343.922401507838
                ],
                [
                    158.42605617615962,
                    340.6272238311957
                ],
                [
                    160.7797545166184,
                    337.61448995540843
                ],
                [
                    161.43879005194685,
                    336.39056681836985
                ],
                [
                    161.90952972003862,
                    331.96561393830734
                ],
                [
                    165.95789086562775,
                    328.19969659357326
                ],
                [
                    169.25306854227003,
                    326.97577345653474
                ],
                [
                    170.75943548016366,
                    325.56355445225944
                ],
                [
                    172.8306900197674,
                    322.64496851009056
                ],
                [
                    173.48972555509584,
                    320.9503057049602
                ],
                [
                    171.60676688272883,
                    316.61950075851604
                ],
                [
                    174.05461315680594,
                    312.94773134740035
                ],
                [
                    181.02156024456397,
                    312.6652875465453
                ],
                [
                    182.81037098331265,
                    311.5355123431251
                ],
                [
                    189.96561393830734,
                    312.6652875465453
                ],
                [
                    190.4363536063991,
                    314.26580241805726
                ],
                [
                    190.0597618719257,
                    318.5024594308831
                ],
                [
                    189.21243046936053,
                    321.32689743943365
                ],
                [
                    188.17680319955866,
                    324.8103709833126
                ],
                [
                    186.0114007263366,
                    328.9528800625201
                ],
                [
                    184.78747758929802,
                    332.8129453408725
                ],
                [
                    182.43377924883924,
                    338.2735254907369
                ],
                [
                    180.83326437732728,
                    341.3804073001425
                ],
                [
                    178.76200983772353,
                    343.6399577069829
                ],
                [
                    177.72638256792166,
                    344.2989932423114
                ],
                [
                    177.25564289982992,
                    344.58143704316643
                ],
                [
                    173.7721693559509,
                    346.2760998482968
                ],
                [
                    171.41847101549212,
                    346.4643957155335
                ],
                [
                    168.59403300694157,
                    346.55854364915183
                ],
                [
                    163.98078425964235,
                    346.9351353836252
                ],
                [
                    160.2148669149083,
                    346.9351353836252
                ]
            ],
            "group_id": null,
            "description": "",
            "shape_type": "polygon",
            "flags": {},
            "mask": null
        }
    ],
    "imagePath": "IMG000246.jpeg",
    "imageData": null,
    "imageHeight": 512,
    "imageWidth": 512
}