{
    "version": "5.4.1",
    "flags": {},
    "shapes": [
        {
            "label": "multiple osteochondromas",
            "points": [
                [
                    353.3064979873491,
                    193.1230235678529
                ],
                [
                    381.6075352938292,
                    303.588362731856
                ]
            ],
            "group_id": null,
            "description": "",
            "shape_type": "rectangle",
            "flags": {},
            "mask": null
        },
        {
            "label": "multiple osteochondromas",
            "points": [
                [
                    94.4889471361515,
                    161.3984736839759
                ],
                [
                    183.27203997664168,
                    258.3979967102184
                ]
            ],
            "group_id": null,
            "description": "",
            "shape_type": "rectangle",
            "flags": {},
            "mask": null
        },
        {
            "label": "multiple osteochondromas",
            "points": [
                [
                    129.93735638806234,
                    251.36905641449712
                ],
                [
                    114.14699084272671,
                    232.6288423606922
                ],
                [
                    102.86815831034411,
                    219.0942433218331
                ],
                [
                    95.92733829041639,
                    197.2306602590607
                ],
                [
                    103.90928131333328,
                    179.01100770675038
                ],
                [
                    116.92331885069781,
                    171.02906468383344
                ],
                [
                    121.95541336514542,
                    165.64992916838946
                ],
                [
                    151.97445995133293,
                    164.4352856649021
                ],
                [
                    167.59130499617038,
                    166.51753167088043
                ],
                [
                    174.35860451559992,
                    175.71411819728468
                ],
                [
                    178.52309652755656,
                    187.86055323215822
                ],
                [
                    179.04365802905116,
                    199.1393857645408
                ],
                [
                    181.12590403502946,
                    215.10327181037465
                ],
                [
                    181.64646553652406,
                    226.72914534375363
                ],
                [
                    178.52309652755656,
                    239.91670338161632
                ],
                [
                    173.83804301410535,
                    248.07216690503145
                ],
                [
                    168.45890749866135,
                    251.8896179159917
                ],
                [
                    162.9062514827191,
                    256.22763042844656
                ],
                [
                    152.3215009523293,
                    257.2687534314357
                ]
            ],
            "group_id": null,
            "description": "",
            "shape_type": "polygon",
            "flags": {},
            "mask": null
        },
        {
            "label": "multiple osteochondromas",
            "points": [
                [
                    369.87755302002245,
                    195.64263843504588
                ],
                [
                    380.4124808324474,
                    200.65927072667682
                ],
                [
                    376.90083822830576,
                    299.4869268718065
                ],
                [
                    368.62339494711466,
                    301.7444114030404
                ],
                [
                    365.11175234297303,
                    298.48360041348025
                ],
                [
                    360.8476148950868,
                    296.22611588224635
                ],
                [
                    359.34262520759745,
                    284.9386932260767
                ],
                [
                    364.86092072839153,
                    278.667902861538
                ],
                [
                    365.3625839575546,
                    234.01987546602263
                ],
                [
                    357.8376355201082,
                    228.50157994522857
                ],
                [
                    354.075161301385,
                    216.9633256744774
                ],
                [
                    360.0951200513421,
                    199.4051126537691
                ],
                [
                    367.11840525962543,
                    195.39180682046435
                ]
            ],
            "group_id": null,
            "description": "",
            "shape_type": "polygon",
            "flags": {},
            "mask": null
        }
    ],
    "imagePath": "IMG000967.jpeg",
    "imageData": null,
    "imageHeight": 512,
    "imageWidth": 512
}