{
    "version": "5.4.1",
    "flags": {},
    "shapes": [
        {
            "label": "osteochondroma",
            "points": [
                [
                    259.50169284733875,
                    376.62752274922474
                ],
                [
                    285.8768983105417,
                    408.98920576822053
                ]
            ],
            "group_id": null,
            "description": "",
            "shape_type": "rectangle",
            "flags": {},
            "mask": null
        },
        {
            "label": "osteochondroma",
            "points": [
                [
                    273.383379933235,
                    379.1435785335434
                ],
                [
                    275.55239354040634,
                    383.2213241150255
                ],
                [
                    277.80816769186447,
                    386.0844220764916
                ],
                [
                    280.41098402047004,
                    389.46808330367884
                ],
                [
                    281.79915272905964,
                    392.5914628980055
                ],
                [
                    283.27408198193615,
                    395.4545608594716
                ],
                [
                    283.7078847033704,
                    398.2308982766509
                ],
                [
                    284.1416874248047,
                    401.9616016809855
                ],
                [
                    285.26957450053374,
                    405.6055445410333
                ],
                [
                    285.09605341196004,
                    407.16723433819664
                ],
                [
                    285.1828139562469,
                    408.03483978106516
                ],
                [
                    282.6667581719282,
                    408.20836086963885
                ],
                [
                    278.76253367901984,
                    407.6010370596309
                ],
                [
                    277.6346466032908,
                    406.0393472624676
                ],
                [
                    273.383379933235,
                    407.6877976039178
                ],
                [
                    270.3467608831952,
                    407.5142765153441
                ],
                [
                    265.74845203599205,
                    407.2539948824835
                ],
                [
                    263.8397200616813,
                    406.4731499839018
                ],
                [
                    262.7985935302391,
                    405.51878399674644
                ],
                [
                    261.67070645451,
                    403.95709419958314
                ],
                [
                    260.7163404673546,
                    396.4956873909139
                ],
                [
                    259.7619744801992,
                    389.9886465693999
                ],
                [
                    259.7619744801992,
                    388.94752003795776
                ],
                [
                    260.8898615559283,
                    386.86526697507327
                ],
                [
                    262.1912697202311,
                    385.65061935505736
                ],
                [
                    262.1912697202311,
                    382.35371867215696
                ],
                [
                    264.1000016945419,
                    380.0979445206988
                ],
                [
                    266.18225475742634,
                    378.1024520021012
                ],
                [
                    268.95859217460554,
                    377.23484655923266
                ],
                [
                    272.1687323132191,
                    378.01569145781434
                ]
            ],
            "group_id": null,
            "description": "",
            "shape_type": "polygon",
            "flags": {},
            "mask": null
        }
    ],
    "imagePath": "IMG000724.jpeg",
    "imageData": null,
    "imageHeight": 512,
    "imageWidth": 512
}