{
    "version": "5.4.1",
    "flags": {},
    "shapes": [
        {
            "label": "multiple osteochondromas",
            "points": [
                [
                    207.4659869281046,
                    105.69859943977592
                ],
                [
                    246.47551073762838,
                    210.87133520074698
                ]
            ],
            "group_id": null,
            "description": "",
            "shape_type": "rectangle",
            "flags": {},
            "mask": null
        },
        {
            "label": "multiple osteochondromas",
            "points": [
                [
                    231.94255088702144,
                    109.52306255835668
                ],
                [
                    219.32182259570493,
                    110.28795518207284
                ],
                [
                    210.14311111111112,
                    119.08422035480861
                ],
                [
                    208.6133258636788,
                    144.32567693744167
                ],
                [
                    215.87980578898225,
                    163.0655462184874
                ],
                [
                    220.46916153127918,
                    169.18468720821664
                ],
                [
                    226.97074883286646,
                    179.5107376283847
                ],
                [
                    239.9739234360411,
                    200.927731092437
                ],
                [
                    243.41594024276378,
                    205.899533146592
                ]
            ],
            "group_id": null,
            "description": "",
            "shape_type": "polygon",
            "flags": {},
            "mask": null
        },
        {
            "label": "multiple osteochondromas",
            "points": [
                [
                    331.7610382819795,
                    234.58300653594776
                ],
                [
                    339.40996451914106,
                    264.4138188608777
                ],
                [
                    342.4695350140056,
                    270.915406162465
                ],
                [
                    347.0588907563025,
                    251.7930905695612
                ],
                [
                    344.381766573296,
                    239.9372549019608
                ],
                [
                    335.2030550887022,
                    232.67077497665736
                ]
            ],
            "group_id": null,
            "description": "",
            "shape_type": "polygon",
            "flags": {},
            "mask": null
        },
        {
            "label": "multiple osteochondromas",
            "points": [
                [
                    209.37821848739492,
                    270.915406162465
                ],
                [
                    221.2340541549953,
                    262.8840336134454
                ],
                [
                    255.27177591036417,
                    272.8276377217554
                ],
                [
                    259.47868534080294,
                    300.74621848739497
                ],
                [
                    262.53825583566766,
                    316.8089635854342
                ],
                [
                    265.98027264239033,
                    336.31372549019613
                ],
                [
                    267.1276115779645,
                    359.6429505135388
                ],
                [
                    260.24357796451915,
                    369.58655462184873
                ],
                [
                    235.76701400560225,
                    384.5019607843138
                ],
                [
                    231.94255088702144,
                    391.38599439775913
                ],
                [
                    220.0867152194211,
                    382.2072829131653
                ],
                [
                    217.0271447245565,
                    364.2323062558357
                ],
                [
                    213.5851279178338,
                    340.52063492063496
                ],
                [
                    209.76066479925305,
                    323.3105508870215
                ],
                [
                    204.78886274509804,
                    312.98450046685343
                ]
            ],
            "group_id": null,
            "description": "",
            "shape_type": "polygon",
            "flags": {},
            "mask": null
        },
        {
            "label": "multiple osteochondromas",
            "points": [
                [
                    328.3190214752567,
                    226.9340802987862
                ],
                [
                    348.5886760037348,
                    274.35742296918767
                ]
            ],
            "group_id": null,
            "description": "",
            "shape_type": "rectangle",
            "flags": {},
            "mask": null
        },
        {
            "label": "multiple osteochondromas",
            "points": [
                [
                    203.25907749766571,
                    260.2069094304389
                ],
                [
                    269.42228944911295,
                    394.06311858076566
                ]
            ],
            "group_id": null,
            "description": "",
            "shape_type": "rectangle",
            "flags": {},
            "mask": null
        }
    ],
    "imagePath": "IMG001797.jpeg",
    "imageData": null,
    "imageHeight": 512,
    "imageWidth": 512
}