{
    "version": "5.4.1",
    "flags": {},
    "shapes": [
        {
            "label": "osteofibroma",
            "points": [
                [
                    216.57121495327104,
                    271.3121495327103
                ],
                [
                    246.42990654205607,
                    283.5618691588785
                ]
            ],
            "group_id": null,
            "description": "",
            "shape_type": "rectangle",
            "flags": {},
            "mask": null
        },
        {
            "label": "osteofibroma",
            "points": [
                [
                    221.72549483013293,
                    272.97087149187587
                ],
                [
                    219.97093057607088,
                    273.51539143279166
                ],
                [
                    218.0348596750369,
                    276.7825110782866
                ],
                [
                    218.21636632200887,
                    278.96059084194974
                ],
                [
                    218.27686853766616,
                    280.2311373707533
                ],
                [
                    219.24490398818315,
                    281.07816838995564
                ],
                [
                    222.1490103397341,
                    281.92519940915804
                ],
                [
                    229.22776957163956,
                    282.2277104874446
                ],
                [
                    233.88644017725258,
                    282.1672082717873
                ],
                [
                    236.6695420974889,
                    281.2596750369276
                ],
                [
                    241.3887149187592,
                    279.80762186115214
                ],
                [
                    242.71976366322005,
                    277.6900443131462
                ],
                [
                    243.9903101920236,
                    274.78593796159527
                ],
                [
                    244.4743279172821,
                    273.75740029542095
                ],
                [
                    243.62729689807972,
                    272.60785819793205
                ]
            ],
            "group_id": null,
            "description": "",
            "shape_type": "polygon",
            "flags": {},
            "mask": null
        }
    ],
    "imagePath": "IMG000389.jpeg",
    "imageData": null,
    "imageHeight": 512,
    "imageWidth": 512
}