{
    "version": "5.4.1",
    "flags": {},
    "shapes": [
        {
            "label": "osteochondroma",
            "points": [
                [
                    346.24008801597324,
                    384.7145593089116
                ],
                [
                    370.23259035899105,
                    416.0091275824131
                ]
            ],
            "group_id": null,
            "description": "",
            "shape_type": "rectangle",
            "flags": {},
            "mask": null
        },
        {
            "label": "osteochondroma",
            "points": [
                [
                    346.65358673775097,
                    386.3068201023246
                ],
                [
                    362.30771121729373,
                    412.344584940157
                ],
                [
                    362.386375159402,
                    410.8499700401002
                ],
                [
                    363.40900640680934,
                    410.6139782137754
                ],
                [
                    364.5889655384332,
                    411.95126522961573
                ],
                [
                    365.37560495951567,
                    412.7379046506983
                ],
                [
                    367.49953139643856,
                    413.9965277244304
                ],
                [
                    368.99414629649544,
                    414.4685113770799
                ],
                [
                    369.5447938912532,
                    412.7379046506983
                ],
                [
                    369.7021217754697,
                    410.5353142716672
                ],
                [
                    367.9715150490881,
                    406.75944505047096
                ],
                [
                    366.3195722648148,
                    403.61288736614074
                ],
                [
                    364.74629342264967,
                    401.72495275554263
                ],
                [
                    361.20641602777823,
                    397.94908353434636
                ],
                [
                    357.2732189223654,
                    393.8585585447171
                ],
                [
                    355.0706285433343,
                    392.1279518183355
                ],
                [
                    351.05876749581324,
                    388.588074423464
                ],
                [
                    348.69884923256564,
                    386.85746769708237
                ]
            ],
            "group_id": null,
            "description": "",
            "shape_type": "polygon",
            "flags": {},
            "mask": null
        }
    ],
    "imagePath": "IMG001226.jpeg",
    "imageData": null,
    "imageHeight": 512,
    "imageWidth": 512
}