{
    "version": "5.4.1",
    "flags": {},
    "shapes": [
        {
            "label": "synovial osteochondroma",
            "points": [
                [
                    40.76723248282979,
                    222.28390448738477
                ],
                [
                    179.01142308102914,
                    357.79509625991955
                ]
            ],
            "group_id": null,
            "description": "",
            "shape_type": "rectangle",
            "flags": {},
            "mask": null
        },
        {
            "label": "synovial osteochondroma",
            "points": [
                [
                    305.61911201262114,
                    232.53669897077606
                ],
                [
                    400.15657805772037,
                    307.91786769154123
                ]
            ],
            "group_id": null,
            "description": "",
            "shape_type": "rectangle",
            "flags": {},
            "mask": null
        },
        {
            "label": "synovial osteochondroma",
            "points": [
                [
                    91.09996085548556,
                    307.23461798512506
                ],
                [
                    71.9689690758336,
                    304.95711896373797
                ],
                [
                    61.72022347959147,
                    294.2528735632184
                ],
                [
                    42.361481797800785,
                    286.96487669477955
                ],
                [
                    41.45048218924593,
                    272.61663286004057
                ],
                [
                    41.90598199352336,
                    257.81288922102414
                ],
                [
                    51.471477883349344,
                    247.33639372264332
                ],
                [
                    61.72022347959147,
                    240.7316465606206
                ],
                [
                    76.29621721646916,
                    234.12689939859789
                ],
                [
                    97.70470801750828,
                    222.96715419380092
                ],
                [
                    124.5791964698765,
                    223.65040390021707
                ],
                [
                    140.52168961958648,
                    232.76039998576562
                ],
                [
                    153.04793423721577,
                    247.1086438205046
                ],
                [
                    155.0976833564642,
                    260.54588804668873
                ],
                [
                    154.86993345432546,
                    275.80513148998256
                ],
                [
                    159.19718159496102,
                    296.0748727803281
                ],
                [
                    165.3464289527063,
                    309.5121170065122
                ],
                [
                    176.27842425536457,
                    310.1953667129284
                ],
                [
                    178.32817337461302,
                    316.34461407067363
                ],
                [
                    177.18942386391942,
                    327.5043592754706
                ],
                [
                    169.9014269954806,
                    337.52535496957404
                ],
                [
                    165.57417885484503,
                    345.0411017401516
                ],
                [
                    154.86993345432546,
                    352.55684851072914
                ],
                [
                    149.85943560727375,
                    353.92334792356144
                ],
                [
                    140.29393971744776,
                    357.1118465535034
                ],
                [
                    120.02419842710223,
                    348.9128500765097
                ],
                [
                    116.60794989502153,
                    341.8526031102096
                ],
                [
                    112.96395146080211,
                    330.4651080032739
                ],
                [
                    110.23095263513754,
                    322.2661115262802
                ],
                [
                    102.25970606028255,
                    313.6116152450091
                ]
            ],
            "group_id": null,
            "description": "",
            "shape_type": "polygon",
            "flags": {},
            "mask": null
        },
        {
            "label": "synovial osteochondroma",
            "points": [
                [
                    330.0096081989965,
                    305.18486886587664
                ],
                [
                    317.7111134835059,
                    300.4021209209637
                ],
                [
                    309.0566172022348,
                    291.0643749332764
                ],
                [
                    307.23461798512506,
                    271.25013344720827
                ],
                [
                    311.33411622362195,
                    254.39664068894345
                ],
                [
                    315.88911426639623,
                    243.69239528842388
                ],
                [
                    322.2661115262802,
                    237.77089783281735
                ],
                [
                    352.32909860859047,
                    232.76039998576562
                ],
                [
                    370.32134087754883,
                    232.30490018148822
                ],
                [
                    386.94708373367496,
                    236.17664851784633
                ],
                [
                    391.95758158072664,
                    242.09814597345292
                ],
                [
                    397.1958293299171,
                    254.8521404932209
                ],
                [
                    399.24557844916546,
                    261.912387459521
                ],
                [
                    398.3345788406106,
                    269.65588413223725
                ],
                [
                    384.2140849080104,
                    286.05387708622465
                ],
                [
                    375.1040888224618,
                    292.20312444396995
                ],
                [
                    359.16159567275184,
                    300.6298708231024
                ],
                [
                    340.4861036973773,
                    306.7791181808476
                ]
            ],
            "group_id": null,
            "description": "",
            "shape_type": "polygon",
            "flags": {},
            "mask": null
        }
    ],
    "imagePath": "IMG001201.jpeg",
    "imageData": null,
    "imageHeight": 512,
    "imageWidth": 512
}