{
    "version": "5.4.1",
    "flags": {},
    "shapes": [
        {
            "label": "multiple osteochondromas",
            "points": [
                [
                    229.2908982748364,
                    64.49494348602022
                ],
                [
                    342.3664485425342,
                    236.20226055919096
                ]
            ],
            "group_id": null,
            "description": "",
            "shape_type": "rectangle",
            "flags": {},
            "mask": null
        },
        {
            "label": "multiple osteochondromas",
            "points": [
                [
                    231.57525282569898,
                    153.96549672813802
                ],
                [
                    233.47888161808447,
                    132.6448542534206
                ],
                [
                    234.24033313503867,
                    113.22784057108866
                ],
                [
                    243.75847709696606,
                    90.00356930398573
                ],
                [
                    261.65258774538967,
                    72.87091017251636
                ],
                [
                    272.31290898274835,
                    68.68292682926828
                ],
                [
                    300.1058893515765,
                    76.67816775728733
                ],
                [
                    323.71088637715644,
                    99.90243902439023
                ],
                [
                    332.0868530636526,
                    117.79654967281381
                ],
                [
                    338.1784651992861,
                    140.64009518143965
                ],
                [
                    338.55919095776324,
                    164.24509220701967
                ],
                [
                    336.2748364069007,
                    188.23081499107676
                ],
                [
                    316.85782272456873,
                    198.5104104699584
                ],
                [
                    310.7662105889351,
                    201.93694229625225
                ],
                [
                    310.7662105889351,
                    223.2575847709697
                ],
                [
                    304.6745984533016,
                    232.7757287328971
                ],
                [
                    288.3033908387864,
                    234.67935752528257
                ],
                [
                    273.83581201665675,
                    225.92266508030932
                ],
                [
                    252.51516954193931,
                    186.32718619869127
                ],
                [
                    239.95121951219508,
                    169.1945270672219
                ]
            ],
            "group_id": null,
            "description": "",
            "shape_type": "polygon",
            "flags": {},
            "mask": null
        }
    ],
    "imagePath": "IMG001714.jpeg",
    "imageData": null,
    "imageHeight": 512,
    "imageWidth": 512
}