{
    "version": "5.4.1",
    "flags": {},
    "shapes": [
        {
            "label": "simple bone cyst",
            "points": [
                [
                    253.47945700020924,
                    194.94144988656737
                ],
                [
                    273.01366524858776,
                    230.64914238360333
                ]
            ],
            "group_id": null,
            "description": "",
            "shape_type": "rectangle",
            "flags": {},
            "mask": null
        },
        {
            "label": "simple bone cyst",
            "points": [
                [
                    256.70180354983444,
                    196.69777975430782
                ],
                [
                    261.2245375376565,
                    195.60608534345425
                ],
                [
                    266.3710969031091,
                    196.22991072108488
                ],
                [
                    271.5176562685617,
                    198.10138685397672
                ],
                [
                    272.2974379906,
                    206.05516041876714
                ],
                [
                    272.14148164619235,
                    222.89844561479393
                ],
                [
                    270.42596185770816,
                    226.32948519176236
                ],
                [
                    267.15087862514736,
                    228.9807430466925
                ],
                [
                    261.2245375376565,
                    229.2926557355078
                ],
                [
                    256.8577598942421,
                    227.26522325820827
                ],
                [
                    255.45415279457322,
                    224.14609637005518
                ],
                [
                    254.8303274169426,
                    218.84358066019487
                ],
                [
                    255.14224010575793,
                    214.16489032796522
                ],
                [
                    255.14224010575793,
                    206.99089848521308
                ],
                [
                    255.14224010575793,
                    201.3764700865375
                ]
            ],
            "group_id": null,
            "description": "",
            "shape_type": "polygon",
            "flags": {},
            "mask": null
        }
    ],
    "imagePath": "IMG000307.jpeg",
    "imageData": null,
    "imageHeight": 512,
    "imageWidth": 512
}