{
    "version": "5.4.1",
    "flags": {},
    "shapes": [
        {
            "label": "osteochondroma",
            "points": [
                [
                    228.73603450005015,
                    383.59538959278206
                ],
                [
                    248.89402558289532,
                    407.293954165594
                ]
            ],
            "group_id": null,
            "description": "",
            "shape_type": "rectangle",
            "flags": {},
            "mask": null
        },
        {
            "label": "osteochondroma",
            "points": [
                [
                    230.4694691037129,
                    386.74348732342906
                ],
                [
                    235.99683604746764,
                    384.9010316755108
                ],
                [
                    244.2170227843336,
                    384.9010316755108
                ],
                [
                    245.77602371718754,
                    390.14494390420117
                ],
                [
                    244.64220485693014,
                    397.7982212109385
                ],
                [
                    248.04366143770227,
                    400.4910410040498
                ],
                [
                    246.05947843225186,
                    404.8845890875471
                ],
                [
                    242.7997492090119,
                    406.5853173779332
                ],
                [
                    236.9889275501928,
                    405.73495323274017
                ],
                [
                    234.15438039954938,
                    403.60904286975756
                ],
                [
                    233.72919832695285,
                    398.50685799859934
                ]
            ],
            "group_id": null,
            "description": "",
            "shape_type": "polygon",
            "flags": {},
            "mask": null
        }
    ],
    "imagePath": "IMG001058.jpeg",
    "imageData": null,
    "imageHeight": 512,
    "imageWidth": 512
}