{
    "version": "5.4.1",
    "flags": {},
    "shapes": [
        {
            "label": "osteosarcoma",
            "points": [
                [
                    211.43741230557964,
                    72.19846553422695
                ],
                [
                    263.4062453354031,
                    147.4768486730155
                ]
            ],
            "group_id": null,
            "description": "",
            "shape_type": "rectangle",
            "flags": {},
            "mask": null
        },
        {
            "label": "osteosarcoma",
            "points": [
                [
                    251.3177081610374,
                    146.08488537497104
                ],
                [
                    237.55608852426474,
                    147.14347150087661
                ],
                [
                    232.68659234509903,
                    145.2380164742466
                ],
                [
                    227.81709616593335,
                    144.60286479870322
                ],
                [
                    214.26719375434186,
                    114.96245327334677
                ],
                [
                    213.4203248536174,
                    105.22346091501538
                ],
                [
                    212.78517317807405,
                    96.54305468258957
                ],
                [
                    214.05547652916073,
                    84.89860729762809
                ],
                [
                    219.983558834232,
                    77.27678719110787
                ],
                [
                    225.4882066889411,
                    76.4299182903834
                ],
                [
                    230.35770286810677,
                    78.12365609183234
                ],
                [
                    239.88497800125705,
                    88.28608290052598
                ],
                [
                    246.87164643223394,
                    100.14224751066855
                ],
                [
                    247.71851533295842,
                    105.85861259055874
                ],
                [
                    249.41225313440734,
                    117.7147772007013
                ],
                [
                    251.3177081610374,
                    125.54831453240264
                ],
                [
                    251.74114261139962,
                    130.41781071156834
                ],
                [
                    253.43488041284857,
                    136.13417579145852
                ],
                [
                    253.64659763802968,
                    143.1208442224354
                ]
            ],
            "group_id": null,
            "description": "",
            "shape_type": "polygon",
            "flags": {},
            "mask": null
        }
    ],
    "imagePath": "IMG000047.jpeg",
    "imageData": null,
    "imageHeight": 512,
    "imageWidth": 512
}