{
    "version": "5.4.1",
    "flags": {},
    "shapes": [
        {
            "label": "osteochondroma",
            "points": [
                [
                    328.2537741198829,
                    142.41316842153662
                ],
                [
                    357.4842368231489,
                    183.2181096448879
                ]
            ],
            "group_id": null,
            "description": "",
            "shape_type": "rectangle",
            "flags": {},
            "mask": null
        },
        {
            "label": "osteochondroma",
            "points": [
                [
                    329.83063561652966,
                    151.20994404529716
                ],
                [
                    336.9430506704007,
                    181.22433557263273
                ],
                [
                    340.78375479949096,
                    179.3751076586263
                ],
                [
                    344.3399623264265,
                    173.54292731445207
                ],
                [
                    350.7411358749104,
                    169.84447148643918
                ],
                [
                    353.3016052943039,
                    161.4518217228714
                ],
                [
                    354.7240883050781,
                    154.9083998733101
                ],
                [
                    352.87486039107165,
                    146.9424950129746
                ],
                [
                    349.1764045630588,
                    144.09752899142617
                ],
                [
                    340.3570098962587,
                    145.5200120022004
                ],
                [
                    333.10234654131034,
                    148.93397122805845
                ]
            ],
            "group_id": null,
            "description": "",
            "shape_type": "polygon",
            "flags": {},
            "mask": null
        }
    ],
    "imagePath": "IMG000985.jpeg",
    "imageData": null,
    "imageHeight": 512,
    "imageWidth": 512
}