{
    "version": "5.4.1",
    "flags": {},
    "shapes": [
        {
            "label": "osteochondroma",
            "points": [
                [
                    214.79282592151077,
                    316.51764896045904
                ],
                [
                    232.034321351841,
                    346.86268091784024
                ]
            ],
            "group_id": null,
            "description": "",
            "shape_type": "rectangle",
            "flags": {},
            "mask": null
        },
        {
            "label": "osteochondroma",
            "points": [
                [
                    216.4659731351295,
                    317.7755559699965
                ],
                [
                    231.13839547673092,
                    345.0243403186849
                ],
                [
                    228.227200567683,
                    345.1407881150468
                ],
                [
                    223.5692887132064,
                    343.74341455870376
                ],
                [
                    219.959407025987,
                    341.76380202055117
                ],
                [
                    217.51400330238675,
                    335.9414122024554
                ],
                [
                    216.00018194968186,
                    328.4887532352928
                ],
                [
                    215.88373415331992,
                    324.4130803626257
                ],
                [
                    216.00018194968186,
                    320.10451189723483
                ]
            ],
            "group_id": null,
            "description": "",
            "shape_type": "polygon",
            "flags": {},
            "mask": null
        }
    ],
    "imagePath": "IMG000988.jpeg",
    "imageData": null,
    "imageHeight": 512,
    "imageWidth": 512
}