{
    "version": "5.4.1",
    "flags": {},
    "shapes": [
        {
            "label": "osteochondroma",
            "points": [
                [
                    419.671924910315,
                    388.28885940341047
                ],
                [
                    423.57187085360454,
                    396.46616541353376
                ]
            ],
            "group_id": null,
            "description": "",
            "shape_type": "rectangle",
            "flags": {},
            "mask": null
        },
        {
            "label": "osteochondroma",
            "points": [
                [
                    420.50945428502143,
                    388.56006135557476
                ],
                [
                    419.9897364755508,
                    394.62343579939886
                ],
                [
                    420.6249471315705,
                    393.6994930270066
                ],
                [
                    422.0108612901588,
                    393.98822514337917
                ],
                [
                    422.4728326763549,
                    394.5079429528498
                ],
                [
                    423.4085454434159,
                    393.9324144554713
                ],
                [
                    423.4085454434159,
                    392.74058038112133
                ],
                [
                    422.9348040625511,
                    391.505128942575
                ],
                [
                    421.95311486688433,
                    389.8882290908886
                ]
            ],
            "group_id": null,
            "description": "",
            "shape_type": "polygon",
            "flags": {},
            "mask": null
        }
    ],
    "imagePath": "IMG000408.jpeg",
    "imageData": null,
    "imageHeight": 512,
    "imageWidth": 512
}