{
    "version": "5.4.1",
    "flags": {},
    "shapes": [
        {
            "label": "multiple osteochondromas",
            "points": [
                [
                    213.60594535973735,
                    173.09179504701916
                ],
                [
                    281.3016356424465,
                    274.2550176043261
                ]
            ],
            "group_id": null,
            "description": "",
            "shape_type": "rectangle",
            "flags": {},
            "mask": null
        },
        {
            "label": "multiple osteochondromas",
            "points": [
                [
                    272.17412684028346,
                    338.9082049529809
                ],
                [
                    348.23670019164206,
                    460.2280094483978
                ]
            ],
            "group_id": null,
            "description": "",
            "shape_type": "rectangle",
            "flags": {},
            "mask": null
        },
        {
            "label": "multiple osteochondromas",
            "points": [
                [
                    269.50303312727584,
                    175.02643006486895
                ],
                [
                    262.74643798275383,
                    177.3490096457984
                ],
                [
                    255.5675556416992,
                    179.67158922672783
                ],
                [
                    238.88721137866048,
                    184.73903558511935
                ],
                [
                    236.14234460119837,
                    188.96190755044563
                ],
                [
                    226.64088267921431,
                    197.82993867763076
                ],
                [
                    222.20686711562172,
                    203.74195942908753
                ],
                [
                    217.1394207572302,
                    215.14371373546842
                ],
                [
                    215.4502719710997,
                    226.33432444358303
                ],
                [
                    215.2391283728334,
                    234.99121197250187
                ],
                [
                    215.4502719710997,
                    247.65982786848065
                ],
                [
                    217.35056435549654,
                    261.5953053540573
                ],
                [
                    227.06316987574692,
                    259.0615821748616
                ],
                [
                    236.14234460119837,
                    255.47214100433422
                ],
                [
                    246.69952451451405,
                    262.4398797471226
                ],
                [
                    249.65553489024245,
                    263.7067413367204
                ],
                [
                    254.3006940521013,
                    261.5953053540573
                ],
                [
                    257.6789916243623,
                    257.37243338873105
                ],
                [
                    261.05728919662334,
                    248.92668945807853
                ],
                [
                    262.74643798275383,
                    242.17009431355652
                ],
                [
                    264.01329957235174,
                    232.24634519503982
                ],
                [
                    261.05728919662334,
                    228.02347322971355
                ],
                [
                    265.9135919567485,
                    223.37831406785463
                ],
                [
                    271.40332551167273,
                    217.0440061198653
                ],
                [
                    277.52648986139576,
                    209.44283658227798
                ],
                [
                    279.21563864752625,
                    202.89738503602229
                ],
                [
                    279.42678224579254,
                    198.46336947242972
                ],
                [
                    277.9487770579284,
                    193.18477951577185
                ],
                [
                    273.93704869086844,
                    187.90618955911404
                ],
                [
                    271.8256127082053,
                    185.37246637991828
                ],
                [
                    272.0367563064716,
                    180.9384508163257
                ],
                [
                    272.0367563064716,
                    176.50443525273315
                ]
            ],
            "group_id": null,
            "description": "",
            "shape_type": "polygon",
            "flags": {},
            "mask": null
        },
        {
            "label": "multiple osteochondromas",
            "points": [
                [
                    277.1042026648631,
                    348.1641806432457
                ],
                [
                    276.68191546833054,
                    360.8327965392245
                ],
                [
                    274.7816230839337,
                    373.5014124352033
                ],
                [
                    273.30361789606945,
                    384.9031667415842
                ],
                [
                    274.3593358874011,
                    393.7711978687693
                ],
                [
                    274.57047948566736,
                    400.52779301329133
                ],
                [
                    274.57047948566736,
                    404.75066497861764
                ],
                [
                    286.1833773903146,
                    397.14949544103035
                ],
                [
                    291.67311094523876,
                    397.36063903929664
                ],
                [
                    299.90771127762497,
                    400.52779301329133
                ],
                [
                    304.97515763601643,
                    405.3840957734165
                ],
                [
                    310.2537475926743,
                    413.4075525075365
                ],
                [
                    314.6877631562669,
                    420.16414765205843
                ],
                [
                    322.71121989038676,
                    429.8767531723089
                ],
                [
                    324.8226558730499,
                    435.5776303254993
                ],
                [
                    333.690687000235,
                    447.4016718284129
                ],
                [
                    335.16869218809927,
                    449.09082061454336
                ],
                [
                    341.080712939556,
                    454.3694105712012
                ],
                [
                    345.5147285031486,
                    453.10254898160326
                ],
                [
                    346.57044649448017,
                    446.3459538370813
                ],
                [
                    346.57044649448017,
                    420.58643484859107
                ],
                [
                    346.57044649448017,
                    415.51898849019955
                ],
                [
                    344.0367233152844,
                    411.084972926607
                ],
                [
                    342.9810053239528,
                    406.4398137647481
                ],
                [
                    340.6584257430234,
                    398.83864422716084
                ],
                [
                    338.1247025638276,
                    392.92662347570405
                ],
                [
                    337.9135589655613,
                    388.0703207155788
                ],
                [
                    338.1247025638276,
                    379.41343318666003
                ],
                [
                    336.8578409742297,
                    370.96768925600753
                ],
                [
                    324.8226558730499,
                    364.6333813080181
                ],
                [
                    319.3329223181258,
                    361.67737093228976
                ],
                [
                    314.6877631562669,
                    358.510216958295
                ],
                [
                    305.8197320290817,
                    351.54247821550666
                ],
                [
                    301.59686006375546,
                    350.90904742070774
                ],
                [
                    298.42970608976077,
                    351.1201910189741
                ],
                [
                    294.4179777227008,
                    344.78588307098465
                ],
                [
                    291.4619673469724,
                    341.61872909699
                ],
                [
                    283.2273670145862,
                    341.19644190045733
                ],
                [
                    278.37106425446103,
                    342.8855906865879
                ]
            ],
            "group_id": null,
            "description": "",
            "shape_type": "polygon",
            "flags": {},
            "mask": null
        }
    ],
    "imagePath": "IMG001833.jpeg",
    "imageData": null,
    "imageHeight": 512,
    "imageWidth": 512
}