{
    "version": "5.4.1",
    "flags": {},
    "shapes": [
        {
            "label": "osteosarcoma",
            "points": [
                [
                    165.2574349862218,
                    81.37306690358236
                ],
                [
                    351.8345555572287,
                    282.2133144603894
                ]
            ],
            "group_id": null,
            "description": "",
            "shape_type": "rectangle",
            "flags": {},
            "mask": null
        },
        {
            "label": "osteosarcoma",
            "points": [
                [
                    222.41507654356815,
                    85.9029238917507
                ],
                [
                    234.7200899659,
                    90.0819850540521
                ],
                [
                    244.93557280708117,
                    81.49169266487704
                ],
                [
                    251.43633461510555,
                    86.135093956323
                ],
                [
                    259.0979467459914,
                    97.04708699122108
                ],
                [
                    298.33468765871004,
                    101.69048828266706
                ],
                [
                    316.44395269534937,
                    121.4249437713125
                ],
                [
                    325.498585213669,
                    138.37335848509034
                ],
                [
                    335.0175578611333,
                    156.25045345715736
                ],
                [
                    341.5183196691577,
                    172.50235797721834
                ],
                [
                    345.23304070231444,
                    187.59341217441775
                ],
                [
                    348.019081477182,
                    197.34455488645432
                ],
                [
                    335.9462381194225,
                    213.82862947108757
                ],
                [
                    323.87339476166295,
                    235.884785605456
                ],
                [
                    316.44395269534937,
                    249.35064935064938
                ],
                [
                    302.2815787564391,
                    264.2095334832765
                ],
                [
                    287.19052455923963,
                    276.05020677646377
                ],
                [
                    275.3498512660524,
                    279.9970978741929
                ],
                [
                    263.97351810200973,
                    280.69360806790974
                ],
                [
                    245.86425306537038,
                    281.39011826162664
                ],
                [
                    222.41507654356815,
                    280.92577813248204
                ],
                [
                    205.23449176521802,
                    268.1564245810056
                ],
                [
                    181.5531451788435,
                    247.72545889864327
                ],
                [
                    170.17681201480082,
                    231.7057244431546
                ],
                [
                    167.85511136907786,
                    217.54335050424436
                ],
                [
                    169.94464195022854,
                    205.2383370819125
                ],
                [
                    171.56983240223462,
                    177.3779293332366
                ],
                [
                    175.51672349996372,
                    160.66168468403106
                ],
                [
                    180.16012479140971,
                    146.7314808096931
                ],
                [
                    194.32249873031995,
                    161.35819487774796
                ],
                [
                    207.7883624755133,
                    152.3035623594283
                ],
                [
                    210.11006312123632,
                    139.30203874337954
                ],
                [
                    214.9856344772546,
                    126.06834506275847
                ],
                [
                    219.164695639556,
                    117.71022273815571
                ],
                [
                    220.55771602698977,
                    106.33388957411306
                ],
                [
                    221.95073641442355,
                    92.8680258289197
                ]
            ],
            "group_id": null,
            "description": "",
            "shape_type": "polygon",
            "flags": {},
            "mask": null
        }
    ],
    "imagePath": "IMG000007.jpeg",
    "imageData": null,
    "imageHeight": 512,
    "imageWidth": 512
}