{
    "version": "5.4.1",
    "flags": {},
    "shapes": [
        {
            "label": "osteochondroma",
            "points": [
                [
                    303.6880866425993,
                    308.70483754512634
                ],
                [
                    318.62296028880866,
                    340.9405054151624
                ]
            ],
            "group_id": null,
            "description": "",
            "shape_type": "rectangle",
            "flags": {},
            "mask": null
        },
        {
            "label": "osteochondroma",
            "points": [
                [
                    310.9337184115523,
                    310.33140794223823
                ],
                [
                    317.88361010830323,
                    333.25126353790614
                ],
                [
                    313.74324909747287,
                    334.2863537906137
                ],
                [
                    313.1517689530686,
                    337.8352346570397
                ],
                [
                    311.67306859205775,
                    339.31393501805053
                ],
                [
                    306.3497472924187,
                    339.16606498194943
                ],
                [
                    304.57530685920574,
                    335.46931407942236
                ],
                [
                    307.9763176895307,
                    321.1259205776173
                ]
            ],
            "group_id": null,
            "description": "",
            "shape_type": "polygon",
            "flags": {},
            "mask": null
        }
    ],
    "imagePath": "IMG000866.jpeg",
    "imageData": null,
    "imageHeight": 512,
    "imageWidth": 512
}