{
    "version": "5.4.1",
    "flags": {},
    "shapes": [
        {
            "label": "osteochondroma",
            "points": [
                [
                    435.38931297709917,
                    157.14503816793894
                ],
                [
                    508.6717557251908,
                    270.8854961832061
                ]
            ],
            "group_id": null,
            "description": "",
            "shape_type": "rectangle",
            "flags": {},
            "mask": null
        },
        {
            "label": "osteochondroma",
            "points": [
                [
                    459.2307692307692,
                    158.26923076923077
                ],
                [
                    450.96153846153845,
                    159.23076923076923
                ],
                [
                    447.88461538461536,
                    159.23076923076923
                ],
                [
                    439.4230769230769,
                    162.1153846153846
                ],
                [
                    436.7307692307692,
                    166.53846153846152
                ],
                [
                    437.88461538461536,
                    172.1153846153846
                ],
                [
                    446.7307692307692,
                    180.19230769230768
                ],
                [
                    495.0,
                    264.4230769230769
                ],
                [
                    499.03846153846155,
                    268.46153846153845
                ],
                [
                    505.7692307692308,
                    269.6153846153846
                ],
                [
                    507.88461538461536,
                    260.5769230769231
                ],
                [
                    507.88461538461536,
                    255.57692307692307
                ],
                [
                    465.38461538461536,
                    170.57692307692307
                ],
                [
                    461.9230769230769,
                    164.23076923076923
                ]
            ],
            "group_id": null,
            "description": "",
            "shape_type": "polygon",
            "flags": {},
            "mask": null
        }
    ],
    "imagePath": "IMG001837.jpeg",
    "imageData": null,
    "imageHeight": 512,
    "imageWidth": 512
}