{
    "version": "5.4.1",
    "flags": {},
    "shapes": [
        {
            "label": "osteochondroma",
            "points": [
                [
                    260.96817443018824,
                    319.355249458838
                ],
                [
                    280.0569203919989,
                    351.2730418699005
                ]
            ],
            "group_id": null,
            "description": "",
            "shape_type": "rectangle",
            "flags": {},
            "mask": null
        },
        {
            "label": "osteochondroma",
            "points": [
                [
                    261.7351639215334,
                    332.68169187096004
                ],
                [
                    272.37714311394734,
                    320.21811263660123
                ],
                [
                    274.0069957830558,
                    323.5736916612363
                ],
                [
                    274.29461684231023,
                    327.5045128043802
                ],
                [
                    275.15748002007354,
                    330.2848497105064
                ],
                [
                    276.88320637560014,
                    334.5991655993229
                ],
                [
                    278.41718535829045,
                    340.54333415724784
                ],
                [
                    278.41718535829045,
                    345.43289216457316
                ],
                [
                    278.41718535829045,
                    349.5554606805534
                ],
                [
                    275.2533537064917,
                    350.2265764854804
                ],
                [
                    271.5142799361841,
                    348.98021856204446
                ],
                [
                    271.0349115040934,
                    345.1452711053187
                ],
                [
                    269.50093252140306,
                    342.9401763177014
                ],
                [
                    267.96695353871274,
                    340.639207843666
                ],
                [
                    265.6659850646773,
                    337.95474462395794
                ],
                [
                    261.83103760795154,
                    335.4620287770862
                ]
            ],
            "group_id": null,
            "description": "",
            "shape_type": "polygon",
            "flags": {},
            "mask": null
        }
    ],
    "imagePath": "IMG000955.jpeg",
    "imageData": null,
    "imageHeight": 512,
    "imageWidth": 512
}