{
    "version": "5.4.1",
    "flags": {},
    "shapes": [
        {
            "label": "giant cell tumor",
            "points": [
                [
                    429.90081538688344,
                    275.82702230689847
                ],
                [
                    501.3191803037004,
                    356.2452624774606
                ]
            ],
            "group_id": null,
            "description": "",
            "shape_type": "rectangle",
            "flags": {},
            "mask": null
        },
        {
            "label": "giant cell tumor",
            "points": [
                [
                    444.11043253505346,
                    348.8016423065486
                ],
                [
                    435.4734554770237,
                    324.20821610741325
                ],
                [
                    431.5209405521627,
                    301.5178526498777
                ],
                [
                    431.37455111050116,
                    287.0252979253871
                ],
                [
                    434.4487293853931,
                    279.99860472563415
                ],
                [
                    440.01152816853084,
                    277.2172053340653
                ],
                [
                    445.28154806834556,
                    276.1924792424346
                ],
                [
                    452.0154623847755,
                    276.63164756741924
                ],
                [
                    459.6277133511746,
                    283.65834076717215
                ],
                [
                    467.09357487591205,
                    293.173654475171
                ],
                [
                    477.34083579221846,
                    297.12616940003204
                ],
                [
                    486.1242022919097,
                    299.3220110249548
                ],
                [
                    494.1756215832933,
                    303.42091539147737
                ],
                [
                    497.6889681831698,
                    310.59399803289193
                ],
                [
                    499.44564148310803,
                    318.499027882614
                ],
                [
                    498.12813650815434,
                    328.3071204739358
                ],
                [
                    493.88284269997024,
                    336.797708090304
                ],
                [
                    489.7839383334477,
                    342.36050687344175
                ],
                [
                    481.0005718337565,
                    348.5088634232256
                ],
                [
                    474.120268075665,
                    351.87582058144056
                ],
                [
                    466.80079599258903,
                    354.803609414671
                ],
                [
                    451.869072943114,
                    353.77888332304036
                ]
            ],
            "group_id": null,
            "description": "",
            "shape_type": "polygon",
            "flags": {},
            "mask": null
        }
    ],
    "imagePath": "IMG001501.jpeg",
    "imageData": null,
    "imageHeight": 512,
    "imageWidth": 512
}