{
    "version": "5.4.1",
    "flags": {},
    "shapes": [
        {
            "label": "osteochondroma",
            "points": [
                [
                    244.6911820170476,
                    108.46737572603155
                ],
                [
                    268.6362676321943,
                    169.48872293882476
                ]
            ],
            "group_id": null,
            "description": "",
            "shape_type": "rectangle",
            "flags": {},
            "mask": null
        },
        {
            "label": "osteochondroma",
            "points": [
                [
                    249.96380255222016,
                    165.70217538888397
                ],
                [
                    265.0764091816957,
                    163.18340761730474
                ],
                [
                    266.8395466218011,
                    156.13085785688284
                ],
                [
                    262.5576414101164,
                    144.04077255330245
                ],
                [
                    261.0463807471689,
                    135.72883890709093
                ],
                [
                    261.0463807471689,
                    130.43942658677452
                ],
                [
                    264.0689020730639,
                    124.39438393498432
                ],
                [
                    264.3207788502218,
                    112.80805218571979
                ],
                [
                    253.4900774324311,
                    109.78553085982468
                ],
                [
                    246.6894044491671,
                    111.54866829993017
                ],
                [
                    246.18565089485125,
                    119.1049716146679
                ],
                [
                    248.20066511211465,
                    123.89063038066847
                ],
                [
                    249.7119257750622,
                    132.20256402688
                ],
                [
                    248.95629544358843,
                    140.01074411877565
                ],
                [
                    248.4525418892726,
                    147.06329387919754
                ],
                [
                    247.94878833495676,
                    152.10082942235604
                ],
                [
                    247.69691155779884,
                    157.13836496551454
                ]
            ],
            "group_id": null,
            "description": "",
            "shape_type": "polygon",
            "flags": {},
            "mask": null
        }
    ],
    "imagePath": "IMG001518.jpeg",
    "imageData": null,
    "imageHeight": 512,
    "imageWidth": 512
}