{
    "version": "5.4.1",
    "flags": {},
    "shapes": [
        {
            "label": "osteochondroma",
            "points": [
                [
                    313.1556650378294,
                    398.671404696276
                ],
                [
                    326.53110922810527,
                    427.48005372148555
                ]
            ],
            "group_id": null,
            "description": "",
            "shape_type": "rectangle",
            "flags": {},
            "mask": null
        },
        {
            "label": "osteochondroma",
            "points": [
                [
                    314.49000271794625,
                    423.4517303490181
                ],
                [
                    314.8044859933633,
                    417.9482730292202
                ],
                [
                    315.6693150007601,
                    409.850328687232
                ],
                [
                    320.22932249430687,
                    401.51652188868087
                ],
                [
                    322.6665678787888,
                    400.8875553378469
                ],
                [
                    324.16036343701967,
                    404.66135464285117
                ],
                [
                    324.7893299878537,
                    408.7496372232724
                ],
                [
                    325.1824340821249,
                    412.3661948905681
                ],
                [
                    326.2045047272303,
                    414.5675778184873
                ],
                [
                    326.44036718379306,
                    417.3979272972404
                ],
                [
                    326.44036718379306,
                    419.99241431943085
                ],
                [
                    324.31760507472814,
                    423.05862625474686
                ],
                [
                    323.2955344296229,
                    424.7096634506862
                ],
                [
                    321.8803596902462,
                    426.3607006466255
                ],
                [
                    318.18518120409624,
                    427.06828801631383
                ],
                [
                    315.1975900876346,
                    425.8889757335
                ]
            ],
            "group_id": null,
            "description": "",
            "shape_type": "polygon",
            "flags": {},
            "mask": null
        }
    ],
    "imagePath": "IMG001057.jpeg",
    "imageData": null,
    "imageHeight": 512,
    "imageWidth": 512
}