{
    "version": "5.4.1",
    "flags": {},
    "shapes": [
        {
            "label": "simple bone cyst",
            "points": [
                [
                    210.19619047619048,
                    206.0952380952381
                ],
                [
                    274.57714285714286,
                    312.3809523809524
                ]
            ],
            "group_id": null,
            "description": "",
            "shape_type": "rectangle",
            "flags": {},
            "mask": null
        },
        {
            "label": "simple bone cyst",
            "points": [
                [
                    211.80735213830755,
                    305.9265999393388
                ],
                [
                    210.7203033060358,
                    298.78313618441007
                ],
                [
                    211.03088868668488,
                    291.32908704883226
                ],
                [
                    212.73910828025478,
                    283.87503791325446
                ],
                [
                    214.9132059447983,
                    270.6751592356688
                ],
                [
                    222.05666969972702,
                    240.0824992417349
                ],
                [
                    226.8707430997877,
                    218.4968152866242
                ],
                [
                    231.68481649984835,
                    209.95571731877465
                ],
                [
                    237.58593873218078,
                    208.24749772520474
                ],
                [
                    246.12703670003035,
                    207.16044889293295
                ],
                [
                    256.3763542614498,
                    206.8498635122839
                ],
                [
                    261.6563057324841,
                    207.62632696390656
                ],
                [
                    264.60686684865027,
                    212.59569305429176
                ],
                [
                    268.7997694874128,
                    229.2120109190173
                ],
                [
                    270.66328177130725,
                    252.3506217773734
                ],
                [
                    271.12915984228084,
                    269.2775250227479
                ],
                [
                    272.52679405520166,
                    284.8067940552017
                ],
                [
                    273.30325750682437,
                    300.3360630876554
                ],
                [
                    271.5950379132545,
                    305.9265999393388
                ],
                [
                    270.1974037003336,
                    311.36184410069757
                ],
                [
                    256.6869396420989,
                    311.5171367910221
                ],
                [
                    233.08245071276917,
                    310.895966029724
                ],
                [
                    221.1249135577798,
                    307.94540491355775
                ]
            ],
            "group_id": null,
            "description": "",
            "shape_type": "polygon",
            "flags": {},
            "mask": null
        }
    ],
    "imagePath": "IMG001613.jpeg",
    "imageData": null,
    "imageHeight": 512,
    "imageWidth": 512
}