{
    "version": "5.4.1",
    "flags": {},
    "shapes": [
        {
            "label": "other bt",
            "points": [
                [
                    149.96037389865376,
                    124.71207716504912
                ],
                [
                    199.574995900234,
                    189.2110857671035
                ]
            ],
            "group_id": null,
            "description": "",
            "shape_type": "rectangle",
            "flags": {},
            "mask": null
        },
        {
            "label": "other bt",
            "points": [
                [
                    161.54596890918998,
                    181.70085903870373
                ],
                [
                    153.46160642117331,
                    159.18013496494297
                ],
                [
                    151.53675820974075,
                    146.09116712720166
                ],
                [
                    150.95930374631098,
                    137.62183499689843
                ],
                [
                    152.88415195774354,
                    128.960018045452
                ],
                [
                    154.23154570574633,
                    126.4577153705897
                ],
                [
                    157.31130284403838,
                    125.49529126487342
                ],
                [
                    165.58815015319834,
                    128.76753322430872
                ],
                [
                    178.09966352750988,
                    130.11492697231154
                ],
                [
                    189.26378315381865,
                    134.92704750089288
                ],
                [
                    193.69093404011352,
                    139.16171356604448
                ],
                [
                    198.1180849264084,
                    145.8986823060584
                ],
                [
                    198.8880242109814,
                    156.4853474689374
                ],
                [
                    198.1180849264084,
                    166.68704298952989
                ],
                [
                    192.53602511325397,
                    178.0436474369819
                ],
                [
                    186.76148047895634,
                    183.24073760784978
                ],
                [
                    181.75687512923173,
                    186.8979492095716
                ],
                [
                    174.24996710464478,
                    188.43782777871766
                ],
                [
                    167.70548318577414,
                    187.66788849414462
                ]
            ],
            "group_id": null,
            "description": "",
            "shape_type": "polygon",
            "flags": {},
            "mask": null
        }
    ],
    "imagePath": "IMG000830.jpeg",
    "imageData": null,
    "imageHeight": 512,
    "imageWidth": 512
}