{
    "version": "5.4.1",
    "flags": {},
    "shapes": [
        {
            "label": "simple bone cyst",
            "points": [
                [
                    390.5053355037077,
                    161.97330439500814
                ],
                [
                    457.6422499547839,
                    221.9335141978658
                ]
            ],
            "group_id": null,
            "description": "",
            "shape_type": "rectangle",
            "flags": {},
            "mask": null
        },
        {
            "label": "simple bone cyst",
            "points": [
                [
                    391.55555555555554,
                    169.12046783625732
                ],
                [
                    392.49122807017545,
                    164.90994152046784
                ],
                [
                    397.98830409356725,
                    163.6233918128655
                ],
                [
                    407.8128654970761,
                    162.21988304093566
                ],
                [
                    421.02923976608184,
                    163.97426900584796
                ],
                [
                    433.5438596491228,
                    174.0327485380117
                ],
                [
                    444.30409356725147,
                    185.14385964912282
                ],
                [
                    451.906432748538,
                    196.95672514619883
                ],
                [
                    456.46783625730995,
                    205.2608187134503
                ],
                [
                    456.81871345029236,
                    211.22573099415206
                ],
                [
                    454.3625730994152,
                    216.4888888888889
                ],
                [
                    451.43859649122805,
                    220.11461988304094
                ],
                [
                    446.87719298245617,
                    220.6994152046784
                ],
                [
                    426.7602339181287,
                    200.23157894736843
                ],
                [
                    418.5730994152047,
                    193.3309941520468
                ],
                [
                    408.1637426900585,
                    187.01520467836258
                ],
                [
                    398.3391812865497,
                    177.54152046783628
                ],
                [
                    391.7894736842105,
                    174.0327485380117
                ]
            ],
            "group_id": null,
            "description": "",
            "shape_type": "polygon",
            "flags": {},
            "mask": null
        }
    ],
    "imagePath": "IMG000525.jpeg",
    "imageData": null,
    "imageHeight": 512,
    "imageWidth": 512
}