{
    "version": "5.4.1",
    "flags": {},
    "shapes": [
        {
            "label": "osteochondroma",
            "points": [
                [
                    356.8247305631295,
                    303.96606772692473
                ],
                [
                    368.6051212358401,
                    311.6728653632775
                ]
            ],
            "group_id": null,
            "description": "",
            "shape_type": "rectangle",
            "flags": {},
            "mask": null
        },
        {
            "label": "osteochondroma",
            "points": [
                [
                    357.273237671206,
                    304.3824961809137
                ],
                [
                    364.25074096802405,
                    304.3407147240465
                ],
                [
                    367.8021648017339,
                    304.5914034652495
                ],
                [
                    368.3453237410071,
                    305.42703260259304
                ],
                [
                    368.3453237410071,
                    306.3044431968037
                ],
                [
                    367.6350389742652,
                    307.5161054459517
                ],
                [
                    366.13090652704693,
                    308.4770789538967
                ],
                [
                    364.2089595111569,
                    308.8948935225685
                ],
                [
                    363.95827076995386,
                    309.3544895481074
                ],
                [
                    364.45964825235995,
                    310.4408074266539
                ],
                [
                    364.0418336836882,
                    311.0675292796615
                ],
                [
                    361.6185091853921,
                    309.68874120304474
                ],
                [
                    360.1143767381738,
                    308.6024233244982
                ],
                [
                    358.23421117915103,
                    306.4297875674052
                ],
                [
                    357.4403634986747,
                    305.4688140594602
                ]
            ],
            "group_id": null,
            "description": "",
            "shape_type": "polygon",
            "flags": {},
            "mask": null
        }
    ],
    "imagePath": "IMG000495.jpeg",
    "imageData": null,
    "imageHeight": 512,
    "imageWidth": 512
}