{
    "version": "5.4.1",
    "flags": {},
    "shapes": [
        {
            "label": "simple bone cyst",
            "points": [
                [
                    245.99557209302327,
                    291.4351627906977
                ],
                [
                    334.7739906976745,
                    414.88669767441866
                ]
            ],
            "group_id": null,
            "description": "",
            "shape_type": "rectangle",
            "flags": {},
            "mask": null
        },
        {
            "label": "simple bone cyst",
            "points": [
                [
                    263.60525309734516,
                    367.11759292035396
                ],
                [
                    254.47081061946903,
                    357.2581946902655
                ],
                [
                    250.41105840707968,
                    346.23886725663715
                ],
                [
                    252.1509522123894,
                    335.9444955752212
                ],
                [
                    252.00596106194692,
                    326.66506194690265
                ],
                [
                    250.41105840707968,
                    317.8206017699115
                ],
                [
                    248.9611469026549,
                    310.4260530973451
                ],
                [
                    248.52617345132745,
                    306.0763185840708
                ],
                [
                    270.5648283185841,
                    293.6070796460177
                ],
                [
                    277.37941238938055,
                    293.46208849557524
                ],
                [
                    291.2985628318584,
                    293.6070796460177
                ],
                [
                    298.1131469026549,
                    295.78194690265485
                ],
                [
                    307.97254513274333,
                    308.5411681415929
                ],
                [
                    318.4119079646017,
                    341.16417699115044
                ],
                [
                    326.9663858407079,
                    362.4778761061947
                ],
                [
                    330.88114690265485,
                    373.64219469026546
                ],
                [
                    332.18606725663716,
                    381.90669026548676
                ],
                [
                    333.2010053097345,
                    391.3311150442478
                ],
                [
                    332.0410761061947,
                    397.1307610619469
                ],
                [
                    329.721217699115,
                    404.52530973451326
                ],
                [
                    326.9663858407079,
                    408.2950796460177
                ],
                [
                    319.28185486725664,
                    411.3398938053097
                ],
                [
                    314.0621734513274,
                    411.3398938053097
                ],
                [
                    287.67378407079644,
                    385.67646017699116
                ],
                [
                    275.2045451327433,
                    376.832
                ]
            ],
            "group_id": null,
            "description": "",
            "shape_type": "polygon",
            "flags": {},
            "mask": null
        }
    ],
    "imagePath": "IMG001595.jpeg",
    "imageData": null,
    "imageHeight": 512,
    "imageWidth": 512
}