{
    "version": "5.4.1",
    "flags": {},
    "shapes": [
        {
            "label": "osteosarcoma",
            "points": [
                [
                    189.112350881358,
                    210.7985043622767
                ],
                [
                    266.98047361861245,
                    328.93014422220904
                ]
            ],
            "group_id": null,
            "description": "",
            "shape_type": "rectangle",
            "flags": {},
            "mask": null
        },
        {
            "label": "osteosarcoma",
            "points": [
                [
                    223.18867444263108,
                    212.16104930600267
                ],
                [
                    218.205668767874,
                    213.69428182131253
                ],
                [
                    215.71416593049548,
                    215.41916840103613
                ],
                [
                    213.0310090287032,
                    216.18578465869106
                ],
                [
                    209.96454399808346,
                    219.82721188255198
                ],
                [
                    204.78988425891268,
                    223.8519472352404
                ],
                [
                    200.57349484181054,
                    232.85968826268584
                ],
                [
                    196.54875948912218,
                    244.16727806309612
                ],
                [
                    193.86560258732987,
                    246.27547277164717
                ],
                [
                    190.03252129905522,
                    249.72524593109438
                ],
                [
                    190.22417536346896,
                    318.5290550556246
                ],
                [
                    195.78214323146722,
                    320.8289038285894
                ],
                [
                    203.2566517436028,
                    322.7454444727267
                ],
                [
                    205.5565005165676,
                    323.32040666596794
                ],
                [
                    209.77288993366972,
                    324.08702292362284
                ],
                [
                    218.205668767874,
                    326.19521763217386
                ],
                [
                    234.11295611421386,
                    328.303412340725
                ],
                [
                    252.8950544267597,
                    326.9618338898289
                ],
                [
                    261.13617919655024,
                    324.27867698803664
                ],
                [
                    264.9692604848249,
                    317.5707847335559
                ],
                [
                    265.5442226780661,
                    289.5892913291509
                ],
                [
                    265.5442226780661,
                    266.59080359950286
                ],
                [
                    262.09444951861894,
                    244.35893212750986
                ],
                [
                    261.13617919655024,
                    231.13480168296226
                ],
                [
                    247.14543249434774,
                    218.48563343165586
                ]
            ],
            "group_id": null,
            "description": "",
            "shape_type": "polygon",
            "flags": {},
            "mask": null
        }
    ],
    "imagePath": "IMG000159.jpeg",
    "imageData": null,
    "imageHeight": 512,
    "imageWidth": 512
}