{
    "version": "5.4.1",
    "flags": {},
    "shapes": [
        {
            "label": "osteochondroma",
            "points": [
                [
                    220.30806715198335,
                    116.79928688159261
                ],
                [
                    257.5803892437973,
                    239.64581785767345
                ]
            ],
            "group_id": null,
            "description": "",
            "shape_type": "rectangle",
            "flags": {},
            "mask": null
        },
        {
            "label": "osteochondroma",
            "points": [
                [
                    253.617179670723,
                    187.60200429491766
                ],
                [
                    254.53342877594847,
                    232.9563350035791
                ],
                [
                    251.32655690765927,
                    233.18539727988545
                ],
                [
                    247.66156048675737,
                    225.39727988546886
                ],
                [
                    238.49906943450253,
                    220.12884753042232
                ],
                [
                    230.48188976377955,
                    210.73729420186115
                ],
                [
                    225.213457408733,
                    203.63636363636363
                ],
                [
                    222.00658554044384,
                    185.54044380816035
                ],
                [
                    224.5262705798139,
                    173.1710808876163
                ],
                [
                    225.67158196134574,
                    164.46671438797424
                ],
                [
                    227.73314244810308,
                    156.2204724409449
                ],
                [
                    228.4203292770222,
                    163.32140300644238
                ],
                [
                    229.1075161059413,
                    156.44953471725125
                ],
                [
                    227.50408017179674,
                    146.82891911238366
                ],
                [
                    224.75533285612028,
                    134.9176807444524
                ],
                [
                    222.46471009305657,
                    128.73299928418038
                ],
                [
                    224.5262705798139,
                    121.63206871868289
                ],
                [
                    235.06313528990697,
                    122.54831782390838
                ],
                [
                    244.45468861846817,
                    133.77236936292053
                ],
                [
                    248.57780959198283,
                    154.61703650680028
                ],
                [
                    248.1196850393701,
                    164.23765211166784
                ],
                [
                    248.1196850393701,
                    172.02576950608446
                ],
                [
                    246.97437365783824,
                    177.98138869005012
                ],
                [
                    246.05812455261275,
                    182.33357193987115
                ],
                [
                    246.51624910522548,
                    186.22763063707944
                ],
                [
                    249.7231209735147,
                    187.83106657122406
                ]
            ],
            "group_id": null,
            "description": "",
            "shape_type": "polygon",
            "flags": {},
            "mask": null
        }
    ],
    "imagePath": "IMG001594.jpeg",
    "imageData": null,
    "imageHeight": 512,
    "imageWidth": 512
}