{
    "version": "5.4.1",
    "flags": {},
    "shapes": [
        {
            "label": "osteochondroma",
            "points": [
                [
                    225.1227765726681,
                    319.51409978308027
                ],
                [
                    236.46044830079535,
                    336.63629790310915
                ]
            ],
            "group_id": null,
            "description": "",
            "shape_type": "rectangle",
            "flags": {},
            "mask": null
        },
        {
            "label": "osteochondroma",
            "points": [
                [
                    226.45434303704513,
                    319.6991145960819
                ],
                [
                    235.7023827409539,
                    325.14422208529925
                ],
                [
                    233.80091663360818,
                    325.74923402854563
                ],
                [
                    232.7637533023287,
                    325.74923402854563
                ],
                [
                    232.24517163668895,
                    327.1321184702516
                ],
                [
                    232.67732302472206,
                    328.6878634671708
                ],
                [
                    234.14663774403468,
                    331.10791124015634
                ],
                [
                    234.66521940967442,
                    332.1450745714358
                ],
                [
                    235.61595246334727,
                    333.70081956835503
                ],
                [
                    233.97377718882143,
                    335.775146230914
                ],
                [
                    230.68942663976972,
                    335.6887159533074
                ],
                [
                    229.479402753277,
                    333.70081956835503
                ],
                [
                    228.8743908100306,
                    332.40436540425566
                ],
                [
                    227.405076090718,
                    331.0214809625497
                ],
                [
                    226.2814824818319,
                    328.5150029119576
                ],
                [
                    226.10862192661864,
                    326.6999670822185
                ],
                [
                    226.10862192661864,
                    322.7241743123138
                ]
            ],
            "group_id": null,
            "description": "",
            "shape_type": "polygon",
            "flags": {},
            "mask": null
        }
    ],
    "imagePath": "IMG001217.jpeg",
    "imageData": null,
    "imageHeight": 512,
    "imageWidth": 512
}