{
    "version": "5.4.1",
    "flags": {},
    "shapes": [
        {
            "label": "osteochondroma",
            "points": [
                [
                    221.28132632917323,
                    142.82704854953658
                ],
                [
                    232.84488239033695,
                    158.45926322481347
                ]
            ],
            "group_id": null,
            "description": "",
            "shape_type": "rectangle",
            "flags": {},
            "mask": null
        },
        {
            "label": "osteochondroma",
            "points": [
                [
                    306.50901729849096,
                    273.0241242011577
                ],
                [
                    315.71703416201024,
                    288.442198949376
                ]
            ],
            "group_id": null,
            "description": "",
            "shape_type": "rectangle",
            "flags": {},
            "mask": null
        },
        {
            "label": "osteochondroma",
            "points": [
                [
                    230.80718080096446,
                    143.15668914591419
                ],
                [
                    230.44550352258597,
                    157.50322118826057
                ],
                [
                    226.8287307388012,
                    157.7443393738462
                ],
                [
                    225.0203443469088,
                    158.1060166522247
                ],
                [
                    222.9105602230343,
                    157.98545755943186
                ],
                [
                    222.60916249105225,
                    154.42896432204347
                ],
                [
                    223.03111931582714,
                    151.17386881663717
                ],
                [
                    225.68341935726932,
                    146.3515051049241
                ],
                [
                    228.99879440907208,
                    143.45808687789625
                ]
            ],
            "group_id": null,
            "description": "",
            "shape_type": "polygon",
            "flags": {},
            "mask": null
        },
        {
            "label": "osteochondroma",
            "points": [
                [
                    306.85288940674815,
                    273.25462974440336
                ],
                [
                    309.3518357835238,
                    287.33599424845676
                ],
                [
                    309.7484939385676,
                    286.14601978332547
                ],
                [
                    310.2641495401245,
                    283.60740759104544
                ],
                [
                    310.740139326177,
                    282.1001066018792
                ],
                [
                    311.09713166571635,
                    282.02077497087043
                ],
                [
                    312.00944542231696,
                    282.13977241738354
                ],
                [
                    313.1200882564395,
                    281.981109155366
                ],
                [
                    313.596078042492,
                    281.78278007784417
                ],
                [
                    314.70672087661455,
                    280.98946376775666
                ],
                [
                    313.51674641148327,
                    279.7994893026254
                ],
                [
                    312.68376428589136,
                    278.84750973052036
                ],
                [
                    311.692118898282,
                    277.5782036343803
                ],
                [
                    310.8591367726901,
                    276.30889753824033
                ],
                [
                    309.8674913850807,
                    274.99992562659594
                ],
                [
                    308.32052458041005,
                    274.0876118699953
                ]
            ],
            "group_id": null,
            "description": "",
            "shape_type": "polygon",
            "flags": {},
            "mask": null
        }
    ],
    "imagePath": "IMG000244.jpeg",
    "imageData": null,
    "imageHeight": 512,
    "imageWidth": 512
}