{
    "version": "5.4.1",
    "flags": {},
    "shapes": [
        {
            "label": "osteochondroma",
            "points": [
                [
                    68.82940556147682,
                    329.4408916859813
                ],
                [
                    75.03714606348723,
                    347.34228290108103
                ]
            ],
            "group_id": null,
            "description": "",
            "shape_type": "rectangle",
            "flags": {},
            "mask": null
        },
        {
            "label": "osteochondroma",
            "points": [
                [
                    71.25940101515683,
                    330.0097824630366
                ],
                [
                    69.51402717272477,
                    339.69961655378
                ],
                [
                    70.17606552675073,
                    340.48202551762887
                ],
                [
                    71.07884510042247,
                    340.96350795692047
                ],
                [
                    71.50014223480262,
                    341.80610222568083
                ],
                [
                    71.80106875935988,
                    343.49129076320145
                ],
                [
                    72.10199528391712,
                    344.63481155651897
                ],
                [
                    72.40292180847437,
                    346.0190735694823
                ],
                [
                    72.82421894285453,
                    346.44037070386247
                ],
                [
                    73.36588668705757,
                    346.38018539895097
                ],
                [
                    74.08811034599498,
                    345.05610869089907
                ],
                [
                    73.60662790670338,
                    341.9264728355037
                ],
                [
                    73.42607199196902,
                    339.157948809577
                ],
                [
                    72.76403363794307,
                    335.6672011247129
                ],
                [
                    72.52329241829727,
                    333.50053014790075
                ],
                [
                    72.10199528391712,
                    330.069967767948
                ]
            ],
            "group_id": null,
            "description": "",
            "shape_type": "polygon",
            "flags": {},
            "mask": null
        }
    ],
    "imagePath": "IMG000919.jpeg",
    "imageData": null,
    "imageHeight": 512,
    "imageWidth": 512
}