{
    "version": "5.4.1",
    "flags": {},
    "shapes": [
        {
            "label": "osteochondroma",
            "points": [
                [
                    192.1295807681032,
                    1.4822632659044441
                ],
                [
                    204.88830255057167,
                    26.061565523306964
                ]
            ],
            "group_id": null,
            "description": "",
            "shape_type": "rectangle",
            "flags": {},
            "mask": null
        },
        {
            "label": "osteochondroma",
            "points": [
                [
                    194.23076374527562,
                    2.0537688083862222
                ],
                [
                    204.80386983289355,
                    16.04982290998122
                ],
                [
                    204.423542275785,
                    16.658347001354915
                ],
                [
                    203.81501818441131,
                    18.636050298319425
                ],
                [
                    203.73895267298963,
                    21.450474220922768
                ],
                [
                    203.73895267298963,
                    22.59145689224845
                ],
                [
                    202.97829755877248,
                    24.26489814352611
                ],
                [
                    201.60911835318166,
                    25.4819463262735
                ],
                [
                    198.87075994200003,
                    23.884570586417553
                ],
                [
                    197.72977727067436,
                    20.309491549597087
                ],
                [
                    196.89305664503553,
                    16.734412512776625
                ],
                [
                    195.06748437091443,
                    11.333761201835081
                ],
                [
                    193.62223965390191,
                    8.139009722123177
                ],
                [
                    193.4701086310585,
                    5.0203237538329875
                ],
                [
                    193.16584658537164,
                    3.2708169911336133
                ]
            ],
            "group_id": null,
            "description": "",
            "shape_type": "polygon",
            "flags": {},
            "mask": null
        }
    ],
    "imagePath": "IMG000597.jpeg",
    "imageData": null,
    "imageHeight": 512,
    "imageWidth": 512
}