{
    "version": "5.4.1",
    "flags": {},
    "shapes": [
        {
            "label": "osteochondroma",
            "points": [
                [
                    372.9177489177489,
                    274.61419913419917
                ],
                [
                    398.1298701298701,
                    305.92155844155843
                ]
            ],
            "group_id": null,
            "description": "",
            "shape_type": "rectangle",
            "flags": {},
            "mask": null
        },
        {
            "label": "osteochondroma",
            "points": [
                [
                    375.2689832689833,
                    275.9317889317889
                ],
                [
                    379.1402831402831,
                    275.02574002574
                ],
                [
                    384.32947232947225,
                    275.02574002574
                ],
                [
                    391.001287001287,
                    275.9317889317889
                ],
                [
                    394.62548262548256,
                    276.4259974259974
                ],
                [
                    395.9433719433719,
                    277.82625482625485
                ],
                [
                    397.014157014157,
                    283.5096525096525
                ],
                [
                    397.014157014157,
                    286.3101673101673
                ],
                [
                    397.2612612612612,
                    288.039897039897
                ],
                [
                    396.2728442728442,
                    295.3706563706563
                ],
                [
                    395.6962676962676,
                    298.1711711711711
                ],
                [
                    394.9549549549549,
                    301.3835263835264
                ],
                [
                    394.29601029601025,
                    302.5366795366795
                ],
                [
                    392.8133848133848,
                    303.7722007722008
                ],
                [
                    389.18918918918916,
                    304.84298584298585
                ],
                [
                    386.38867438867436,
                    305.4195624195624
                ],
                [
                    383.83526383526385,
                    305.66666666666663
                ],
                [
                    377.5752895752895,
                    304.84298584298585
                ],
                [
                    375.18661518661514,
                    300.8893178893179
                ],
                [
                    374.5276705276705,
                    297.018018018018
                ],
                [
                    373.6216216216216,
                    292.24066924066926
                ],
                [
                    374.9395109395109,
                    286.88674388674383
                ],
                [
                    374.9395109395109,
                    282.76833976833973
                ],
                [
                    375.02187902187893,
                    279.55598455598454
                ]
            ],
            "group_id": null,
            "description": "",
            "shape_type": "polygon",
            "flags": {},
            "mask": null
        }
    ],
    "imagePath": "IMG000256.jpeg",
    "imageData": null,
    "imageHeight": 512,
    "imageWidth": 512
}