{
    "version": "5.4.1",
    "flags": {},
    "shapes": [
        {
            "label": "osteochondroma",
            "points": [
                [
                    247.8339879723942,
                    96.55507474720578
                ],
                [
                    262.2256914393922,
                    129.12577206725402
                ]
            ],
            "group_id": null,
            "description": "",
            "shape_type": "rectangle",
            "flags": {},
            "mask": null
        },
        {
            "label": "osteochondroma",
            "points": [
                [
                    250.87896944278012,
                    97.24625524266028
                ],
                [
                    256.8098661873378,
                    97.24625524266028
                ],
                [
                    259.5708008787698,
                    98.67785100858798
                ],
                [
                    260.4911124425804,
                    100.4162172957859
                ],
                [
                    261.7181945276613,
                    108.18773716796485
                ],
                [
                    261.51368084681445,
                    114.22089075294588
                ],
                [
                    259.67305771919314,
                    120.2540443379269
                ],
                [
                    258.139205112842,
                    125.26462951867386
                ],
                [
                    253.8444178150589,
                    128.33233473137608
                ],
                [
                    251.49251048532057,
                    127.41202316756541
                ],
                [
                    251.28799680447375,
                    122.60595166766528
                ],
                [
                    250.06091471939285,
                    120.66307169962053
                ],
                [
                    248.93608947473535,
                    119.12921909326941
                ],
                [
                    248.73157579388857,
                    115.44797283802676
                ]
            ],
            "group_id": null,
            "description": "",
            "shape_type": "polygon",
            "flags": {},
            "mask": null
        }
    ],
    "imagePath": "IMG001122.jpeg",
    "imageData": null,
    "imageHeight": 512,
    "imageWidth": 512
}