{
    "version": "5.4.1",
    "flags": {},
    "shapes": [
        {
            "label": "simple bone cyst",
            "points": [
                [
                    290.23298059050484,
                    201.06986973940477
                ],
                [
                    293.90026816498533,
                    205.12527135742565
                ]
            ],
            "group_id": null,
            "description": "",
            "shape_type": "rectangle",
            "flags": {},
            "mask": null
        },
        {
            "label": "simple bone cyst",
            "points": [
                [
                    290.82541081333267,
                    204.03202085354386
                ],
                [
                    290.469952679636,
                    203.51068225745536
                ],
                [
                    290.6595303509408,
                    202.39691343853906
                ],
                [
                    291.4415382450736,
                    202.04145530484237
                ],
                [
                    292.74488473529476,
                    202.04145530484237
                ],
                [
                    293.38470937594883,
                    202.30212460288664
                ],
                [
                    293.4558010026882,
                    203.226315750498
                ],
                [
                    293.1951317046439,
                    204.17420410702255
                ],
                [
                    292.4605182283374,
                    204.52966224071923
                ],
                [
                    291.7732991698572,
                    204.5059650318061
                ],
                [
                    291.0860801113769,
                    204.24529573376188
                ]
            ],
            "group_id": null,
            "description": "",
            "shape_type": "polygon",
            "flags": {},
            "mask": null
        }
    ],
    "imagePath": "IMG000558.jpeg",
    "imageData": null,
    "imageHeight": 512,
    "imageWidth": 512
}