{
    "version": "5.4.1",
    "flags": {},
    "shapes": [
        {
            "label": "osteochondroma",
            "points": [
                [
                    227.37052807802888,
                    126.70961167521929
                ],
                [
                    242.7433853768607,
                    146.27506641918697
                ]
            ],
            "group_id": null,
            "description": "",
            "shape_type": "rectangle",
            "flags": {},
            "mask": null
        },
        {
            "label": "osteochondroma",
            "points": [
                [
                    228.39606036774893,
                    143.0371119349886
                ],
                [
                    230.6969254390892,
                    135.5593004531326
                ],
                [
                    232.99779051042952,
                    129.80713777478186
                ],
                [
                    237.40778189716508,
                    129.42366026289181
                ],
                [
                    241.62603452795565,
                    132.4914803580122
                ],
                [
                    241.43429577201059,
                    139.58581432797814
                ],
                [
                    240.28386323634047,
                    145.33797700632888
                ]
            ],
            "group_id": null,
            "description": "",
            "shape_type": "polygon",
            "flags": {},
            "mask": null
        }
    ],
    "imagePath": "IMG000783.jpeg",
    "imageData": null,
    "imageHeight": 512,
    "imageWidth": 512
}