{
    "version": "5.4.1",
    "flags": {},
    "shapes": [
        {
            "label": "simple bone cyst",
            "points": [
                [
                    303.6548063214731,
                    172.52258318924987
                ],
                [
                    364.2244668911336,
                    253.28213061546398
                ]
            ],
            "group_id": null,
            "description": "",
            "shape_type": "rectangle",
            "flags": {},
            "mask": null
        },
        {
            "label": "simple bone cyst",
            "points": [
                [
                    304.91002584153273,
                    190.5158358856989
                ],
                [
                    307.2077158104555,
                    180.7506535177768
                ],
                [
                    314.8666823735317,
                    174.24053193916208
                ],
                [
                    323.86596808514616,
                    173.28316111877757
                ],
                [
                    333.43967628899134,
                    174.24053193916208
                ],
                [
                    344.35370364137486,
                    176.9211702362387
                ],
                [
                    350.2894027277589,
                    184.5801367993149
                ],
                [
                    353.5444635170663,
                    194.91974165946766
                ],
                [
                    357.3739467986044,
                    210.23767478562
                ],
                [
                    360.05458509568103,
                    229.7680395214642
                ],
                [
                    363.5011200490653,
                    242.2138601864629
                ],
                [
                    361.96932673645006,
                    246.61776596023174
                ],
                [
                    349.5235060714513,
                    250.064300913616
                ],
                [
                    333.63115045306824,
                    246.80924012430862
                ],
                [
                    328.0783996948381,
                    246.80924012430862
                ],
                [
                    323.10007142883853,
                    242.59680851461675
                ]
            ],
            "group_id": null,
            "description": "",
            "shape_type": "polygon",
            "flags": {},
            "mask": null
        }
    ],
    "imagePath": "IMG001455.jpeg",
    "imageData": null,
    "imageHeight": 512,
    "imageWidth": 512
}