{
    "version": "5.4.1",
    "flags": {},
    "shapes": [
        {
            "label": "osteosarcoma",
            "points": [
                [
                    316.78780424167877,
                    124.32159230683216
                ],
                [
                    357.2455179097246,
                    168.5960714152596
                ]
            ],
            "group_id": null,
            "description": "",
            "shape_type": "rectangle",
            "flags": {},
            "mask": null
        },
        {
            "label": "osteosarcoma",
            "points": [
                [
                    333.5122677542565,
                    124.9307899943988
                ],
                [
                    342.73538973376003,
                    127.66890433206392
                ],
                [
                    347.4910620044416,
                    129.2541284222911
                ],
                [
                    351.6702891514041,
                    134.87446837855106
                ],
                [
                    355.7054050174369,
                    141.64769858224898
                ],
                [
                    356.1377388602262,
                    144.6740354817736
                ],
                [
                    355.56129373650714,
                    152.02371080919048
                ],
                [
                    353.5437358034908,
                    158.5087184510289
                ],
                [
                    351.81440043233385,
                    163.55261328356988
                ],
                [
                    347.20283944258205,
                    167.29950658774322
                ],
                [
                    333.800490316116,
                    167.29950658774322
                ],
                [
                    330.9182646975211,
                    167.15539530681346
                ],
                [
                    319.8216960659309,
                    162.2556117552022
                ],
                [
                    318.66880581849296,
                    156.63527179894223
                ],
                [
                    318.9570283803524,
                    151.4472656854715
                ],
                [
                    319.1011396612822,
                    147.4121498194387
                ],
                [
                    319.1011396612822,
                    141.35947602038948
                ],
                [
                    319.1011396612822,
                    137.61258271621617
                ],
                [
                    319.1011396612822,
                    132.71279916460492
                ],
                [
                    320.25402990872016,
                    130.11879610786954
                ],
                [
                    323.4244780891745,
                    126.66012536555571
                ],
                [
                    330.7741534165914,
                    125.93956896090701
                ]
            ],
            "group_id": null,
            "description": "",
            "shape_type": "polygon",
            "flags": {},
            "mask": null
        }
    ],
    "imagePath": "IMG000113.jpeg",
    "imageData": null,
    "imageHeight": 512,
    "imageWidth": 512
}