{
    "version": "5.4.1",
    "flags": {},
    "shapes": [
        {
            "label": "osteochondroma",
            "points": [
                [
                    192.27007654925694,
                    309.7380399799972
                ],
                [
                    211.57126004949416,
                    343.0883842593186
                ]
            ],
            "group_id": null,
            "description": "",
            "shape_type": "rectangle",
            "flags": {},
            "mask": null
        },
        {
            "label": "osteochondroma",
            "points": [
                [
                    193.5316396085892,
                    310.8179871520342
                ],
                [
                    207.2470563143571,
                    315.62275096615673
                ],
                [
                    209.95519591868072,
                    326.01851267307643
                ],
                [
                    210.56671131320542,
                    332.8325413549229
                ],
                [
                    208.64480578755638,
                    334.40500951227204
                ],
                [
                    208.55744644548145,
                    335.19124359094667
                ],
                [
                    208.38272776133152,
                    336.9384304324458
                ],
                [
                    209.51839920830594,
                    338.1614612214952
                ],
                [
                    211.0035080235802,
                    340.95696016789367
                ],
                [
                    210.04255526075568,
                    342.0926316148681
                ],
                [
                    205.3251507887081,
                    341.3937568782685
                ],
                [
                    202.6170111843845,
                    338.0741018794202
                ],
                [
                    201.04454302703533,
                    334.40500951227204
                ],
                [
                    193.44428026651423,
                    316.1469070186065
                ],
                [
                    193.18220224028937,
                    313.4387674142829
                ]
            ],
            "group_id": null,
            "description": "",
            "shape_type": "polygon",
            "flags": {},
            "mask": null
        }
    ],
    "imagePath": "IMG000426.jpeg",
    "imageData": null,
    "imageHeight": 512,
    "imageWidth": 512
}