{
    "version": "5.4.1",
    "flags": {},
    "shapes": [
        {
            "label": "osteochondroma",
            "points": [
                [
                    285.0755241430991,
                    95.15817550994808
                ],
                [
                    294.2025960392575,
                    108.17270395447028
                ]
            ],
            "group_id": null,
            "description": "",
            "shape_type": "rectangle",
            "flags": {},
            "mask": null
        },
        {
            "label": "osteochondroma",
            "points": [
                [
                    286.1687771145787,
                    95.92453458854118
                ],
                [
                    291.9717919621362,
                    96.13428211315168
                ],
                [
                    292.4612028528941,
                    97.74234646849895
                ],
                [
                    292.6709503775046,
                    99.56015834845672
                ],
                [
                    293.23027710979926,
                    102.07712864378287
                ],
                [
                    293.37010879287294,
                    103.75510884066699
                ],
                [
                    292.8806979021151,
                    104.87376230525638
                ],
                [
                    291.90187612059935,
                    105.64283656216159
                ],
                [
                    289.6645691914206,
                    106.761490026751
                ],
                [
                    287.7768414699259,
                    107.3208167590457
                ],
                [
                    286.09886127304185,
                    105.71275240369845
                ],
                [
                    285.8191979068945,
                    103.89494052374064
                ],
                [
                    285.8191979068945,
                    101.587717753025
                ],
                [
                    285.8191979068945,
                    99.28049498230936
                ]
            ],
            "group_id": null,
            "description": "",
            "shape_type": "polygon",
            "flags": {},
            "mask": null
        }
    ],
    "imagePath": "IMG001310.jpeg",
    "imageData": null,
    "imageHeight": 512,
    "imageWidth": 512
}