{
    "version": "5.4.1",
    "flags": {},
    "shapes": [
        {
            "label": "multiple osteochondromas",
            "points": [
                [
                    272.68975069252076,
                    79.85845768921455
                ],
                [
                    343.9851368659339,
                    186.9921663241295
                ]
            ],
            "group_id": null,
            "description": "",
            "shape_type": "rectangle",
            "flags": {},
            "mask": null
        },
        {
            "label": "multiple osteochondromas",
            "points": [
                [
                    260.64645960251676,
                    325.5501181796997
                ],
                [
                    316.89333865974237,
                    452.8157839253415
                ]
            ],
            "group_id": null,
            "description": "",
            "shape_type": "rectangle",
            "flags": {},
            "mask": null
        },
        {
            "label": "multiple osteochondromas",
            "points": [
                [
                    338.76712495977455,
                    84.65439373259207
                ],
                [
                    328.5404196766426,
                    86.92699490662139
                ],
                [
                    309.50738484414705,
                    102.26705283131928
                ],
                [
                    278.8272689947513,
                    128.11789118590278
                ],
                [
                    273.99799149993896,
                    141.18534793657133
                ],
                [
                    277.9750435544903,
                    184.93292053663572
                ],
                [
                    296.43992809347844,
                    184.64884538988204
                ],
                [
                    302.12143102855174,
                    181.23994362883806
                ],
                [
                    312.916286605191,
                    172.43361407947447
                ],
                [
                    324.5633676220912,
                    153.96872954048627
                ],
                [
                    331.6652462909329,
                    140.90127278981768
                ],
                [
                    335.3582231987305,
                    128.40196633265643
                ],
                [
                    336.4945237857452,
                    116.75488531575618
                ],
                [
                    341.8919515740648,
                    107.09633032613158
                ],
                [
                    343.0282521610795,
                    96.01739960273865
                ]
            ],
            "group_id": null,
            "description": "",
            "shape_type": "polygon",
            "flags": {},
            "mask": null
        },
        {
            "label": "multiple osteochondromas",
            "points": [
                [
                    295.5877026532175,
                    328.39086964723634
                ],
                [
                    275.4183672337073,
                    334.92459802257065
                ],
                [
                    269.4527891518803,
                    344.2990778654416
                ],
                [
                    263.4872110700534,
                    352.82133226805155
                ],
                [
                    261.78276018953136,
                    369.58176592651773
                ],
                [
                    272.86169091292436,
                    392.8759279603182
                ],
                [
                    277.40689326098294,
                    411.05673735255283
                ],
                [
                    281.0998701687805,
                    421.85159292919207
                ],
                [
                    285.07692222333196,
                    434.0668242395996
                ],
                [
                    299.56475470776877,
                    450.2591076045585
                ],
                [
                    302.97365646881275,
                    450.54318275131214
                ],
                [
                    311.7799860181764,
                    450.2591076045585
                ],
                [
                    314.05258719220564,
                    444.5776046694852
                ],
                [
                    309.7914599909007,
                    428.3853213045263
                ],
                [
                    305.5303327895958,
                    414.46563911359675
                ],
                [
                    302.68958132205904,
                    395.7166794278549
                ],
                [
                    303.54180676232005,
                    381.5129220901716
                ],
                [
                    306.9507085233641,
                    379.524396062896
                ],
                [
                    311.4959108714227,
                    380.0925463564033
                ],
                [
                    313.2003617519446,
                    368.7295404862567
                ],
                [
                    308.0870091103787,
                    360.49136123040046
                ],
                [
                    307.80293396362504,
                    357.36653461611013
                ],
                [
                    312.34813631168373,
                    357.36653461611013
                ],
                [
                    313.48443689869833,
                    348.8442802135002
                ],
                [
                    309.7914599909007,
                    340.3220258108903
                ],
                [
                    304.39403220258106,
                    330.9475459680193
                ],
                [
                    299.2806795610151,
                    327.82271935372904
                ]
            ],
            "group_id": null,
            "description": "",
            "shape_type": "polygon",
            "flags": {},
            "mask": null
        }
    ],
    "imagePath": "IMG001864.jpeg",
    "imageData": null,
    "imageHeight": 512,
    "imageWidth": 512
}