{
    "version": "5.4.1",
    "flags": {},
    "shapes": [
        {
            "label": "simple bone cyst",
            "points": [
                [
                    254.8289965783401,
                    130.33755072809737
                ],
                [
                    305.501392536007,
                    200.36221850879284
                ]
            ],
            "group_id": null,
            "description": "",
            "shape_type": "rectangle",
            "flags": {},
            "mask": null
        },
        {
            "label": "simple bone cyst",
            "points": [
                [
                    301.5191568994386,
                    135.94668242555568
                ],
                [
                    303.830460619193,
                    141.51482320496407
                ],
                [
                    305.09117173905906,
                    153.7016973636692
                ],
                [
                    304.98611247907024,
                    160.53054926294365
                ],
                [
                    301.5191568994386,
                    175.23884566138088
                ],
                [
                    294.795364260153,
                    186.37512722019767
                ],
                [
                    288.70192718080045,
                    192.99386059949444
                ],
                [
                    282.3983715814702,
                    196.46081617912606
                ],
                [
                    276.5150530220953,
                    197.0911717390591
                ],
                [
                    262.3320529236022,
                    198.66706063889163
                ],
                [
                    256.02849732427194,
                    198.2468235989363
                ],
                [
                    255.39814176433896,
                    190.57749761975114
                ],
                [
                    255.39814176433896,
                    183.85370498046555
                ],
                [
                    258.5499195640041,
                    173.66295676154832
                ],
                [
                    260.65110476378084,
                    156.43323812337897
                ],
                [
                    265.5888899832562,
                    144.77166026461802
                ],
                [
                    270.10643816277616,
                    137.10233428543287
                ],
                [
                    277.6707048819725,
                    131.00889720608032
                ],
                [
                    288.0715716208674,
                    131.3240749860468
                ],
                [
                    295.0054827801307,
                    131.95443054597985
                ]
            ],
            "group_id": null,
            "description": "",
            "shape_type": "polygon",
            "flags": {},
            "mask": null
        }
    ],
    "imagePath": "IMG000678.jpeg",
    "imageData": null,
    "imageHeight": 512,
    "imageWidth": 512
}