{
    "version": "5.4.1",
    "flags": {},
    "shapes": [
        {
            "label": "osteochondroma",
            "points": [
                [
                    80.69923324264172,
                    398.2785060598565
                ],
                [
                    110.45931239178842,
                    453.36631214444714
                ]
            ],
            "group_id": null,
            "description": "",
            "shape_type": "rectangle",
            "flags": {},
            "mask": null
        },
        {
            "label": "osteochondroma",
            "points": [
                [
                    81.32667011445146,
                    399.0440941694961
                ],
                [
                    108.52519506217256,
                    430.55984529939514
                ],
                [
                    103.05670856474715,
                    430.70375283880105
                ],
                [
                    98.45166730375735,
                    430.847660378207
                ],
                [
                    97.58822206732175,
                    432.86236592989
                ],
                [
                    96.14914667326244,
                    437.4674071908799
                ],
                [
                    95.86133159445058,
                    440.7772805972163
                ],
                [
                    95.86133159445058,
                    447.5409349492951
                ],
                [
                    96.86868437029209,
                    451.7142535920671
                ],
                [
                    94.13444112157939,
                    451.7142535920671
                ],
                [
                    89.52939986058958,
                    449.26782542216625
                ],
                [
                    87.65860184831246,
                    444.80669170058235
                ],
                [
                    83.7730982843523,
                    442.2163559912756
                ],
                [
                    82.47793042969892,
                    439.338205203157
                ],
                [
                    81.61448519326332,
                    432.7184583904841
                ],
                [
                    82.04620781148112,
                    417.46425921345536
                ]
            ],
            "group_id": null,
            "description": "",
            "shape_type": "polygon",
            "flags": {},
            "mask": null
        }
    ],
    "imagePath": "IMG000429.jpeg",
    "imageData": null,
    "imageHeight": 512,
    "imageWidth": 512
}