{
    "version": "5.4.1",
    "flags": {},
    "shapes": [
        {
            "label": "simple bone cyst",
            "points": [
                [
                    185.35309039902108,
                    230.40534813621036
                ],
                [
                    295.7539021696959,
                    395.81556092756733
                ]
            ],
            "group_id": null,
            "description": "",
            "shape_type": "rectangle",
            "flags": {},
            "mask": null
        },
        {
            "label": "simple bone cyst",
            "points": [
                [
                    203.41451040081176,
                    369.8816844241502
                ],
                [
                    196.972298325723,
                    357.4128868594622
                ],
                [
                    193.23165905631657,
                    345.56752917300867
                ],
                [
                    187.8285134449518,
                    331.0205986808727
                ],
                [
                    188.03632673769658,
                    318.5518011161847
                ],
                [
                    188.03632673769658,
                    300.05641806189755
                ],
                [
                    193.23165905631657,
                    281.3532217148656
                ],
                [
                    202.16763064434298,
                    268.468797564688
                ],
                [
                    209.85672247590054,
                    258.078132927448
                ],
                [
                    219.20832064941652,
                    254.3374936580416
                ],
                [
                    225.4427194317605,
                    245.1937087772704
                ],
                [
                    235.20994419076612,
                    237.71243023845764
                ],
                [
                    243.93810248604768,
                    234.59523084728565
                ],
                [
                    256.40690005073566,
                    232.51709791983765
                ],
                [
                    268.46007102993406,
                    232.51709791983765
                ],
                [
                    280.0976154236428,
                    240.2061897513952
                ],
                [
                    287.7867072552004,
                    250.18122780314562
                ],
                [
                    291.11171993911717,
                    243.53120243531203
                ],
                [
                    294.6445459157788,
                    254.12968036529676
                ],
                [
                    294.22891933028916,
                    263.89690512430235
                ],
                [
                    293.8132927447996,
                    273.8719431760528
                ],
                [
                    291.7351598173516,
                    286.75636732623036
                ],
                [
                    289.03358701166917,
                    298.6017250126839
                ],
                [
                    286.124200913242,
                    306.9142567224759
                ],
                [
                    280.5132420091324,
                    325.2018264840183
                ],
                [
                    277.81166920345004,
                    339.54094368340947
                ],
                [
                    277.1882293252156,
                    349.5159817351598
                ],
                [
                    275.3179096905124,
                    358.24414003044143
                ],
                [
                    270.1225773718924,
                    369.2582445459158
                ],
                [
                    265.75849822425164,
                    375.9082699137494
                ],
                [
                    258.69284627092844,
                    383.38954845256217
                ],
                [
                    253.91314053779809,
                    386.92237442922374
                ],
                [
                    246.22404870624047,
                    391.90989345509894
                ],
                [
                    237.7037037037037,
                    393.1567732115677
                ],
                [
                    228.97554540842214,
                    392.1177067478437
                ],
                [
                    216.50674784373416,
                    387.75362760020295
                ],
                [
                    210.06453576864533,
                    383.59736174530696
                ]
            ],
            "group_id": null,
            "description": "",
            "shape_type": "polygon",
            "flags": {},
            "mask": null
        }
    ],
    "imagePath": "IMG001547.jpeg",
    "imageData": null,
    "imageHeight": 512,
    "imageWidth": 512
}