{
    "version": "5.4.1",
    "flags": {},
    "shapes": [
        {
            "label": "simple bone cyst",
            "points": [
                [
                    228.52444656792483,
                    329.7838650882129
                ],
                [
                    251.96767001114827,
                    352.5475748084444
                ]
            ],
            "group_id": null,
            "description": "",
            "shape_type": "rectangle",
            "flags": {},
            "mask": null
        },
        {
            "label": "simple bone cyst",
            "points": [
                [
                    230.33648316257012,
                    347.1114650245085
                ],
                [
                    229.2039602909168,
                    341.10909380474595
                ],
                [
                    229.2039602909168,
                    336.8055068924634
                ],
                [
                    230.90274459839677,
                    332.27541540585014
                ],
                [
                    233.96055635186067,
                    330.9163879598662
                ],
                [
                    241.3219550176072,
                    330.4633788112049
                ],
                [
                    245.62554192988975,
                    330.1236219497089
                ],
                [
                    248.6833536833537,
                    330.8031356727009
                ],
                [
                    250.72189485232963,
                    335.55973173364475
                ],
                [
                    251.51466086248695,
                    341.2223460919113
                ],
                [
                    251.17490400099095,
                    346.88496045017786
                ],
                [
                    248.796605970519,
                    347.7909787475005
                ],
                [
                    247.55083081170037,
                    350.1692767779724
                ],
                [
                    243.36049618658313,
                    351.8680610854524
                ],
                [
                    238.26414326414326,
                    351.8680610854524
                ],
                [
                    234.97982693634867,
                    351.1885473624604
                ],
                [
                    232.26177204438073,
                    350.96204278812974
                ]
            ],
            "group_id": null,
            "description": "",
            "shape_type": "polygon",
            "flags": {},
            "mask": null
        }
    ],
    "imagePath": "IMG000236.jpeg",
    "imageData": null,
    "imageHeight": 512,
    "imageWidth": 512
}