{
    "version": "5.4.1",
    "flags": {},
    "shapes": [
        {
            "label": "giant cell tumor",
            "points": [
                [
                    252.4393309181985,
                    410.95028102031995
                ],
                [
                    312.3585282585685,
                    484.9905630842166
                ]
            ],
            "group_id": null,
            "description": "",
            "shape_type": "rectangle",
            "flags": {},
            "mask": null
        },
        {
            "label": "giant cell tumor",
            "points": [
                [
                    280.2086630280556,
                    482.14124426570555
                ],
                [
                    269.51219108801433,
                    480.6259107408664
                ],
                [
                    264.07481785182665,
                    476.882145561852
                ],
                [
                    260.0636408743112,
                    467.61186988048286
                ],
                [
                    256.3198756952968,
                    451.745436502755
                ],
                [
                    253.37834591178543,
                    437.48347391603335
                ],
                [
                    255.07195396895864,
                    429.4611199610024
                ],
                [
                    258.72658188180606,
                    423.3997858616457
                ],
                [
                    266.927210369171,
                    415.91225550361673
                ],
                [
                    276.64317238137517,
                    412.70331392160443
                ],
                [
                    279.94125122955455,
                    412.5250393892704
                ],
                [
                    286.4482716597463,
                    421.7061778044724
                ],
                [
                    289.6572132417587,
                    426.69786470982507
                ],
                [
                    297.5904299306227,
                    433.65057147085184
                ],
                [
                    303.02780316681026,
                    436.7703757866973
                ],
                [
                    307.84121553982885,
                    439.71190557020856
                ],
                [
                    311.3175689203423,
                    446.3080632665674
                ],
                [
                    311.6741179850103,
                    453.6173190922622
                ],
                [
                    310.96101985567424,
                    465.1160264278066
                ],
                [
                    309.356549064668,
                    471.80132139033236
                ],
                [
                    308.2869018706639,
                    474.7428511738437
                ],
                [
                    304.1865876269814,
                    478.7540281513592
                ],
                [
                    301.0667833111361,
                    482.31951879803955
                ],
                [
                    295.5402728087814,
                    483.7457150567118
                ],
                [
                    288.94411511242265,
                    483.5674405243778
                ],
                [
                    281.27831022205976,
                    482.5869305965407
                ]
            ],
            "group_id": null,
            "description": "",
            "shape_type": "polygon",
            "flags": {},
            "mask": null
        }
    ],
    "imagePath": "IMG000820.jpeg",
    "imageData": null,
    "imageHeight": 512,
    "imageWidth": 512
}