{
    "version": "5.4.1",
    "flags": {},
    "shapes": [
        {
            "label": "other bt",
            "points": [
                [
                    214.50424654210144,
                    44.26110167435088
                ],
                [
                    248.15303728868395,
                    111.55868316751597
                ]
            ],
            "group_id": null,
            "description": "",
            "shape_type": "rectangle",
            "flags": {},
            "mask": null
        },
        {
            "label": "other bt",
            "points": [
                [
                    235.0959618719871,
                    45.09811954606907
                ],
                [
                    242.437516216696,
                    56.11045106313245
                ],
                [
                    244.53510317232713,
                    62.403211930025805
                ],
                [
                    243.31151078154232,
                    71.14315757848881
                ],
                [
                    245.05949991123492,
                    80.23270105289032
                ],
                [
                    245.05949991123492,
                    86.87505974572221
                ],
                [
                    242.78711404263453,
                    94.04181517746186
                ],
                [
                    242.26271730372676,
                    100.858972783263
                ],
                [
                    232.99837491635597,
                    106.1029401723408
                ],
                [
                    219.01446187881518,
                    104.70454886858673
                ],
                [
                    217.44127166209185,
                    98.76138582763188
                ],
                [
                    217.26647274912258,
                    87.92385322353776
                ],
                [
                    216.91687492318405,
                    78.13511409725919
                ],
                [
                    216.91687492318405,
                    65.899190189411
                ],
                [
                    218.31526622693815,
                    56.80964671500949
                ],
                [
                    226.18121731055484,
                    51.39088041296243
                ]
            ],
            "group_id": null,
            "description": "",
            "shape_type": "polygon",
            "flags": {},
            "mask": null
        }
    ],
    "imagePath": "IMG001074.jpeg",
    "imageData": null,
    "imageHeight": 512,
    "imageWidth": 512
}