{
    "version": "5.4.1",
    "flags": {},
    "shapes": [
        {
            "label": "multiple osteochondromas",
            "points": [
                [
                    79.84225369105252,
                    2.3511740487716715
                ],
                [
                    171.34114524423535,
                    142.10897464899185
                ]
            ],
            "group_id": null,
            "description": "",
            "shape_type": "rectangle",
            "flags": {},
            "mask": null
        },
        {
            "label": "multiple osteochondromas",
            "points": [
                [
                    271.90474707831135,
                    242.4770785025441
                ],
                [
                    389.36769168161993,
                    357.8424705236507
                ]
            ],
            "group_id": null,
            "description": "",
            "shape_type": "rectangle",
            "flags": {},
            "mask": null
        },
        {
            "label": "multiple osteochondromas",
            "points": [
                [
                    281.6933257952537,
                    409.58210088463187
                ],
                [
                    397.89773884924114,
                    472.50867835069
                ]
            ],
            "group_id": null,
            "description": "",
            "shape_type": "rectangle",
            "flags": {},
            "mask": null
        },
        {
            "label": "multiple osteochondromas",
            "points": [
                [
                    99.82269551468303,
                    62.03177606299353
                ],
                [
                    139.72341221040494,
                    35.969458221279226
                ],
                [
                    145.02813177110784,
                    40.58225783928175
                ],
                [
                    152.639251140812,
                    44.50313751458391
                ],
                [
                    163.0180502813177,
                    48.88529715168631
                ],
                [
                    170.16788968922165,
                    59.956016234892395
                ],
                [
                    169.24532976562114,
                    67.56713560459657
                ],
                [
                    169.70660972742138,
                    85.09577415300619
                ],
                [
                    168.32276984202062,
                    98.47289304521351
                ],
                [
                    166.01637003301934,
                    118.07729142172428
                ],
                [
                    166.93892995661986,
                    134.9140100274335
                ],
                [
                    163.0180502813177,
                    139.75744962633618
                ],
                [
                    153.10053110261228,
                    139.75744962633618
                ],
                [
                    144.33621182840744,
                    138.60424972183554
                ],
                [
                    131.6510128789005,
                    133.99145010383302
                ],
                [
                    117.58197404399279,
                    122.22881107792655
                ],
                [
                    113.66109436869063,
                    114.15641174642214
                ],
                [
                    111.12405457878924,
                    107.23721231941833
                ],
                [
                    112.04661450238973,
                    98.24225306431339
                ],
                [
                    107.66445486528733,
                    86.9408940002072
                ],
                [
                    107.20317490348708,
                    74.48633503160036
                ],
                [
                    105.5886950371862,
                    71.94929524169898
                ]
            ],
            "group_id": null,
            "description": "",
            "shape_type": "polygon",
            "flags": {},
            "mask": null
        },
        {
            "label": "multiple osteochondromas",
            "points": [
                [
                    329.0788365294088,
                    243.314801050493
                ],
                [
                    282.25892040668316,
                    266.3787991405057
                ],
                [
                    289.17811983368694,
                    281.1397579181138
                ],
                [
                    292.4070795662887,
                    290.1347171732187
                ],
                [
                    291.48451964268816,
                    294.97815677212134
                ],
                [
                    284.1040402538842,
                    288.98151726871805
                ],
                [
                    276.7235608650801,
                    286.4444774788167
                ],
                [
                    273.03332117067805,
                    286.4444774788167
                ],
                [
                    272.74376811119214,
                    290.3012773767483
                ],
                [
                    274.41716105607884,
                    294.97815677212134
                ],
                [
                    276.95420084598027,
                    299.82159637102404
                ],
                [
                    286.5876151537249,
                    301.34838764301185
                ],
                [
                    293.09899950898915,
                    302.81991612272566
                ],
                [
                    297.01987918429126,
                    305.5875958935272
                ],
                [
                    298.47374645286925,
                    317.01011359011966
                ],
                [
                    302.6688516172731,
                    323.72228185316584
                ],
                [
                    306.7241199428635,
                    333.6506974089217
                ],
                [
                    307.84281465337125,
                    338.1254762509525
                ],
                [
                    311.7808379618994,
                    345.7189525701492
                ],
                [
                    324.62323531098673,
                    349.0327496784026
                ],
                [
                    335.30611601371226,
                    354.483271844354
                ],
                [
                    351.6815546576213,
                    357.0203116342554
                ],
                [
                    364.3667536071282,
                    356.7896716533553
                ],
                [
                    388.5839516016415,
                    332.34183367794185
                ],
                [
                    388.35331162074135,
                    309.0471956070291
                ],
                [
                    383.97115198363895,
                    296.5926366384223
                ],
                [
                    379.12771238473636,
                    282.75423778441467
                ],
                [
                    370.349881602989,
                    262.1940727752423
                ],
                [
                    364.0572238563832,
                    254.64288347931534
                ],
                [
                    353.9879544666225,
                    247.6969606875954
                ],
                [
                    342.9172353834165,
                    244.00672099319337
                ]
            ],
            "group_id": null,
            "description": "",
            "shape_type": "polygon",
            "flags": {},
            "mask": null
        },
        {
            "label": "multiple osteochondromas",
            "points": [
                [
                    295.2574991601596,
                    455.16891033782065
                ],
                [
                    292.7404360615173,
                    451.8128262062976
                ],
                [
                    287.0071256701653,
                    448.73641575240134
                ],
                [
                    283.6510415386422,
                    447.6177210418937
                ],
                [
                    282.67218366694794,
                    430.97713722309163
                ],
                [
                    288.8250045747403,
                    422.72676373309736
                ],
                [
                    296.23635703185386,
                    416.85361650293197
                ],
                [
                    301.130646390325,
                    412.7983481773415
                ],
                [
                    313.99563556116357,
                    410.98046927276647
                ],
                [
                    322.5256827287848,
                    410.98046927276647
                ],
                [
                    337.34838764301185,
                    410.14144823988573
                ],
                [
                    367.8328185043467,
                    411.6796534668338
                ],
                [
                    392.16442845788913,
                    426.9218688975012
                ],
                [
                    397.05871781636034,
                    433.2145266441071
                ],
                [
                    389.22785484280644,
                    450.41445781816293
                ],
                [
                    383.21487077382756,
                    460.20303653510535
                ],
                [
                    376.6425393495948,
                    467.33471531459196
                ],
                [
                    369.2311868924813,
                    471.66965731780925
                ],
                [
                    358.18407662621775,
                    466.21602060408424
                ],
                [
                    338.3272455147061,
                    464.9574890547631
                ],
                [
                    335.2508350608099,
                    458.52499446934377
                ],
                [
                    331.8947509292868,
                    457.4062997588361
                ],
                [
                    324.0638879557329,
                    457.2664629200226
                ],
                [
                    309.8005303967597,
                    460.48271021273223
                ]
            ],
            "group_id": null,
            "description": "",
            "shape_type": "polygon",
            "flags": {},
            "mask": null
        }
    ],
    "imagePath": "IMG000663.jpeg",
    "imageData": null,
    "imageHeight": 512,
    "imageWidth": 512
}