{
    "version": "5.4.1",
    "flags": {},
    "shapes": [
        {
            "label": "osteochondroma",
            "points": [
                [
                    185.35443287887597,
                    62.70999915908933
                ],
                [
                    198.27082076537496,
                    83.48853619389206
                ]
            ],
            "group_id": null,
            "description": "",
            "shape_type": "rectangle",
            "flags": {},
            "mask": null
        },
        {
            "label": "osteochondroma",
            "points": [
                [
                    292.2422224903387,
                    68.70020803398742
                ],
                [
                    309.6512670330112,
                    100.33599865454292
                ]
            ],
            "group_id": null,
            "description": "",
            "shape_type": "rectangle",
            "flags": {},
            "mask": null
        },
        {
            "label": "osteochondroma",
            "points": [
                [
                    194.38614094623455,
                    63.135094772353035
                ],
                [
                    186.4212186064497,
                    72.92057078980297
                ],
                [
                    186.1936493967416,
                    74.85490907232214
                ],
                [
                    188.12798767926077,
                    74.62733986261401
                ],
                [
                    188.92447991323925,
                    74.85490907232214
                ],
                [
                    190.40367977634213,
                    76.22032433057097
                ],
                [
                    191.08638740546655,
                    77.35817037911167
                ],
                [
                    191.88287963944504,
                    79.0649394519227
                ],
                [
                    191.88287963944504,
                    80.20278550046338
                ],
                [
                    191.9966642442991,
                    82.7060468072529
                ],
                [
                    195.06884857535897,
                    83.16118522666918
                ],
                [
                    196.54804843846188,
                    80.43035471017153
                ],
                [
                    197.9134636967107,
                    76.90303195969538
                ],
                [
                    197.9134636967107,
                    72.92057078980297
                ],
                [
                    196.88940225302406,
                    68.3691865956402
                ],
                [
                    195.86534080933745,
                    65.52457147428848
                ]
            ],
            "group_id": null,
            "description": "",
            "shape_type": "polygon",
            "flags": {},
            "mask": null
        },
        {
            "label": "osteochondroma",
            "points": [
                [
                    298.0959827067536,
                    69.42643064607972
                ],
                [
                    303.47950250509007,
                    73.20188608906896
                ],
                [
                    306.8354628988583,
                    78.37565836279494
                ],
                [
                    308.72319062035297,
                    83.68926231959459
                ],
                [
                    308.9329381449634,
                    86.55581182260494
                ],
                [
                    308.8630223034266,
                    88.9329504348574
                ],
                [
                    304.9477351773637,
                    88.30370786102587
                ],
                [
                    302.4307648820375,
                    88.86303459332058
                ],
                [
                    301.9413539912797,
                    89.91177221637314
                ],
                [
                    301.0324480513008,
                    90.89059399788886
                ],
                [
                    299.77396290363765,
                    92.84823756092031
                ],
                [
                    299.42438369595345,
                    93.407564293215
                ],
                [
                    300.19345795285875,
                    95.50503953932014
                ],
                [
                    300.96253220976394,
                    96.69360884544639
                ],
                [
                    299.9137945867114,
                    98.65125240847784
                ],
                [
                    297.81631934060624,
                    99.35041082384622
                ],
                [
                    295.2993490452801,
                    98.51142072540416
                ],
                [
                    293.9010322145433,
                    97.18301973620426
                ],
                [
                    293.20187379917496,
                    95.71478706393066
                ],
                [
                    293.62136884839595,
                    92.84823756092031
                ],
                [
                    294.1107797391538,
                    91.44992073018356
                ],
                [
                    294.80993815452223,
                    89.00286627639424
                ],
                [
                    295.78875993603793,
                    82.92018806268938
                ]
            ],
            "group_id": null,
            "description": "",
            "shape_type": "polygon",
            "flags": {},
            "mask": null
        }
    ],
    "imagePath": "IMG001309.jpeg",
    "imageData": null,
    "imageHeight": 512,
    "imageWidth": 512
}