{
    "version": "5.4.1",
    "flags": {},
    "shapes": [
        {
            "label": "osteochondroma",
            "points": [
                [
                    169.71609531402248,
                    273.25715298077773
                ],
                [
                    192.67649924705466,
                    310.10718398440963
                ]
            ],
            "group_id": null,
            "description": "",
            "shape_type": "rectangle",
            "flags": {},
            "mask": null
        },
        {
            "label": "osteochondroma",
            "points": [
                [
                    191.84395416789783,
                    293.74569092878954
                ],
                [
                    186.27581338848944,
                    309.3995206671263
                ],
                [
                    184.2796874487015,
                    305.82750582750583
                ],
                [
                    181.4430874290029,
                    302.36055024787424
                ],
                [
                    179.3087704973804,
                    298.1528203034633
                ],
                [
                    178.6555759678846,
                    297.23834796216914
                ],
                [
                    177.87107258938244,
                    296.37217242851045
                ],
                [
                    175.1283255086072,
                    297.49962577396747
                ],
                [
                    172.40799106996286,
                    296.58229094848815
                ],
                [
                    170.99142682180036,
                    295.84486629924476
                ],
                [
                    170.46887119820371,
                    294.62556984418586
                ],
                [
                    170.42532489623733,
                    288.2242634551269
                ],
                [
                    171.2091583316323,
                    281.95359597196705
                ],
                [
                    174.29905774976197,
                    276.2007945106537
                ],
                [
                    178.39636888932662,
                    274.30972783085457
                ],
                [
                    183.22909484881313,
                    278.93233527036347
                ],
                [
                    186.4939103218344,
                    283.4341702388242
                ],
                [
                    186.53745662380078,
                    284.82765190174865
                ],
                [
                    186.27581338848944,
                    286.1814242095933
                ],
                [
                    185.43533930857873,
                    287.7573131094258
                ],
                [
                    185.6454578285564,
                    290.8040316491021
                ],
                [
                    187.32640598837781,
                    292.16980202895695
                ],
                [
                    189.0073541481992,
                    293.32545388883415
                ]
            ],
            "group_id": null,
            "description": "",
            "shape_type": "polygon",
            "flags": {},
            "mask": null
        }
    ],
    "imagePath": "IMG000695.jpeg",
    "imageData": null,
    "imageHeight": 512,
    "imageWidth": 512
}