{
    "version": "5.4.1",
    "flags": {},
    "shapes": [
        {
            "label": "osteochondroma",
            "points": [
                [
                    218.72671860921184,
                    337.32718503206655
                ],
                [
                    231.1081252981396,
                    365.3125563152594
                ]
            ],
            "group_id": null,
            "description": "",
            "shape_type": "rectangle",
            "flags": {},
            "mask": null
        },
        {
            "label": "osteochondroma",
            "points": [
                [
                    220.34562374578252,
                    338.1399431053874
                ],
                [
                    230.2955653075176,
                    352.7473041215516
                ],
                [
                    230.36613226894832,
                    357.05188876882704
                ],
                [
                    227.8257216574415,
                    356.9107548459655
                ],
                [
                    228.17855646459523,
                    357.82812534456525
                ],
                [
                    229.02536000176414,
                    360.36853595607204
                ],
                [
                    230.1544313846561,
                    361.8504421461177
                ],
                [
                    230.71896707610205,
                    363.0500804904404
                ],
                [
                    230.36613226894832,
                    363.7557501047478
                ],
                [
                    228.88422607890269,
                    364.4614197190553
                ],
                [
                    221.82752993582815,
                    362.55611176042515
                ],
                [
                    220.55732463007476,
                    361.8504421461177
                ],
                [
                    219.7105210929058,
                    358.88662976602643
                ],
                [
                    219.35768628575207,
                    355.78168346307365
                ],
                [
                    220.83959247579773,
                    342.1622599069398
                ],
                [
                    220.76902551436697,
                    340.5392197940327
                ]
            ],
            "group_id": null,
            "description": "",
            "shape_type": "polygon",
            "flags": {},
            "mask": null
        }
    ],
    "imagePath": "IMG000626.jpeg",
    "imageData": null,
    "imageHeight": 512,
    "imageWidth": 512
}