{
    "version": "5.4.1",
    "flags": {},
    "shapes": [
        {
            "label": "osteosarcoma",
            "points": [
                [
                    182.29578275580735,
                    153.90152446979016
                ],
                [
                    261.1756018570287,
                    290.4569102256679
                ]
            ],
            "group_id": null,
            "description": "",
            "shape_type": "rectangle",
            "flags": {},
            "mask": null
        },
        {
            "label": "osteosarcoma",
            "points": [
                [
                    253.754113500731,
                    288.1244424565458
                ],
                [
                    248.87713543802107,
                    289.184655078874
                ],
                [
                    241.66768960618901,
                    288.33648498101144
                ],
                [
                    235.09437134775388,
                    287.06422983421754
                ],
                [
                    229.58126571164698,
                    282.8233793449046
                ],
                [
                    224.70428764893708,
                    269.46470030356875
                ],
                [
                    224.06816007554016,
                    256.9541913600954
                ],
                [
                    218.5550544394333,
                    256.10602126223284
                ],
                [
                    213.25399132779205,
                    254.40968106650766
                ],
                [
                    206.4686305448913,
                    252.50129834631682
                ],
                [
                    201.37960995771576,
                    248.2604478570038
                ],
                [
                    197.56284451733407,
                    238.9305767805153
                ],
                [
                    189.29318606317375,
                    224.9357701657825
                ],
                [
                    186.3245907206547,
                    213.90955889356877
                ],
                [
                    184.41620800046385,
                    205.21581539047716
                ],
                [
                    183.99212295153256,
                    199.27862470543897
                ],
                [
                    182.9319103292043,
                    189.7367111044848
                ],
                [
                    185.68846314725772,
                    179.7707124545993
                ],
                [
                    187.5968458674486,
                    171.50105400043898
                ],
                [
                    192.47382393015852,
                    165.98794836433214
                ],
                [
                    196.07854684607452,
                    161.3230128260879
                ],
                [
                    204.77229034916613,
                    159.83871515482832
                ],
                [
                    212.61786375439513,
                    156.65807728784358
                ],
                [
                    217.7068843415707,
                    156.65807728784358
                ],
                [
                    230.21739328504395,
                    154.5376520431871
                ],
                [
                    234.88232882328822,
                    154.9617370921184
                ],
                [
                    239.12317931260122,
                    158.77850253250008
                ],
                [
                    246.12058261996762,
                    163.23139554627872
                ],
                [
                    249.51326301141796,
                    167.68428856005735
                ],
                [
                    252.6939008784027,
                    174.04556429402678
                ],
                [
                    257.35883641664697,
                    182.10318022372144
                ],
                [
                    260.963559332563,
                    188.46445595769092
                ],
                [
                    260.53947428363176,
                    198.4304546075764
                ],
                [
                    258.6310915634409,
                    206.91215558620235
                ],
                [
                    256.7227088432501,
                    218.574494431813
                ],
                [
                    256.29862379431876,
                    224.2996425923855
                ],
                [
                    256.29862379431876,
                    230.02479075295807
                ],
                [
                    256.29862379431876,
                    242.53529969643134
                ],
                [
                    256.5106663187844,
                    249.74474552826337
                ],
                [
                    257.5708789411126,
                    273.2814657439504
                ]
            ],
            "group_id": null,
            "description": "",
            "shape_type": "polygon",
            "flags": {},
            "mask": null
        }
    ],
    "imagePath": "IMG000111.jpeg",
    "imageData": null,
    "imageHeight": 512,
    "imageWidth": 512
}