{
    "version": "5.4.1",
    "flags": {},
    "shapes": [
        {
            "label": "multiple osteochondromas",
            "points": [
                [
                    124.05211941283193,
                    333.9609104403761
                ],
                [
                    238.05508824014515,
                    402.8377041068778
                ]
            ],
            "group_id": null,
            "description": "",
            "shape_type": "rectangle",
            "flags": {},
            "mask": null
        },
        {
            "label": "multiple osteochondromas",
            "points": [
                [
                    291.3620319973611,
                    360.0865907966354
                ],
                [
                    388.4756721095168,
                    402.8377041068778
                ]
            ],
            "group_id": null,
            "description": "",
            "shape_type": "rectangle",
            "flags": {},
            "mask": null
        },
        {
            "label": "multiple osteochondromas",
            "points": [
                [
                    128.3859106708751,
                    384.0634056690465
                ],
                [
                    127.28443271119092,
                    377.9265998936632
                ],
                [
                    126.18295475150673,
                    368.17065225074606
                ],
                [
                    125.08147679182254,
                    360.30295253871617
                ],
                [
                    126.34030874574732,
                    347.5572790052277
                ],
                [
                    128.8579726535969,
                    343.4660751549722
                ],
                [
                    134.36536245201785,
                    339.84693328743845
                ],
                [
                    139.2433362734764,
                    337.0145613911077
                ],
                [
                    202.18493396971553,
                    336.69985340262645
                ],
                [
                    204.85995187180572,
                    336.8572073968671
                ],
                [
                    208.16438575085826,
                    340.94841124712264
                ],
                [
                    220.7527052901061,
                    351.6484828554833
                ],
                [
                    224.68655514612107,
                    360.14559854447555
                ],
                [
                    227.2042190539706,
                    366.28240431985887
                ],
                [
                    229.7218829618202,
                    371.7897941182799
                ],
                [
                    234.75721077751933,
                    383.2766356978435
                ],
                [
                    235.22927276024114,
                    388.78402549626446
                ],
                [
                    235.85868873720352,
                    396.022309231332
                ],
                [
                    237.1175206911283,
                    400.74292905854986
                ],
                [
                    126.96972472270973,
                    401.2149910412717
                ],
                [
                    127.5991406996721,
                    395.2355392601289
                ],
                [
                    127.75649469391271,
                    390.51491943291103
                ],
                [
                    128.3859106708751,
                    386.2663615884149
                ]
            ],
            "group_id": null,
            "description": "",
            "shape_type": "polygon",
            "flags": {},
            "mask": null
        },
        {
            "label": "multiple osteochondromas",
            "points": [
                [
                    292.19141867533756,
                    396.96643319677554
                ],
                [
                    294.39437459470594,
                    387.52519354233965
                ],
                [
                    302.41942830097645,
                    368.3280062449867
                ],
                [
                    304.150322237623,
                    364.39415638897174
                ],
                [
                    304.3076762318636,
                    361.71913848688155
                ],
                [
                    376.37580559405745,
                    361.08972250991917
                ],
                [
                    378.8934695019071,
                    365.6529883428965
                ],
                [
                    382.9846733521626,
                    370.05890018163325
                ],
                [
                    386.6038152196963,
                    377.9265998936632
                ],
                [
                    387.8626471736211,
                    382.17515773815927
                ],
                [
                    386.7611692139369,
                    390.6722734271516
                ],
                [
                    385.6596912542527,
                    394.1340613004447
                ],
                [
                    384.0861513118468,
                    396.96643319677554
                ],
                [
                    382.82731935792197,
                    399.7988050931063
                ],
                [
                    381.8831953924784,
                    400.9002830527905
                ],
                [
                    292.82083465229994,
                    400.9002830527905
                ]
            ],
            "group_id": null,
            "description": "",
            "shape_type": "polygon",
            "flags": {},
            "mask": null
        }
    ],
    "imagePath": "IMG000968.jpeg",
    "imageData": null,
    "imageHeight": 512,
    "imageWidth": 512
}