{
    "version": "5.4.1",
    "flags": {},
    "shapes": [
        {
            "label": "osteochondroma",
            "points": [
                [
                    312.2836613385075,
                    86.24792879361853
                ],
                [
                    321.1142381964336,
                    96.81308324863716
                ]
            ],
            "group_id": null,
            "description": "",
            "shape_type": "rectangle",
            "flags": {},
            "mask": null
        },
        {
            "label": "osteochondroma",
            "points": [
                [
                    312.74311691637854,
                    89.69343065693431
                ],
                [
                    318.97182737866564,
                    96.1188372390831
                ],
                [
                    320.2831348444103,
                    94.87309514662569
                ],
                [
                    320.2831348444103,
                    92.57830708157255
                ],
                [
                    319.43078499167626,
                    90.93917274939173
                ],
                [
                    319.0373927519529,
                    89.56229991035984
                ],
                [
                    317.3982584197721,
                    87.79203483160455
                ],
                [
                    315.9558202074529,
                    87.20194647201947
                ],
                [
                    313.79216288897425,
                    87.79203483160455
                ],
                [
                    313.00537840952745,
                    88.97221155077476
                ]
            ],
            "group_id": null,
            "description": "",
            "shape_type": "polygon",
            "flags": {},
            "mask": null
        }
    ],
    "imagePath": "IMG000713.jpeg",
    "imageData": null,
    "imageHeight": 512,
    "imageWidth": 512
}