{
    "version": "5.4.1",
    "flags": {},
    "shapes": [
        {
            "label": "osteochondroma",
            "points": [
                [
                    410.845975785008,
                    187.5147708008846
                ],
                [
                    457.7683311963789,
                    265.0578182412722
                ]
            ],
            "group_id": null,
            "description": "",
            "shape_type": "rectangle",
            "flags": {},
            "mask": null
        },
        {
            "label": "osteochondroma",
            "points": [
                [
                    429.6311993561343,
                    187.9847160036569
                ],
                [
                    411.2278925119357,
                    238.39377388124424
                ],
                [
                    411.62796439985306,
                    240.59416926478974
                ],
                [
                    415.0285754471506,
                    238.9938817131203
                ],
                [
                    417.62904271861345,
                    237.99370199332688
                ],
                [
                    419.02929432632425,
                    244.79492408792203
                ],
                [
                    423.83015698133255,
                    252.59632590231055
                ],
                [
                    426.63066019675404,
                    258.19733233315355
                ],
                [
                    429.83123530009294,
                    261.19787149253375
                ],
                [
                    434.63209795510124,
                    262.1980512123272
                ],
                [
                    439.2329246661509,
                    262.3980871562859
                ],
                [
                    441.6333559936551,
                    260.19769177274037
                ],
                [
                    442.83357165740716,
                    256.1969728935668
                ],
                [
                    447.63443431241546,
                    256.1969728935668
                ],
                [
                    452.83536885534113,
                    249.39575079897165
                ],
                [
                    455.43583612680396,
                    242.59452870437656
                ],
                [
                    455.8359080147214,
                    237.19355821749218
                ],
                [
                    452.6353329113825,
                    232.79276745040121
                ],
                [
                    443.2336435453245,
                    212.18906522265718
                ],
                [
                    439.03288872219224,
                    202.58733991264054
                ]
            ],
            "group_id": null,
            "description": "",
            "shape_type": "polygon",
            "flags": {},
            "mask": null
        }
    ],
    "imagePath": "IMG001123.jpeg",
    "imageData": null,
    "imageHeight": 512,
    "imageWidth": 512
}