{
    "version": "5.4.1",
    "flags": {},
    "shapes": [
        {
            "label": "multiple osteochondromas",
            "points": [
                [
                    237.10131826741994,
                    252.14312617702447
                ],
                [
                    256.0,
                    333.5231638418079
                ]
            ],
            "group_id": null,
            "description": "",
            "shape_type": "rectangle",
            "flags": {},
            "mask": null
        },
        {
            "label": "multiple osteochondromas",
            "points": [
                [
                    237.95896520963424,
                    252.87897710377635
                ],
                [
                    242.0695807314897,
                    252.7267320844484
                ],
                [
                    246.78917633065714,
                    253.94469223907222
                ],
                [
                    250.13856675587272,
                    254.85816235504012
                ],
                [
                    253.94469223907222,
                    256.5328575676479
                ],
                [
                    254.09693725840023,
                    262.01367826345523
                ],
                [
                    252.26999702646447,
                    269.01694915254234
                ],
                [
                    252.1177520071365,
                    272.21409455842996
                ],
                [
                    251.9655069878085,
                    277.6949152542373
                ],
                [
                    251.8132619684805,
                    282.71900089206065
                ],
                [
                    251.9655069878085,
                    288.6565566458519
                ],
                [
                    252.57448706512042,
                    293.0716622063633
                ],
                [
                    253.03122212310438,
                    301.2928932500743
                ],
                [
                    253.4879571810883,
                    306.92595896520965
                ],
                [
                    253.33571216176034,
                    313.92922985429675
                ],
                [
                    253.33571216176034,
                    318.03984537615224
                ],
                [
                    249.52958667856078,
                    326.71781147784714
                ],
                [
                    247.55040142729706,
                    330.0672019030627
                ],
                [
                    241.61284567350577,
                    331.28516205768653
                ],
                [
                    237.50223015165028,
                    330.6761819803747
                ]
            ],
            "group_id": null,
            "description": "",
            "shape_type": "polygon",
            "flags": {},
            "mask": null
        }
    ],
    "imagePath": "IMG001105.jpeg",
    "imageData": null,
    "imageHeight": 512,
    "imageWidth": 512
}