{
    "version": "5.4.1",
    "flags": {},
    "shapes": [
        {
            "label": "osteosarcoma",
            "points": [
                [
                    186.5864880256572,
                    90.25950903695708
                ],
                [
                    252.64097952821984,
                    172.79980817072803
                ]
            ],
            "group_id": null,
            "description": "",
            "shape_type": "rectangle",
            "flags": {},
            "mask": null
        },
        {
            "label": "osteosarcoma",
            "points": [
                [
                    189.41405149417017,
                    100.82546533585108
                ],
                [
                    195.85951503162184,
                    97.44927014956687
                ],
                [
                    207.98312501873332,
                    93.61268471060755
                ],
                [
                    219.9532715882864,
                    92.99883104037406
                ],
                [
                    227.93336930132182,
                    92.99883104037406
                ],
                [
                    240.36390612355004,
                    101.89970925875969
                ],
                [
                    243.58663789227583,
                    113.10253874052093
                ],
                [
                    247.57668674879355,
                    123.69151455204866
                ],
                [
                    249.72517459461076,
                    132.13200251775916
                ],
                [
                    244.9678086503012,
                    135.20127086892663
                ],
                [
                    247.7301501663519,
                    145.0229295926625
                ],
                [
                    249.41824775949405,
                    149.47336870185532
                ],
                [
                    251.2598087701945,
                    156.99307616221563
                ],
                [
                    251.87366244042798,
                    163.43853969966727
                ],
                [
                    250.1855648472859,
                    168.04244222641847
                ],
                [
                    244.20049156250934,
                    169.88400323711895
                ],
                [
                    234.6857596738902,
                    170.8047837424692
                ],
                [
                    226.09180829062134,
                    171.72556424781942
                ],
                [
                    214.27512513862658,
                    169.11668614932708
                ],
                [
                    206.60195426070794,
                    164.3593202050175
                ],
                [
                    199.5426370530228,
                    155.3049785690735
                ],
                [
                    195.3991247789467,
                    145.0229295926625
                ],
                [
                    190.9486856697539,
                    135.5081977040434
                ],
                [
                    188.49327098881994,
                    126.9142463207745
                ],
                [
                    188.80019782393668,
                    116.78566076192187
                ],
                [
                    188.49327098881994,
                    102.05317267631807
                ]
            ],
            "group_id": null,
            "description": "",
            "shape_type": "polygon",
            "flags": {},
            "mask": null
        }
    ],
    "imagePath": "IMG001574.jpeg",
    "imageData": null,
    "imageHeight": 512,
    "imageWidth": 512
}