{
    "version": "5.4.1",
    "flags": {},
    "shapes": [
        {
            "label": "osteochondroma",
            "points": [
                [
                    200.4781590681998,
                    108.2482215560825
                ],
                [
                    219.56753612813748,
                    139.936587475579
                ]
            ],
            "group_id": null,
            "description": "",
            "shape_type": "rectangle",
            "flags": {},
            "mask": null
        },
        {
            "label": "osteochondroma",
            "points": [
                [
                    218.45156436791987,
                    109.9502936694871
                ],
                [
                    216.63073147912579,
                    138.8034917534544
                ],
                [
                    211.58842501784994,
                    139.08361989019195
                ],
                [
                    209.2073358555808,
                    134.1813774972849
                ],
                [
                    206.96631076168043,
                    130.53971171969678
                ],
                [
                    204.86534973614883,
                    128.01855848905885
                ],
                [
                    201.9240043004046,
                    125.91759746352726
                ],
                [
                    201.78394023203583,
                    117.23362522466331
                ],
                [
                    203.60477312082986,
                    115.6929204726068
                ],
                [
                    209.06727178721204,
                    114.43234385728785
                ],
                [
                    211.58842501784994,
                    112.75157503686256
                ],
                [
                    215.23009079543806,
                    110.23042180622464
                ],
                [
                    216.77079554749457,
                    109.24997332764323
                ]
            ],
            "group_id": null,
            "description": "",
            "shape_type": "polygon",
            "flags": {},
            "mask": null
        }
    ],
    "imagePath": "IMG000703.jpeg",
    "imageData": null,
    "imageHeight": 512,
    "imageWidth": 512
}