{
    "version": "5.4.1",
    "flags": {},
    "shapes": [
        {
            "label": "osteochondroma",
            "points": [
                [
                    305.14840546147536,
                    155.576546385057
                ],
                [
                    333.65080478454337,
                    187.30921763140609
                ]
            ],
            "group_id": null,
            "description": "",
            "shape_type": "rectangle",
            "flags": {},
            "mask": null
        },
        {
            "label": "osteochondroma",
            "points": [
                [
                    305.6597542391397,
                    159.992300267444
                ],
                [
                    309.62467399210664,
                    183.21540167767878
                ],
                [
                    317.41290922114877,
                    185.76427866172895
                ],
                [
                    319.3953690976323,
                    184.63144444659554
                ],
                [
                    327.60841715734944,
                    180.66652469362865
                ],
                [
                    331.714941187208,
                    173.3031022952615
                ],
                [
                    332.13975401788304,
                    165.79807562000272
                ],
                [
                    327.89162571113275,
                    159.8506959905523
                ],
                [
                    326.475582942216,
                    157.30181900650217
                ],
                [
                    320.386599035874,
                    157.0186104527188
                ],
                [
                    316.8464921135821,
                    160.5587173750107
                ],
                [
                    314.5808236833153,
                    162.2579686977108
                ],
                [
                    310.4742996534567,
                    162.68278152838585
                ]
            ],
            "group_id": null,
            "description": "",
            "shape_type": "polygon",
            "flags": {},
            "mask": null
        }
    ],
    "imagePath": "IMG000986.jpeg",
    "imageData": null,
    "imageHeight": 512,
    "imageWidth": 512
}