{
    "version": "5.4.1",
    "flags": {},
    "shapes": [
        {
            "label": "osteochondroma",
            "points": [
                [
                    239.1324231057765,
                    39.75393848462116
                ],
                [
                    313.2629557389348,
                    131.16879219804952
                ]
            ],
            "group_id": null,
            "description": "",
            "shape_type": "rectangle",
            "flags": {},
            "mask": null
        },
        {
            "label": "osteochondroma",
            "points": [
                [
                    310.9062987780844,
                    43.99527000394167
                ],
                [
                    309.69541978715023,
                    87.38510051241626
                ],
                [
                    303.4392116673236,
                    86.17422152148207
                ],
                [
                    300.4120141899882,
                    88.79779266850612
                ],
                [
                    295.56849822625145,
                    96.87031927473394
                ],
                [
                    293.14674024438307,
                    102.92471422940483
                ],
                [
                    288.9086637761135,
                    110.59361450532126
                ],
                [
                    285.07421363815524,
                    119.27158060701618
                ],
                [
                    280.83613716988566,
                    126.13322822230982
                ],
                [
                    269.7364130863224,
                    126.9404808829326
                ],
                [
                    251.3714150571541,
                    115.43713046905795
                ],
                [
                    241.68438312968073,
                    105.34647221127317
                ],
                [
                    242.89526212061492,
                    93.64130863224281
                ],
                [
                    249.55509657075285,
                    78.90894757587702
                ],
                [
                    261.2602601497832,
                    65.18565234528971
                ],
                [
                    278.41437918801734,
                    54.89318092234924
                ],
                [
                    287.4959716200236,
                    45.81158849034293
                ],
                [
                    301.62289318092235,
                    44.39889633425306
                ],
                [
                    300.2102010248325,
                    49.64603862830115
                ],
                [
                    302.22833267638947,
                    51.260543949546715
                ],
                [
                    305.86096964919193,
                    49.64603862830115
                ]
            ],
            "group_id": null,
            "description": "",
            "shape_type": "polygon",
            "flags": {},
            "mask": null
        }
    ],
    "imagePath": "IMG001450.jpeg",
    "imageData": null,
    "imageHeight": 512,
    "imageWidth": 512
}