{
    "version": "5.4.1",
    "flags": {},
    "shapes": [
        {
            "label": "simple bone cyst",
            "points": [
                [
                    236.7863142921315,
                    164.76993336827132
                ],
                [
                    296.5841730927604,
                    266.7329490154975
                ]
            ],
            "group_id": null,
            "description": "",
            "shape_type": "rectangle",
            "flags": {},
            "mask": null
        },
        {
            "label": "simple bone cyst",
            "points": [
                [
                    288.424035797997,
                    166.64819944598338
                ],
                [
                    280.9235030897081,
                    171.8303856808012
                ],
                [
                    274.1048369912636,
                    174.42147879821013
                ],
                [
                    269.7408906882591,
                    183.01299808225016
                ],
                [
                    263.87683784359683,
                    193.51374387385468
                ],
                [
                    260.058384828468,
                    200.74152993820584
                ],
                [
                    258.28553164287234,
                    204.69635627530366
                ],
                [
                    248.19390581717454,
                    219.69742169188152
                ],
                [
                    244.37545280204563,
                    229.6526741956105
                ],
                [
                    238.92051992329002,
                    247.51757937353506
                ],
                [
                    237.96590666950777,
                    258.1546984871085
                ],
                [
                    238.78414660132114,
                    264.2914979757085
                ],
                [
                    244.10270615810785,
                    264.973364585553
                ],
                [
                    251.87598551033454,
                    264.2914979757085
                ],
                [
                    259.78563818453017,
                    257.6092051992329
                ],
                [
                    267.83166418069464,
                    241.92627317281057
                ],
                [
                    276.28681014276583,
                    231.28915405923718
                ],
                [
                    287.4694225442148,
                    204.28723630939697
                ],
                [
                    293.7425953547837,
                    188.33155763903684
                ],
                [
                    294.6972086085659,
                    183.9676113360324
                ],
                [
                    293.19710206690814,
                    170.875772427019
                ],
                [
                    290.33326230556145,
                    167.33006605582784
                ]
            ],
            "group_id": null,
            "description": "",
            "shape_type": "polygon",
            "flags": {},
            "mask": null
        }
    ],
    "imagePath": "IMG001366.jpeg",
    "imageData": null,
    "imageHeight": 512,
    "imageWidth": 512
}